researcher_name,profile_url,google_scholar_id,affiliation,researcher_total_citations,researcher_keywords,researcher_homepage,paper_title,paper_citations,paper_year,paper_url,paper_abstract
seth hutchinson,https://scholar.google.com/citations?user=-JPZ21IAAAAJ&hl=en,-JPZ21IAAAAJ,Northeastern University,33544,robotics,https://www.cc.gatech.edu/~seth/,Robot Modeling and Control,6130,2006,https://scholar.google.com/citations?view_op=view_citation&hl=en&user=-JPZ21IAAAAJ&pagesize=50&citation_for_view=-JPZ21IAAAAJ:KI9T_ytC6pkC,"• Page 49: In the paragraph immediately before Example 2.5, change” We first rotate the frame o2x2y2z2” to” We first rotate the frame o1x1y1z1”• Page 50: In Equation (2.18) the (1, 2) element of the matrix Rz, θ should be− sθ.• Equation (2.67), page 62: The (3, 2) element of the matrix H01 should be sz."
seth hutchinson,https://scholar.google.com/citations?user=-JPZ21IAAAAJ&hl=en,-JPZ21IAAAAJ,Northeastern University,33544,robotics,https://www.cc.gatech.edu/~seth/,A tutorial on visual servo control,5031,2002,https://scholar.google.com/citations?view_op=view_citation&hl=en&user=-JPZ21IAAAAJ&pagesize=50&citation_for_view=-JPZ21IAAAAJ:u5HHmVD_uO8C,"This article provides a tutorial introduction to visual servo control of robotic manipulators. Since the topic spans many disciplines our goal is limited to providing a basic conceptual framework. We begin by reviewing the prerequisite topics from robotics and computer vision, including a brief review of coordinate transformations, velocity representation, and a description of the geometric aspects of the image formation process. We then present a taxonomy of visual servo control systems. The two major classes of systems, position-based and image-based systems, are then discussed in detail. Since any visual servo system must be capable of tracking image features in a sequence of images, we also include an overview of feature-based and correlation-based methods for tracking. We conclude the tutorial with a number of observations on the current directions of the research field of visual servo control."
seth hutchinson,https://scholar.google.com/citations?user=-JPZ21IAAAAJ&hl=en,-JPZ21IAAAAJ,Northeastern University,33544,robotics,https://www.cc.gatech.edu/~seth/,"Principles of robot motion: theory, algorithms, and implementations.",4659,2005,https://scholar.google.com/citations?view_op=view_citation&hl=en&user=-JPZ21IAAAAJ&pagesize=50&citation_for_view=-JPZ21IAAAAJ:NJ774b8OgUMC,"A text that makes the mathematical underpinnings of robot motion accessible and relates low-level details of implementation to high-level algorithmic concepts. Robot motion planning has become a major focus of robotics. Research findings can be applied not only to robotics but to planning routes on circuit boards, directing digital actors in computer graphics, robot-assisted surgery and medicine, and in novel areas such as drug design and protein folding. This text reflects the great advances that have taken place in the last ten years, including sensor-based planning, probabalistic planning, localization and mapping, and motion planning for dynamic and nonholonomic systems. Its presentation makes the mathematical underpinnings of robot motion accessible to students of computer science and engineering, rleating low-level implementation details to high-level algorithmic concepts."
seth hutchinson,https://scholar.google.com/citations?user=-JPZ21IAAAAJ&hl=en,-JPZ21IAAAAJ,Northeastern University,33544,robotics,https://www.cc.gatech.edu/~seth/,Visual servo control. I. Basic approaches,3372,2006,https://scholar.google.com/citations?view_op=view_citation&hl=en&user=-JPZ21IAAAAJ&pagesize=50&citation_for_view=-JPZ21IAAAAJ:d1gkVwhDpl0C,"This paper is the first of a two-part series on the topic of visual servo control using computer vision data in the servo loop to control the motion of a robot. In this paper, we describe the basic techniques that are by now well established in the field. We first give a general overview of the formulation of the visual servo control problem. We then describe the two archetypal visual servo control schemes: image-based and position-based visual servo control. Finally, we discuss performance and stability issues that pertain to these two schemes, motivating the second article in the series, in which we consider advanced techniques"
seth hutchinson,https://scholar.google.com/citations?user=-JPZ21IAAAAJ&hl=en,-JPZ21IAAAAJ,Northeastern University,33544,robotics,https://www.cc.gatech.edu/~seth/,Visual servo control. II. Advanced approaches [Tutorial],1483,2007,https://scholar.google.com/citations?view_op=view_citation&hl=en&user=-JPZ21IAAAAJ&pagesize=50&citation_for_view=-JPZ21IAAAAJ:FsLZdJ3BAzkC,"This article is the second of a two-part tutorial on visual servo control. In this tutorial, we have only considered velocity controllers. It is convenient for most of classical robot arms. However, the dynamics of the robot must of course be taken into account for high speed task, or when we deal with mobile nonholonomic or underactuated robots. As for the sensor, geometrical features coming from a classical perspective camera is considered. Features related to the image motion or coming from other vision sensors necessitate to revisit the modeling issues to select adequate visual features. Finally, fusing visual features with data coming from other sensors at the level of the control scheme will allow to address new research topics"
seth hutchinson,https://scholar.google.com/citations?user=-JPZ21IAAAAJ&hl=en,-JPZ21IAAAAJ,Northeastern University,33544,robotics,https://www.cc.gatech.edu/~seth/,"Robot modeling and control, 2nd edition",1115,2020,https://scholar.google.com/citations?view_op=view_citation&hl=en&user=-JPZ21IAAAAJ&pagesize=50&citation_for_view=-JPZ21IAAAAJ:zGdJYJv2LkUC,
seth hutchinson,https://scholar.google.com/citations?user=-JPZ21IAAAAJ&hl=en,-JPZ21IAAAAJ,Northeastern University,33544,robotics,https://www.cc.gatech.edu/~seth/,A new partitioned approach to image-based visual servo control,651,2002,https://scholar.google.com/citations?view_op=view_citation&hl=en&user=-JPZ21IAAAAJ&pagesize=50&citation_for_view=-JPZ21IAAAAJ:9yKSN-GCB0IC,"In image-based visual servo control, where control is effected with respect to the image, there is no direct control over the Cartesian velocities of the robot end effector. As a result, the robot executes trajectories that are desirable in the image, but which can be indirect and seemingly contorted in Cartesian space. We introduce a partitioned approach to visual servo control that overcomes this problem. In particular, we decouple the x-axis rotational and translational components of the control from the remaining degrees of freedom. Then, to guarantee that all features remain in the image throughout the entire trajectory, we incorporate a potential function that repels feature points from the boundary of the image plane. We illustrate our control scheme with a variety of results."
seth hutchinson,https://scholar.google.com/citations?user=-JPZ21IAAAAJ&hl=en,-JPZ21IAAAAJ,Northeastern University,33544,robotics,https://www.cc.gatech.edu/~seth/,Optimal motion planning for multiple robots having independent goals,575,2002,https://scholar.google.com/citations?view_op=view_citation&hl=en&user=-JPZ21IAAAAJ&pagesize=50&citation_for_view=-JPZ21IAAAAJ:qjMakFHDy7sC,"This work makes two contributions to geometric motion planning for multiple robots: 1) motion plans are computed that simultaneously optimize an independent performance measure for each robot; 2) a general spectrum is defined between decoupled and centralized planning, in which we introduce coordination along independent roadmaps. By considering independent performance measures, we introduce a form of optimality that is consistent with concepts from multiobjective optimization and game theory literature. We present implemented, multiple-robot motion planning algorithms that are derived from the principle of optimality, for three problem classes along the spectrum between centralized and decoupled planning: 1) coordination along fixed, independent paths; 2) coordination along independent roadmaps; and 3) general, unconstrained motion planning. Computed examples are presented for all three …"
seth hutchinson,https://scholar.google.com/citations?user=-JPZ21IAAAAJ&hl=en,-JPZ21IAAAAJ,Northeastern University,33544,robotics,https://www.cc.gatech.edu/~seth/,Visual Servoing and Visual Tracking,496,2008,https://scholar.google.com/citations?view_op=view_citation&hl=en&user=-JPZ21IAAAAJ&pagesize=50&citation_for_view=-JPZ21IAAAAJ:_FxGoFyzp5QC,"This chapter introduces visual servo control, using computer vision data in the servo loop to control the motion of a robot. We first describe the basic tech- niques that are by now well established in the field. We give a general overview of the formulation of the visual servo control problem, and describe the two archetypal visual servo control schemes: image-based and position-based visual servo control. We then dis- cuss performance and stability issues that pertain to these two schemes, motivating advanced techniques. Of the many advanced techniques that have been de- veloped, we discuss 2 1/2 D, hybrid, partitioned and switched approaches. Having covered a variety of control schemes, we conclude by turning briefly to the problems of target tracking and controlling mo- tion directly in the joint space."
seth hutchinson,https://scholar.google.com/citations?user=-JPZ21IAAAAJ&hl=en,-JPZ21IAAAAJ,Northeastern University,33544,robotics,https://www.cc.gatech.edu/~seth/,A biomimetic robotic platform to study flight specializations of bats,316,2017,https://scholar.google.com/citations?view_op=view_citation&hl=en&user=-JPZ21IAAAAJ&pagesize=50&citation_for_view=-JPZ21IAAAAJ:LgRImbQfgY4C,"Bats have long captured the imaginations of scientists and engineers with their unrivaled agility and maneuvering characteristics, achieved by functionally versatile dynamic wing conformations as well as more than 40 active and passive joints on the wings. Wing flexibility and complex wing kinematics not only bring a unique perspective to research in biology and aerial robotics but also pose substantial technological challenges for robot modeling, design, and control. We have created a fully self-contained, autonomous flying robot that weighs 93 grams, called Bat Bot (B2), to mimic such morphological properties of bat wings. Instead of using a large number of distributed control actuators, we implement highly stretchable silicone-based membrane wings that are controlled at a reduced number of dominant wing joints to best match the morphological characteristics of bat flight. First, the dominant degrees of freedom …"
seth hutchinson,https://scholar.google.com/citations?user=-JPZ21IAAAAJ&hl=en,-JPZ21IAAAAJ,Northeastern University,33544,robotics,https://www.cc.gatech.edu/~seth/,Planning Sensing Strategies in a Robot Work Cell with Multi-Sensor Capabilities,290,1989,https://scholar.google.com/citations?view_op=view_citation&hl=en&user=-JPZ21IAAAAJ&pagesize=50&citation_for_view=-JPZ21IAAAAJ:Vr2j17o0sqMC,"In this paper we present an approach to planning sensing strategies in a robot work cell with multi-sensor capabilities. The system first forms an initial set of object hypotheses by using one of the sensors. Subsequently, the system reasons over different possibilities for selecting the next sensing operation, this being done in a manner so as to maximally disambiguate the initial set of hypotheses. The “next sensing operation “is characterized by both the choice of the sensor and the viewpoint to be used. Aspect graph representation of objects plays a central role in the selection of the viewpoint, these representations being derived automatically by a solid modelling program."
seth hutchinson,https://scholar.google.com/citations?user=-JPZ21IAAAAJ&hl=en,-JPZ21IAAAAJ,Northeastern University,33544,robotics,https://www.cc.gatech.edu/~seth/,Stable visual servoing through hybrid switched-system control,268,2007,https://scholar.google.com/citations?view_op=view_citation&hl=en&user=-JPZ21IAAAAJ&pagesize=50&citation_for_view=-JPZ21IAAAAJ:eQOLeE2rZwMC,"Visual servoing methods are commonly classified as image-based or position-based, depending on whether image features or the camera position define the signal error in the feedback loop of the control law. Choosing one method over the other gives asymptotic stability of the chosen error but surrenders control over the other. This can lead to system failure if feature points are lost or the robot moves to the end of its reachable space. We present a hybrid switched-system visual servo method that utilizes both image-based and position-based control laws. We prove the stability of a specific, state-based switching scheme and present simulated and experimental results."
seth hutchinson,https://scholar.google.com/citations?user=-JPZ21IAAAAJ&hl=en,-JPZ21IAAAAJ,Northeastern University,33544,robotics,https://www.cc.gatech.edu/~seth/,Robot Modeling and Control,261,2008,https://scholar.google.com/citations?view_op=view_citation&hl=en&user=-JPZ21IAAAAJ&pagesize=50&citation_for_view=-JPZ21IAAAAJ:v1_lew4L6wgC,
seth hutchinson,https://scholar.google.com/citations?user=-JPZ21IAAAAJ&hl=en,-JPZ21IAAAAJ,Northeastern University,33544,robotics,https://www.cc.gatech.edu/~seth/,A framework for real-time path planning in changing environments,219,2002,https://scholar.google.com/citations?view_op=view_citation&hl=en&user=-JPZ21IAAAAJ&pagesize=50&citation_for_view=-JPZ21IAAAAJ:UebtZRa9Y70C,"We present a new method for generating collision-free paths for robots operating in changing environments. Our approach is closely related to recent probabilistic roadmap approaches. These planners use preprocessing and query stages, and are aimed at planning many times in the same environment. In contrast, our preprocessing stage creates a representation of the configuration space that can be easily modified in real time to account for changes in the environment, thus facilitating real-time planning. As with previous approaches, we begin by constructing a graph that represents a roadmap in the configuration space, but we do not construct this graph for a specific workspace. Instead, we construct the graph for an obstacle-free workspace, and encode the mapping from workspace cells to nodes and arcs in the graph. When the environment changes, this mapping is used to make the appropriate modifications …"
seth hutchinson,https://scholar.google.com/citations?user=-JPZ21IAAAAJ&hl=en,-JPZ21IAAAAJ,Northeastern University,33544,robotics,https://www.cc.gatech.edu/~seth/,Visual compliance: Task-directed visual servo control,215,2002,https://scholar.google.com/citations?view_op=view_citation&hl=en&user=-JPZ21IAAAAJ&pagesize=50&citation_for_view=-JPZ21IAAAAJ:IjCSPb-OGe4C,"This paper introduces visual compliance, a new vision-based control scheme that lends itself to task-level specification of manipulation goals. Visual compliance is effected by a hybrid vision/position control structure. Specifically, the two degrees of freedom parallel to the image plane of a supervisory camera are controlled using visual feedback, and the remaining degree of freedom (perpendicular to the camera image plane) is controlled using position feedback provided by the robot joint encoders. With visual compliance, the motion of the end effector is constrained so that the tool center of the end effector maintains ""contact"" with a specified projection ray of the imaging system. This type of constrained motion can be exploited for grasping, parts mating, and assembly. The authors begin by deriving the projection equations for the vision system. They then derive equations used to position the manipulator prior to the …"
seth hutchinson,https://scholar.google.com/citations?user=-JPZ21IAAAAJ&hl=en,-JPZ21IAAAAJ,Northeastern University,33544,robotics,https://www.cc.gatech.edu/~seth/,Coordinating the motions of multiple robots with specified trajectories,177,2002,https://scholar.google.com/citations?view_op=view_citation&hl=en&user=-JPZ21IAAAAJ&pagesize=50&citation_for_view=-JPZ21IAAAAJ:zYLM7Y9cAGgC,"Coordinating the motions of multiple robots operating in a shared workspace without collisions is an important capability. We address the task of coordinating the motions of multiple robots when their trajectories (defined by both the path and velocity along the path) are specified. This problem of collision-free trajectory coordination arises in welding and painting workcells in the automotive industry. We identify sufficient and necessary conditions for collision-free coordination of the robots when only the robot start times can be varied, and define corresponding optimization problems. We develop mixed integer programming formulations of these problems to automatically generate minimum time solutions. This method is applicable to both mobile robots and articulated arms, and places no restrictions on the number of degrees of freedom of the robots. The primary advantage of this method is its ability to coordinate the …"
seth hutchinson,https://scholar.google.com/citations?user=-JPZ21IAAAAJ&hl=en,-JPZ21IAAAAJ,Northeastern University,33544,robotics,https://www.cc.gatech.edu/~seth/,Path planning for permutation-invariant multirobot formations,175,2006,https://scholar.google.com/citations?view_op=view_citation&hl=en&user=-JPZ21IAAAAJ&pagesize=50&citation_for_view=-JPZ21IAAAAJ:M3ejUd6NZC8C,"In many multirobot applications, the specific assignment of goal configurations to robots is less important than the overall behavior of the robot formation. In such cases, it is convenient to define a permutation-invariant multirobot formation as a set of robot configurations, without assigning specific configurations to specific robots. For the case of robots that translate in the plane, we can represent such a formation by the coefficients of a complex polynomial whose roots represent the robot configurations. Since these coefficients are invariant with respect to permutation of the roots of the polynomial, they provide an effective representation for permutation-invariant formations. In this paper, we extend this idea to build a full representation of a permutation-invariant formation space. We describe the properties of the representation, and show how it can be used to construct collision-free paths for permutation-invariant …"
seth hutchinson,https://scholar.google.com/citations?user=-JPZ21IAAAAJ&hl=en,-JPZ21IAAAAJ,Northeastern University,33544,robotics,https://www.cc.gatech.edu/~seth/,Estimating uncertainty in SSD-based feature tracking,162,2002,https://scholar.google.com/citations?view_op=view_citation&hl=en&user=-JPZ21IAAAAJ&pagesize=50&citation_for_view=-JPZ21IAAAAJ:Y0pCki6q_DkC,"Sum-of-squared-differences (SSD) based feature trackers have enjoyed growing popularity in recent years, particularly in the field of visual servo control of robotic manipulators. These trackers use SSD correlation measures to locate target features in sequences of images. The results can then be used to estimate the motion of objects in the scene, to infer the 3D structure of the scene, or to control robot motions. The reliability of the information provided by these trackers can be degraded by a variety of factors, including changes in illumination, poor image contrast, occlusion of features, or unmodeled changes in objects. This has led other researchers to develop confidence measures that are used to either accept or reject individual features that are located by the tracker. In this paper, we derive quantitative measures for the spatial uncertainty of the results provided by SSD-based feature trackers. Unlike previous …"
seth hutchinson,https://scholar.google.com/citations?user=-JPZ21IAAAAJ&hl=en,-JPZ21IAAAAJ,Northeastern University,33544,robotics,https://www.cc.gatech.edu/~seth/,Optimal paths for landmark-based navigation by differential-drive vehicles with field-of-view constraints,158,2007,https://scholar.google.com/citations?view_op=view_citation&hl=en&user=-JPZ21IAAAAJ&pagesize=50&citation_for_view=-JPZ21IAAAAJ:Se3iqnhoufwC,"In this paper, we consider the problem of planning optimal paths for a differential-drive robot with limited sensing, that must maintain visibility of a fixed landmark as it navigates in its environment. In particular, we assume that the robot's vision sensor has a limited field of view (FOV), and that the fixed landmark must remain within the FOV throughout the robot's motion. We first investigate the nature of extremal paths that satisfy the FOV constraint. These extremal paths saturate the camera pan angle. We then show that optimal paths are composed of straight-line segments and sections of these these extremal paths. We provide the complete characterization of the shortest paths for the system by partitioning the plane into a set of disjoint regions, such that the structure of the optimal path is invariant over the individual regions"
seth hutchinson,https://scholar.google.com/citations?user=-JPZ21IAAAAJ&hl=en,-JPZ21IAAAAJ,Northeastern University,33544,robotics,https://www.cc.gatech.edu/~seth/,Planning exploration strategies for simultaneous localization and mapping,157,2006,https://scholar.google.com/citations?view_op=view_citation&hl=en&user=-JPZ21IAAAAJ&pagesize=50&citation_for_view=-JPZ21IAAAAJ:0EnyYjriUFMC,"In this paper, we present techniques that allow one or multiple mobile robots to efficiently explore and model their environment. While much existing research in the area of Simultaneous Localization and Mapping (SLAM) focuses on issues related to uncertainty in sensor data, our work focuses on the problem of planning optimal exploration strategies. We develop a utility function that measures the quality of proposed sensing locations, give a randomized algorithm for selecting an optimal next sensing location, and provide methods for extracting features from sensor data and merging these into an incrementally constructed map. We also provide an efficient algorithm driven by our utility function. This algorithm is able to explore several steps ahead without incurring too high a computational cost. We have compared that exploration strategy with a totally greedy algorithm that optimizes our utility function with a one …"
seth hutchinson,https://scholar.google.com/citations?user=-JPZ21IAAAAJ&hl=en,-JPZ21IAAAAJ,Northeastern University,33544,robotics,https://www.cc.gatech.edu/~seth/,A tutorial on visual servo control,139,1996,https://scholar.google.com/citations?view_op=view_citation&hl=en&user=-JPZ21IAAAAJ&pagesize=50&citation_for_view=-JPZ21IAAAAJ:CYCckWUYoCcC,
seth hutchinson,https://scholar.google.com/citations?user=-JPZ21IAAAAJ&hl=en,-JPZ21IAAAAJ,Northeastern University,33544,robotics,https://www.cc.gatech.edu/~seth/,Motion primitives and 3D path planning for fast flight through a forest,133,2015,https://scholar.google.com/citations?view_op=view_citation&hl=en&user=-JPZ21IAAAAJ&pagesize=50&citation_for_view=-JPZ21IAAAAJ:WZBGuue-350C,"This paper presents two families of motion primitives for enabling fast, agile flight through a dense obstacle field. The first family of primitives consists of a time-delay dependent 3D circular path between two points in space and the control inputs required to fly the path. In particular, the control inputs are calculated using algebraic equations which depend on the flight parameters and the location of the waypoint. Moreover, the transition between successive maneuver states, where each state is defined by a unique combination of constant control inputs, is modeled rigorously as an instantaneous switch between the two maneuver states following a time delay which is directly related to the agility of the robotic aircraft. The second family consists of aggressive turn-around (ATA) maneuvers which the robot uses to retreat from impenetrable pockets of obstacles. The …"
seth hutchinson,https://scholar.google.com/citations?user=-JPZ21IAAAAJ&hl=en,-JPZ21IAAAAJ,Northeastern University,33544,robotics,https://www.cc.gatech.edu/~seth/,On the existence of nash equilibrium for a two-player pursuit—evasion game with visibility constraints,131,2010,https://scholar.google.com/citations?view_op=view_citation&hl=en&user=-JPZ21IAAAAJ&pagesize=50&citation_for_view=-JPZ21IAAAAJ:bEWYMUwI8FkC,"In this paper, we present a game-theoretic analysis of a visibility-based pursuit—evasion game in a planar environment containing obstacles. The pursuer and the evader are holonomic having bounded speeds. Both players have a complete map of the environment. Both players have omnidirectional vision and have knowledge about each other’s current position as long as they are visible to each other. The pursuer wants to maintain visibility of the evader for the maximum possible time and the evader wants to escape the pursuer’s sight as soon as possible. Under this information structure, we present necessary and sufficient conditions for surveillance and escape. We present strategies for the players that are in Nash equilibrium. The strategies are a function of the value of the game. Using these strategies, we construct a value function by integrating the adjoint equations backward in time from the termination …"
seth hutchinson,https://scholar.google.com/citations?user=-JPZ21IAAAAJ&hl=en,-JPZ21IAAAAJ,Northeastern University,33544,robotics,https://www.cc.gatech.edu/~seth/,Homography-based control scheme for mobile robots with nonholonomic and field-of-view constraints,131,2009,https://scholar.google.com/citations?view_op=view_citation&hl=en&user=-JPZ21IAAAAJ&pagesize=50&citation_for_view=-JPZ21IAAAAJ:M05iB0D1s5AC,"In this paper, we present a visual servo controller that effects optimal paths for a nonholonomic differential drive robot with field-of-view constraints imposed by the vision system. The control scheme relies on the computation of homographies between current and goal images, but unlike previous homography-based methods, it does not use the homography to compute estimates of pose parameters. Instead, the control laws are directly expressed in terms of individual entries in the homography matrix. In particular, we develop individual control laws for the three path classes that define the language of optimal paths: rotations, straight-line segments, and logarithmic spirals. These control laws, as well as the switching conditions that define how to sequence path segments, are defined in terms of the entries of homography matrices. The selection of the corresponding control law requires the homography decomposition …"
seth hutchinson,https://scholar.google.com/citations?user=-JPZ21IAAAAJ&hl=en,-JPZ21IAAAAJ,Northeastern University,33544,robotics,https://www.cc.gatech.edu/~seth/,"Bat Bot (B2), a biologically inspired flying machine",122,2016,https://scholar.google.com/citations?view_op=view_citation&hl=en&user=-JPZ21IAAAAJ&pagesize=50&citation_for_view=-JPZ21IAAAAJ:yMeIxYmEMEAC,"It is challenging to analyze the aerial locomotion of bats because of the complicated and intricate relationship between their morphology and flight capabilities. Developing a biologically inspired bat robot would yield insight into how bats control their body attitude and position through the complex interaction of nonlinear forces (e.g., aerodynamic) and their intricate musculoskeletal mechanism. The current work introduces a biologically inspired soft robot called Bat Bot (B2). The overall system is a flapping machine with 5 Degrees of Actuation (DoA). This work reports on some of the preliminary untethered flights of B2. B2 has a nontrivial morphology and it has been designed after examining several biological bats. Key DoAs, which contribute significantly to bat flight, are picked and incorporated in B2's flight mechanism design. These DoAs are: 1) forelimb flapping motion, 2) forelimb mediolateral motion (folding and …"
seth hutchinson,https://scholar.google.com/citations?user=-JPZ21IAAAAJ&hl=en,-JPZ21IAAAAJ,Northeastern University,33544,robotics,https://www.cc.gatech.edu/~seth/,Efficient search and hierarchical motion planning by dynamically maintaining single-source shortest paths trees,115,2002,https://scholar.google.com/citations?view_op=view_citation&hl=en&user=-JPZ21IAAAAJ&pagesize=50&citation_for_view=-JPZ21IAAAAJ:Tyk-4Ss8FVUC,"Hierarchical approximate cell decomposition is a popular approach to the geometric robot motion planning problem. In many cases, the search effort expended at a particular iteration can be greatly reduced by exploiting the work done during previous iterations. In this paper, we describe how this exploitation of past computation can be effected by the use of a dynamically maintained single-source shortest paths tree. We embed a single-source shortest paths tree in the connectivity graph of the approximate representation of the robot configuration space. This shortest paths tree records the most promising path to each vertex in the connectivity graph from the vertex corresponding to the robot's initial configuration. At each iteration, some vertex in the connectivity graph is replaced with a new set of vertices, corresponding to a more detailed representation of the configuration space. Our new, dynamic algorithm is then …"
seth hutchinson,https://scholar.google.com/citations?user=-JPZ21IAAAAJ&hl=en,-JPZ21IAAAAJ,Northeastern University,33544,robotics,https://www.cc.gatech.edu/~seth/,Learning generalizable vision-tactile robotic grasping strategy for deformable objects via transformer,114,2024,https://scholar.google.com/citations?view_op=view_citation&hl=en&user=-JPZ21IAAAAJ&pagesize=50&citation_for_view=-JPZ21IAAAAJ:BJrgspguQaEC,"Reliable robotic grasping, especially with deformable objects such as fruits, remains a challenging task due to underactuated contact interactions with a gripper, unknown object dynamics and geometries. In this study, we propose a transformer-based robotic grasping framework for rigid grippers that leverage tactile and visual information for safe object grasping. Specifically, the transformer models learn physical feature embeddings with sensor feedback through performing two predefined explorative actions (pinching and sliding) and predict a grasping outcome through a multilayer perceptron with a given grasping strength. Using these predictions, the gripper predicts a safe grasping strength via inference. Compared with convolutional recurrent networks, the transformer models can capture the long-term dependencies across the image sequences and process spatial–temporal features simultaneously. We first …"
seth hutchinson,https://scholar.google.com/citations?user=-JPZ21IAAAAJ&hl=en,-JPZ21IAAAAJ,Northeastern University,33544,robotics,https://www.cc.gatech.edu/~seth/,A resilient and energy-aware task allocation framework for heterogeneous multirobot systems,112,2021,https://scholar.google.com/citations?view_op=view_citation&hl=en&user=-JPZ21IAAAAJ&pagesize=50&citation_for_view=-JPZ21IAAAAJ:kJDgFkosVoMC,"In the context of heterogeneous multirobot teams deployed for executing multiple tasks, this article develops an energy-aware framework for allocating tasks to robots in an online fashion. With a primary focus on long-duration autonomy applications, we opt for a survivability-focused approach. Toward this end, the task prioritization and execution—through which the allocation of tasks to robots is effectively realized—are encoded as constraints within an optimization problem aimed at minimizing the energy consumed by the robots at each point in time. In this context, an allocation is interpreted as a prioritization of a task over all others by each of the robots. Furthermore, we present a novel framework to represent the heterogeneous capabilities of the robots, by distinguishing between the features available on the robots and the capabilities enabled by these features. By embedding these descriptions within the …"
seth hutchinson,https://scholar.google.com/citations?user=-JPZ21IAAAAJ&hl=en,-JPZ21IAAAAJ,Northeastern University,33544,robotics,https://www.cc.gatech.edu/~seth/,A roadmap for us robotics–from internet to robotics 2020 edition,112,2021,https://scholar.google.com/citations?view_op=view_citation&hl=en&user=-JPZ21IAAAAJ&pagesize=50&citation_for_view=-JPZ21IAAAAJ:c1e4I3QdEKYC,"Recently, the robotics industry celebrated its 60-year anniversary. We have used robots for more than six decades to empower people to do things that are typically dirty, dull and/or dangerous. The industry has progressed significantly over the period from basic mechanical assist systems to fully autonomous cars, environmental monitoring and exploration of outer space. We have seen tremendous adoption of IT technology in our daily lives for a diverse set of support tasks. Through use of robots we are starting to see a new revolution, as we not only will have IT support from tablets, phones, computers but also systems that can physically interact with the world and assist with daily tasks, work, and leisure activities. The present document is a summary of the main societal opportunities identified, the associated challenges to deliver desired solutions and a presentation of efforts to be undertaken to ensure that US will …"
seth hutchinson,https://scholar.google.com/citations?user=-JPZ21IAAAAJ&hl=en,-JPZ21IAAAAJ,Northeastern University,33544,robotics,https://www.cc.gatech.edu/~seth/,An optimal task allocation strategy for heterogeneous multi-robot systems,109,2019,https://scholar.google.com/citations?view_op=view_citation&hl=en&user=-JPZ21IAAAAJ&pagesize=50&citation_for_view=-JPZ21IAAAAJ:w1MjKQ0l0TYC,"For a team of heterogeneous robots executing multiple tasks, we propose a novel algorithm to optimally allocate tasks to robots while accounting for their different capabilities. Motivated by the need that robot teams have in many real-world applications of remaining operational for long periods of time, we allow each robot to choose tasks taking into account the energy consumed by executing them, besides the global specifications on the task allocation. The tasks are encoded as constraints in an energy minimization problem solved at each point in time by each robot. The prioritization of a task over others—effectively signifying the allocation of the task to that particular robot—occurs via the introduction of slack variables in the task constraints. Moreover, the suitabilities of certain robots towards certain tasks are also taken into account to generate a task allocation algorithm for a team of robots with heterogeneous …"
seth hutchinson,https://scholar.google.com/citations?user=-JPZ21IAAAAJ&hl=en,-JPZ21IAAAAJ,Northeastern University,33544,robotics,https://www.cc.gatech.edu/~seth/,Robot ecology: Constraint-based control design for long duration autonomy,108,2018,https://scholar.google.com/citations?view_op=view_citation&hl=en&user=-JPZ21IAAAAJ&pagesize=50&citation_for_view=-JPZ21IAAAAJ:Ade32sEp0pkC,"Long duration autonomy considers robots that are deployed over long time scales. As a result, the robots’ ability to operate across changing environmental conditions and perform tasks that require more time to complete than what can be supported on a single battery charge, have implications for how the control design task should be approached. By drawing inspiration from ecology, which concerns itself with the strong coupling between organism and the environment it inhabits, we encode these “survival constraints” through Boolean compositions of multiple control barrier functions, and show how this construction supports long duration autonomy in the context of persistent environmental monitoring on a team of mobile robots."
seth hutchinson,https://scholar.google.com/citations?user=-JPZ21IAAAAJ&hl=en,-JPZ21IAAAAJ,Northeastern University,33544,robotics,https://www.cc.gatech.edu/~seth/,"Real-time vision, tracking and control",106,2000,https://scholar.google.com/citations?view_op=view_citation&hl=en&user=-JPZ21IAAAAJ&pagesize=50&citation_for_view=-JPZ21IAAAAJ:WF5omc3nYNoC,"Provides a broad sketch of visual servoing, and the application of real-time vision, tracking and control for robot guidance. It outlines the basic theoretical approaches to the problem, describes a typical architecture, and discusses major milestones, applications and the significant vision sub-problems that must be solved."
seth hutchinson,https://scholar.google.com/citations?user=-JPZ21IAAAAJ&hl=en,-JPZ21IAAAAJ,Northeastern University,33544,robotics,https://www.cc.gatech.edu/~seth/,Fault-tolerant rendezvous of multirobot systems,103,2017,https://scholar.google.com/citations?view_op=view_citation&hl=en&user=-JPZ21IAAAAJ&pagesize=50&citation_for_view=-JPZ21IAAAAJ:AHdEip9mkN0C,"In this paper, we propose a distributed control policy to achieve rendezvous by a set of robots even when some robots in the system do not follow the prescribed policy. These nonconforming robots correspond to faults in the multirobot system, and our control policy is thus a fault-tolerant policy. Each robot has a limited sensing range and is able to directly estimate the state of only those robots within that sensing range, which induces a network topology for the multirobot system. We assume that it is not possible for the fault-free robots to identify the faulty robots, and thus our approach is robust even to undetected faults in the system. The main contribution of this paper is a fault-tolerant distributed control algorithm that is guaranteed to converge to consensus under certain reasonable connectivity conditions. We first present a general algorithm that exploits the notion of a Tverberg partition of a point set in Rd, and give …"
seth hutchinson,https://scholar.google.com/citations?user=-JPZ21IAAAAJ&hl=en,-JPZ21IAAAAJ,Northeastern University,33544,robotics,https://www.cc.gatech.edu/~seth/,"Performance tests for visual servo control systems, with application to partitioned approaches to visual servo control",103,2003,https://scholar.google.com/citations?view_op=view_citation&hl=en&user=-JPZ21IAAAAJ&pagesize=50&citation_for_view=-JPZ21IAAAAJ:ULOm3_A8WrAC,"Visual servoing has been a viable method of robot manipulator control for more than a decade. Initial developments involved position-based visual servoing (PBVS), in which the control signal exists in Cartesian space. The younger method, image-based visual servoing (IBVS), has seen considerable development in recent years. PBVS and IBVS offer tradeoffs in performance, and neither can solve all tasks that may confront a robot. In response to these issues, several methods have been devised that partition the control scheme, allowing some motions to be performed in the manner of a PBVS system, while the remaining motions are performed using an IBVS approach.To date, there has been little research that explores the relative strengths and weaknesses of these methods. In this paper we present such an …"
seth hutchinson,https://scholar.google.com/citations?user=-JPZ21IAAAAJ&hl=en,-JPZ21IAAAAJ,Northeastern University,33544,robotics,https://www.cc.gatech.edu/~seth/,Spar: A planner that satisfies operational and geometric goals in uncertain environments,103,1990,https://scholar.google.com/citations?view_op=view_citation&hl=en&user=-JPZ21IAAAAJ&pagesize=50&citation_for_view=-JPZ21IAAAAJ:ufrVoPGSRksC,"In this article, we present Spar (simultaneous planner for assembly robots), an implemented system that reasons about high-level operational goals, geometric goals, and uncertainty-reduction goals to create task plans for an assembly robot. These plans contain manipulations to achieve the assembly goals and sensory operations to cope with uncertainties in the robot's environment. High-level goals (which we refer to as operational goals) are satisfied by adding operations to the plan using a nonlinear, constraint-posting method. Geometric goals are satisfied by placing constraints on the execution of these operations. If the geometric configuration of the world prevents this, Spar adds new operations to the plan along with the necessary set of constraints on the execution of these operations. When the uncertainty in the world description exceeds that specified by the uncertainty-reduction goals, Spar introduces either sensing operations or manipulations to reduce this uncertainty to acceptable levels. If Spar cannot find a way to sufficiently reduce uncertainties, it augments the plan with sensing operations to be used to verify the execution of the action and, when possible, posts possible error-recovery plans, although at this point, the verification operations and recovery plans are predefined."
seth hutchinson,https://scholar.google.com/citations?user=-JPZ21IAAAAJ&hl=en,-JPZ21IAAAAJ,Northeastern University,33544,robotics,https://www.cc.gatech.edu/~seth/,Observer design for stochastic nonlinear systems via contraction-based incremental stability,100,2014,https://scholar.google.com/citations?view_op=view_citation&hl=en&user=-JPZ21IAAAAJ&pagesize=50&citation_for_view=-JPZ21IAAAAJ:4hFrxpcac9AC,"This paper presents a new design approach to nonlinear observers for Itô stochastic nonlinear systems with guaranteed stability. A stochastic contraction lemma is presented which is used to analyze incremental stability of the observer. A bound on the mean-squared distance between the trajectories of original dynamics and the observer dynamics is obtained as a function of the contraction rate and maximum noise intensity. The observer design is based on a non-unique state-dependent coefficient (SDC) form, which parametrizes the nonlinearity in an extended linear form. The observer gain synthesis algorithm, called linear matrix inequality state-dependent algebraic Riccati equation (LMI-SDARE), is presented. The LMI-SDARE uses a convex combination of multiple SDC parametrizations. An optimization problem with state-dependent linear matrix inequality (SDLMI) constraints is formulated to select the coefficients …"
seth hutchinson,https://scholar.google.com/citations?user=-JPZ21IAAAAJ&hl=en,-JPZ21IAAAAJ,Northeastern University,33544,robotics,https://www.cc.gatech.edu/~seth/,"Toward Real-Time Motion Planning in Changing Environments: Peter Leven, University of Illinois, Urbana, IL Seth Hutchinson, University of Illinois, Urbana, IL",99,2001,https://scholar.google.com/citations?view_op=view_citation&hl=en&user=-JPZ21IAAAAJ&pagesize=50&citation_for_view=-JPZ21IAAAAJ:YsMSGLbcyi4C,"We present a new method for generating collisionfree paths for robots operating in changing environ ments. Our approach is closely related to recent prob abilistic roadmap approaches. These planners use pre processing and query stages, and are aimed at plan ning many times in the same environment. In con trast, our preprocessing stage creates a representation of the configuration space that can be easily modified in real time to account for changes in the environment. As with previous approaches, we begin by constructing a graph that represents a roadmap in the configuration space, but we do not construct this graph for a spe cific workspace. Instead, we construct the graph for an obstacle-free workspace, and encode the mapping from workspace cells to nodes and arcs in the graph. When the environment changes, this mapping is used to make the appropriate modifications to the graph, and plans …"
seth hutchinson,https://scholar.google.com/citations?user=-JPZ21IAAAAJ&hl=en,-JPZ21IAAAAJ,Northeastern University,33544,robotics,https://www.cc.gatech.edu/~seth/,Segmentation of the skull in MRI volumes using deformable model and taking the partial volume effect into account,97,2000,https://scholar.google.com/citations?view_op=view_citation&hl=en&user=-JPZ21IAAAAJ&pagesize=50&citation_for_view=-JPZ21IAAAAJ:4TOpqqG69KYC,"Segmentation of the skull in medical imagery is an important stage in applications that require the construction of realistic models of the head. Such models are used, for example, to simulate the behavior of electro-magnetic fields in the head and to model the electrical activity of the cortex in EEG and MEG data. In this paper, we present a new approach for segmenting regions of bone in MRI volumes using deformable models. Our method takes into account the partial volume effects that occur with MRI data, thus permitting a precise segmentation of these bone regions. At each iteration of the propagation of the model, partial volume is estimated in a narrow band around the deformable model. Our segmentation method begins with a pre-segmentation stage, in which a preliminary segmentation of the skull is constructed using a region-growing method. The surface that bounds the pre-segmented skull region offers …"
seth hutchinson,https://scholar.google.com/citations?user=-JPZ21IAAAAJ&hl=en,-JPZ21IAAAAJ,Northeastern University,33544,robotics,https://www.cc.gatech.edu/~seth/,Motion perceptibility and its application to active vision-based servo control,96,1997,https://scholar.google.com/citations?view_op=view_citation&hl=en&user=-JPZ21IAAAAJ&pagesize=50&citation_for_view=-JPZ21IAAAAJ:LkGwnXOMwfcC,"We address the ability of a computer vision system to perceive the motion of an object (possibly a robot manipulator) in its field of view. We derive a quantitative measure of motion perceptibility, which relates the magnitude of the rate of change in an object's position to the magnitude of the rate of change in the image of that object. We then show how motion perceptibility can be combined with the traditional notion of manipulability, into a composite perceptibility/manipulability measure. We demonstrate how this composite measure may be applied to a number of different problems involving relative hand/eye positioning and control."
seth hutchinson,https://scholar.google.com/citations?user=-JPZ21IAAAAJ&hl=en,-JPZ21IAAAAJ,Northeastern University,33544,robotics,https://www.cc.gatech.edu/~seth/,Surveillance strategies for a pursuer with finite sensor range,88,2007,https://scholar.google.com/citations?view_op=view_citation&hl=en&user=-JPZ21IAAAAJ&pagesize=50&citation_for_view=-JPZ21IAAAAJ:QIV2ME_5wuYC,"This paper addresses the pursuit-evasion problem of maintaining surveillance by a pursuer of an evader in a world populated by polygonal obstacles. This requires the pursuer to plan colision-free motions that honor distance constraints imposed by sensor capabilities, while avoiding occlusion of the evader by any obstacle. The paper extends the three-dimensional cellular decomposition of Schwartz and Sharir to represent the four-dimensional configuration space of the pursuer-evader system, and derive necessary conditions for surveillance (equivalently, sufficient conditions for escape) in terms of this new representation A game theoretic formulation of the problem is then given, and this formulation is used to characterize optimal escape trajectories for the evader. A shooting algorithm is proposed that finds these trajectories using the minimun principle. Finally, noting the similarities between this surveillance …"
seth hutchinson,https://scholar.google.com/citations?user=-JPZ21IAAAAJ&hl=en,-JPZ21IAAAAJ,Northeastern University,33544,robotics,https://www.cc.gatech.edu/~seth/,Model-based tracking of complex articulated objects,86,2001,https://scholar.google.com/citations?view_op=view_citation&hl=en&user=-JPZ21IAAAAJ&pagesize=50&citation_for_view=-JPZ21IAAAAJ:roLk4NBRz8UC,"In this paper, we present methods for tracking complex, articulated objects. We assume that an appearance model and the kinematic structure of the object to be tracked are given, leading to what is termed a model-based object tracker. At each time step, this tracker observes a new monocular grayscale image of the scene and combines information gathered from this image with knowledge of the previous configuration of the object to estimate the configuration of the object at the time the image was acquired. Each degree of freedom in the model has an uncertainty associated with it, indicating the confidence in the current estimate for that degree of freedom. These uncertainty estimates are updated after each observation. An extended Kalman filter with appropriate observation and system models is used to implement this updating process. The methods that we describe are potentially beneficial to areas such as …"
seth hutchinson,https://scholar.google.com/citations?user=-JPZ21IAAAAJ&hl=en,-JPZ21IAAAAJ,Northeastern University,33544,robotics,https://www.cc.gatech.edu/~seth/,A new hybrid image-based visual servo control scheme,85,2000,https://scholar.google.com/citations?view_op=view_citation&hl=en&user=-JPZ21IAAAAJ&pagesize=50&citation_for_view=-JPZ21IAAAAJ:8k81kl-MbHgC,"In image-based visual servo control, where control is effected with respect to the image, there is no direct control over the Cartesian velocities of the robot end effector. As a result, the robot executes trajectories that are desirable in the image, but which can be indirect and seemingly contorted in Cartesian space. We describe the cause of these phenomena, and introduce a new partitioned approach to visual servo control that overcomes the problem. In particular, we decouple the z-axis rotational and translational components of the control from the remaining degrees of freedom. Then, to guarantee that all features remain in the image throughout the entire trajectory, we incorporate a potential function that repels feature points from the boundary of the image plane. We illustrate our control scheme with a variety of simulation results."
seth hutchinson,https://scholar.google.com/citations?user=-JPZ21IAAAAJ&hl=en,-JPZ21IAAAAJ,Northeastern University,33544,robotics,https://www.cc.gatech.edu/~seth/,"Robot modeling and control, jon wiley & sons",77,2005,https://scholar.google.com/citations?view_op=view_citation&hl=en&user=-JPZ21IAAAAJ&pagesize=50&citation_for_view=-JPZ21IAAAAJ:iyewoVqAXLQC,
seth hutchinson,https://scholar.google.com/citations?user=-JPZ21IAAAAJ&hl=en,-JPZ21IAAAAJ,Northeastern University,33544,robotics,https://www.cc.gatech.edu/~seth/,"Visual servo control, part i: Basic approaches",76,2006,https://scholar.google.com/citations?view_op=view_citation&hl=en&user=-JPZ21IAAAAJ&pagesize=50&citation_for_view=-JPZ21IAAAAJ:hvmnpdAuIbkC,
seth hutchinson,https://scholar.google.com/citations?user=-JPZ21IAAAAJ&hl=en,-JPZ21IAAAAJ,Northeastern University,33544,robotics,https://www.cc.gatech.edu/~seth/,A sampling-based motion planning approach to maintain visibility of unpredictable targets,72,2005,https://scholar.google.com/citations?view_op=view_citation&hl=en&user=-JPZ21IAAAAJ&pagesize=50&citation_for_view=-JPZ21IAAAAJ:-f6ydRqryjwC,"This paper deals with the surveillance problem of computing the motions of one or more robot observers in order to maintain visibility of one or several moving targets. The targets are assumed to move unpredictably, and the distribution of obstacles in the workspace is assumed to be known in advance. Our algorithm computes a motion strategy by maximizing the shortest distance to escape—the shortest distance the target must move to escape an observer's visibility region. Since this optimization problem is intractable, we use randomized methods to generate candidate surveillance paths for the observers. We have implemented our algorithms, and we provide experimental results using real mobile robots for the single target case, and simulation results for the case of two targets-two observers."
seth hutchinson,https://scholar.google.com/citations?user=-JPZ21IAAAAJ&hl=en,-JPZ21IAAAAJ,Northeastern University,33544,robotics,https://www.cc.gatech.edu/~seth/,Using manipulability to bias sampling during the construction of probabilistic roadmaps,72,2003,https://scholar.google.com/citations?view_op=view_citation&hl=en&user=-JPZ21IAAAAJ&pagesize=50&citation_for_view=-JPZ21IAAAAJ:qxL8FJ1GzNcC,"Probabilistic roadmaps (PRMs) are a popular representation used by many current path planners. Construction of a PRM requires the ability to generate a set of random samples from the robot's configuration space, and much recent research has concentrated on new methods to do this. In this paper, we present a sampling scheme that is based on the manipulability measure associated with a robot arm. Intuitively, manipulability characterizes the arm's freedom of motion for a given configuration. Thus, our approach is to densely sample those regions of the configuration space in which manipulability is low (and therefore, the robot has less dexterity), while sampling more sparsely those regions in which the manipulability is high. We have implemented our approach, and performed extensive evaluations using prototypical problems from the path planning literature. Our results show this new sampling scheme to be …"
seth hutchinson,https://scholar.google.com/citations?user=-JPZ21IAAAAJ&hl=en,-JPZ21IAAAAJ,Northeastern University,33544,robotics,https://www.cc.gatech.edu/~seth/,Special section on vision-based control of robot manipulators,69,1996,https://scholar.google.com/citations?view_op=view_citation&hl=en&user=-JPZ21IAAAAJ&pagesize=50&citation_for_view=-JPZ21IAAAAJ:5nxA0vEk-isC,"Special section on vision-based control of robot manipulators | CiNii Research CiNii 国立 情報学研究所 学術情報ナビゲータ[サイニィ] 詳細へ移動 検索フォームへ移動 論文・データをさがす 大学図書館の本をさがす English 検索 タイトル 人物/団体名 著者ID/研究者番号 所属機関 ISSN DOI 期間 ~ 本文リンク 本文リンクあり データソース JaLC IRDB Crossref DataCite NDLサーチ NDLデジコレ(旧NII-ELS) RUDA JDCat NINJAL CiNii Articles CiNii Books NACSIS-CAT/ILL DBpedia KAKEN Integbio PubMed LSDB Archive 極地研ADS 極地研学術DB OpenAIRE 公共 データカタログ すべて 研究データ 論文 本 博士論文 プロジェクト 人物 > 人物検索機能について Special section on vision-based control of robot manipulators 被引用文献1件 HAGER GD 収録刊行物 IEEE Transactions on Robotics and Automation IEEE Transactions on Robotics and Automation 12 (5), 649-650, 1996 …"
seth hutchinson,https://scholar.google.com/citations?user=-JPZ21IAAAAJ&hl=en,-JPZ21IAAAAJ,Northeastern University,33544,robotics,https://www.cc.gatech.edu/~seth/,Multi-rate analysis and design of visual feedback digital servo-control system,68,1994,https://scholar.google.com/citations?view_op=view_citation&hl=en&user=-JPZ21IAAAAJ&pagesize=50&citation_for_view=-JPZ21IAAAAJ:jgBuDB5drN8C,"This paper addresses the analysis and design of digital motion control system with machine vision as a feedback measurement in the servo loop. The camera vision is modeled as a discrete time-delayed sensor. A multirate formulation is proposed based on the fact that vision update rate is slower than the digital servo-control update rate and is analyzed through the lifting technique which converts the periodic time varying multirate system to a time invariant one. Some interesting properties of this specific multirate system are found and are utilized in control system design. An l-1 norm optimal control problem is formulated to minimize the maximum time domain error, which has direct connection to camera field of view and mechanical tolerance. A numerical example is given to demonstrate the presented methods."
seth hutchinson,https://scholar.google.com/citations?user=-JPZ21IAAAAJ&hl=en,-JPZ21IAAAAJ,Northeastern University,33544,robotics,https://www.cc.gatech.edu/~seth/,An efficient motion strategy to compute expected-time locally optimal continuous search paths in known environments,66,2009,https://scholar.google.com/citations?view_op=view_citation&hl=en&user=-JPZ21IAAAAJ&pagesize=50&citation_for_view=-JPZ21IAAAAJ:EUQCXRtRnyEC,"In this paper we address the problem of finding time-optimal search paths in known environments. In particular, we address the problem of searching a known environment for an object whose unknown location is characterized by a known probability density function (PDF). With this formulation, the time required to find the object is a random variable induced by the choice of search path together with the PDF for the object's location. The optimization problem we consider is that of finding the path that minimizes the expected value of the time required to find the object. As the complexity of the problem precludes finding an exact optimal solution, we propose a two-level, heuristic approach to finding the optimal search path. At the top level, we use a decomposition of the workspace based on critical curves to impose a qualitative structure on the solution trajectory. At the lower level, individual segments of this …"
seth hutchinson,https://scholar.google.com/citations?user=-JPZ21IAAAAJ&hl=en,-JPZ21IAAAAJ,Northeastern University,33544,robotics,https://www.cc.gatech.edu/~seth/,Proving path non-existence using sampling and alpha shapes,63,2012,https://scholar.google.com/citations?view_op=view_citation&hl=en&user=-JPZ21IAAAAJ&pagesize=50&citation_for_view=-JPZ21IAAAAJ:fEOibwPWpKIC,"In this paper, we address the problem determining the connectivity of a robot's free configuration space. Our method iteratively builds a constructive proof that two configurations lie in disjoint components of the free configuration space. Our algorithm first generates samples that correspond to configurations for which the robot is in collision with an obstacle. These samples are then weighted by their generalized penetration distance, and used to construct alpha shapes. The alpha shape defines a collection of simplices that are fully contained within the configuration space obstacle region. These simplices can be used to quickly solve connectivity queries, which in turn can be used to define termination conditions for sampling-based planners. Such planners, while typically either resolution complete or probabilistically complete, are not able to determine when a path does not exist, and therefore would otherwise rely on …"
Neha Kumar,https://scholar.google.com/citations?user=-ZqZyP0AAAAJ&hl=en,-ZqZyP0AAAAJ,Associate Professor @Georgia Tech,6494,"Human-Computer Interaction, Health",http://www.nehakumar.org/,"Goodbye Text, Hello Emoji: Mobile Communication on WeChat in China",279,2017,https://scholar.google.com/citations?view_op=view_citation&hl=en&user=-ZqZyP0AAAAJ&pagesize=50&citation_for_view=-ZqZyP0AAAAJ:mB3voiENLucC,"We present a qualitative study of mobile communication via WeChat in Southern China, focusing on the rapid proliferation of emoji and stickers and the lessening dependence on text. We use interview and observation data from 30 participants to investigate how rural, small town, and urban Chinese adults creatively and innovatively balance the use of emoji, stickers, and text in their mobile communication practices. We also discuss design implications of our research for the field of HCI, offering ways of leveraging the non-textual communication practices that we uncover, in scenarios where purely text-based communication may not suffice."
Neha Kumar,https://scholar.google.com/citations?user=-ZqZyP0AAAAJ&hl=en,-ZqZyP0AAAAJ,Associate Professor @Georgia Tech,6494,"Human-Computer Interaction, Health",http://www.nehakumar.org/,The ins and outs of HCI for development,269,2016,https://scholar.google.com/citations?view_op=view_citation&hl=en&user=-ZqZyP0AAAAJ&pagesize=50&citation_for_view=-ZqZyP0AAAAJ:hC7cP41nSMkC,"We present an empirical analysis of HCI for development (HCI4D), a growing research area aimed at understanding and designing technologies for under-served, under-resourced, and under-represented populations around the world. We first present findings from our survey of 259 HCI4D publications from the past six years and summarize how this research has evolved, with an overview of the geographies it covers, technologies it targets, and its varied epistemological and methodological underpinnings. We then discuss qualitative findings from interviews we conducted with 11 experienced HCI4D researchers, reflecting on the ground covered so far Including computing and research trends, community-building efforts, and thoughts about 'development' - as well as challenges that lie ahead and suggestions for future growth and diversification. We conclude by summarizing the contributions our paper makes to …"
Neha Kumar,https://scholar.google.com/citations?user=-ZqZyP0AAAAJ&hl=en,-ZqZyP0AAAAJ,Associate Professor @Georgia Tech,6494,"Human-Computer Interaction, Health",http://www.nehakumar.org/,Mobile phones for maternal health in rural India,195,2015,https://scholar.google.com/citations?view_op=view_citation&hl=en&user=-ZqZyP0AAAAJ&pagesize=50&citation_for_view=-ZqZyP0AAAAJ:mVmsd5A6BfQC,"We present our findings from a mixed methods study of mobile phone practices of rural Indian women. We situate our study in the context of Projecting Health, a public health initiative we deployed in Uttar Pradesh (India) to target the dissemination of health information for mothers and newborns. Adopting the lens of feminist reflexivity, we reconsider our design of Projecting Health by factoring in the mobile media consumption and sharing practices of our target audience. We stress the importance of taking a community-oriented approach and show that although there are strict social conventions and patriarchal norms that constrain various practices of these women, they are able to exercise agency and mobilize help within their communities when needed."
Neha Kumar,https://scholar.google.com/citations?user=-ZqZyP0AAAAJ&hl=en,-ZqZyP0AAAAJ,Associate Professor @Georgia Tech,6494,"Human-Computer Interaction, Health",http://www.nehakumar.org/,Projecting health: community-led video education for maternal health,139,2015,https://scholar.google.com/citations?view_op=view_citation&hl=en&user=-ZqZyP0AAAAJ&pagesize=50&citation_for_view=-ZqZyP0AAAAJ:L8Ckcad2t8MC,"We present a qualitative study of Projecting Health, a public health project we deployed in rural Uttar Pradesh (India) to address persistently high maternal and infant mortality rates. This project is based on our model of Community-led Video Education (CVE), which leverages community resources for the generation, dissemination, and assimilation of visual media. We use the lens of information flows to examine how our instantiation of CVE enables the translation of globally approved health care norms to local household practices. We also demonstrate how CVE allows for integration with current community practices, existing state-supported health care infrastructure, social and patriarchal structures, and power dynamics within our target populations to drive community participation."
Neha Kumar,https://scholar.google.com/citations?user=-ZqZyP0AAAAJ&hl=en,-ZqZyP0AAAAJ,Associate Professor @Georgia Tech,6494,"Human-Computer Interaction, Health",http://www.nehakumar.org/,Post-growth Human–Computer Interaction,135,2023,https://scholar.google.com/citations?view_op=view_citation&hl=en&user=-ZqZyP0AAAAJ&pagesize=50&citation_for_view=-ZqZyP0AAAAJ:uLbwQdceFCQC,"Human–Computer Interaction (HCI) researchers have increasingly been questioning computing’s engagement with unsustainable and unjust economic growth, pushing for identifying alternatives. Incorporating degrowth, post-development, and steady-state approaches, post-growth philosophy offers an alternative not rooted in growth but in improving quality of life. It recommends an equitable reduction in resource use through sensible distributive practices where fulfillment is based on values including solidarity, cooperation, care, social justice, and localized development. In this paper, we describe opportunities for HCI to take a post-growth orientation in research, design, and practice to reimagine the design of sociotechnical systems toward advancing sustainable, just, and humane futures. We aim for the critiques, concerns, and recommendations offered by post-growth to be integrated into transformative HCI …"
Neha Kumar,https://scholar.google.com/citations?user=-ZqZyP0AAAAJ&hl=en,-ZqZyP0AAAAJ,Associate Professor @Georgia Tech,6494,"Human-Computer Interaction, Health",http://www.nehakumar.org/,Facebook for self-empowerment? A study of Facebook adoption in urban India,134,2014,https://scholar.google.com/citations?view_op=view_citation&hl=en&user=-ZqZyP0AAAAJ&pagesize=50&citation_for_view=-ZqZyP0AAAAJ:Wp0gIr-vW9MC,"This article presents an ethnographic study of the adoption and use of Facebook among urban Indian youth from socioeconomically disadvantaged communities. Mobile-centric use of the Internet is widely prevalent here as general packet radio service (GPRS)-enabled mobile phones and data plans have become increasingly affordable. Less privileged youth are the lead adopters of these new technologies, and typically the first generation of Internet users, in their communities. My research uncovers their leisure-driven engagement with new media, seen through the lens of Facebook use, and the development-friendly outcomes that result from it. By examining the direct and indirect affordances of Facebook perceived by these youth, this article highlights how they swiftly negotiate social boundaries and technological hurdles, transitioning into legitimate members of a global community."
Neha Kumar,https://scholar.google.com/citations?user=-ZqZyP0AAAAJ&hl=en,-ZqZyP0AAAAJ,Associate Professor @Georgia Tech,6494,"Human-Computer Interaction, Health",http://www.nehakumar.org/,Learning from and with Menstrupedia: Towards Menstrual Health Education in India,127,2018,https://scholar.google.com/citations?view_op=view_citation&hl=en&user=-ZqZyP0AAAAJ&pagesize=50&citation_for_view=-ZqZyP0AAAAJ:2P1L_qKh6hAC,"Menstruation has long remained a conversational taboo across India, resulting in inadequate dissemination of menstrual health education (MHE). Menstrupedia, a digital platform designed for an Indian audience, aims to bridge this information gap to impart MHE via its website and comic. We contribute a study of Menstrupedia---the information exchange on its website, the education it aims to provide, and the perceptions of its users. Using a combination of qualitative research methods, and engaging a feminist Human-Computer Interaction (HCI) lens, we critically analyze Menstrupedia's affordances and shortcomings. We also make recommendations for the design of technology-based dissemination of MHE, as well as additional sensitive and taboo topics."
Neha Kumar,https://scholar.google.com/citations?user=-ZqZyP0AAAAJ&hl=en,-ZqZyP0AAAAJ,Associate Professor @Georgia Tech,6494,"Human-Computer Interaction, Health",http://www.nehakumar.org/,The typing cure: Experiences with large language model chatbots for mental health support,126,2025,https://scholar.google.com/citations?view_op=view_citation&hl=en&user=-ZqZyP0AAAAJ&pagesize=50&citation_for_view=-ZqZyP0AAAAJ:Fu2w8maKXqMC,"People experiencing severe distress increasingly use Large Language Model (LLM) chatbots as mental health support tools. Discussions on social media have described how engagements were lifesaving for some, but evidence suggests that general-purpose LLM chatbots also have notable risks that could endanger the welfare of users if not designed responsibly. In this study, we investigate the lived experiences of people who have used LLM chatbots for mental health support. We build on interviews with 21 individuals from globally diverse backgrounds to analyze how users create unique support roles for their chatbots, fill in gaps in everyday care, and navigate associated cultural limitations when seeking support from chatbots. We ground our analysis in psychotherapy literature around effective support, and introduce the concept of therapeutic alignment, or aligning AI with therapeutic values for mental health …"
Neha Kumar,https://scholar.google.com/citations?user=-ZqZyP0AAAAJ&hl=en,-ZqZyP0AAAAJ,Associate Professor @Georgia Tech,6494,"Human-Computer Interaction, Health",http://www.nehakumar.org/,From treatment to healing: envisioning a decolonial digital mental health,126,2022,https://scholar.google.com/citations?view_op=view_citation&hl=en&user=-ZqZyP0AAAAJ&pagesize=50&citation_for_view=-ZqZyP0AAAAJ:eMMeJKvmdy0C,"The field of digital mental health is making strides in the application of technology to broaden access to care. We critically examine how these technology-mediated forms of care might amplify historical injustices, and erase minoritized experiences and expressions of mental distress and illness. We draw on decolonial thought and critiques of identity-based algorithmic bias to analyze the underlying power relations impacting digital mental health technologies today, and envision new pathways towards a decolonial digital mental health. We argue that a decolonial digital mental health is one that centers lived experience over rigid classification, is conscious of structural factors that influence mental wellbeing, and is fundamentally designed to deter the creation of power differentials that prevent people from having agency over their care. Stemming from this vision, we make recommendations for how researchers and …"
Neha Kumar,https://scholar.google.com/citations?user=-ZqZyP0AAAAJ&hl=en,-ZqZyP0AAAAJ,Associate Professor @Georgia Tech,6494,"Human-Computer Interaction, Health",http://www.nehakumar.org/,Women's Safety in Public Spaces: Examining the Efficacy of Panic Buttons in New Delhi,125,2017,https://scholar.google.com/citations?view_op=view_citation&hl=en&user=-ZqZyP0AAAAJ&pagesize=50&citation_for_view=-ZqZyP0AAAAJ:_Qo2XoVZTnwC,"We present a qualitative inquiry through the lens of feminist Human-Computer Interaction (HCI) into women's perceptions of personal safety in New Delhi, India. Since a brutal gang-rape incident took place in Delhi in December 2012 and received global attention, women's safety has been the focus of much attention India-wide. In April 2016, the Indian government issued a mandate that all mobile phones sold in India 2017 onwards must include a panic button for women's safety. We draw on interview and survey data to examine women's responses to the mandate, also investigating what factors influence their perceptions of safety, positively and negatively. Our findings indicate that women's sense of safety may be deconstructed into a multitude of factors--personal, public, social, technological--that must align for this sense of safety to be preserved. We then discuss the implications these factors have for the …"
Neha Kumar,https://scholar.google.com/citations?user=-ZqZyP0AAAAJ&hl=en,-ZqZyP0AAAAJ,Associate Professor @Georgia Tech,6494,"Human-Computer Interaction, Health",http://www.nehakumar.org/,Designing for Intersections,115,2018,https://scholar.google.com/citations?view_op=view_citation&hl=en&user=-ZqZyP0AAAAJ&pagesize=50&citation_for_view=-ZqZyP0AAAAJ:35N4QoGY0k4C,"In response to the recent call for a more intersectionally-aware field of human-computer interaction (HCI), we aim to operationalize intersectionality for technology design in HCI. We develop our lens of intersectionality by drawing on the work of Rita Kaur Dhamoon, and use it to analyze data collected from a multi-sited ethnographic study of seven low-resource learning environments in the Indian states of Maharashtra, Tamil Nadu, and West Bengal. Our research contributions are threefold. First, we extend conversations in Intersectional HCI by expanding its scope from understanding users to recognizing social processes. Second, we emphasize the importance of factoring in both penalties and privileges when conducting research in underserved contexts. Finally, we engage situated comparisons as a methodology to identify pathways for designing interactive systems across intersectionally diverse environments."
Neha Kumar,https://scholar.google.com/citations?user=-ZqZyP0AAAAJ&hl=en,-ZqZyP0AAAAJ,Associate Professor @Georgia Tech,6494,"Human-Computer Interaction, Health",http://www.nehakumar.org/,Benefits and Harms of Large Language Models in Digital Mental Health,112,2023,https://scholar.google.com/citations?view_op=view_citation&hl=en&user=-ZqZyP0AAAAJ&pagesize=50&citation_for_view=-ZqZyP0AAAAJ:W5xh706n7nkC,"The past decade has been transformative for mental health research and practice. The ability to harness large repositories of data, whether from electronic health records (EHR), mobile devices, or social media, has revealed a potential for valuable insights into patient experiences, promising early, proactive interventions, as well as personalized treatment plans. Recent developments in generative artificial intelligence, particularly large language models (LLMs), show promise in leading digital mental health to uncharted territory. Patients are arriving at doctors' appointments with information sourced from chatbots, state-of-the-art LLMs are being incorporated in medical software and EHR systems, and chatbots from an ever-increasing number of startups promise to serve as AI companions, friends, and partners. This article presents contemporary perspectives on the opportunities and risks posed by LLMs in the design, development, and implementation of digital mental health tools. We adopt an ecological framework and draw on the affordances offered by LLMs to discuss four application areas -- care-seeking behaviors from individuals in need of care, community care provision, institutional and medical care provision, and larger care ecologies at the societal level. We engage in a thoughtful consideration of whether and how LLM-based technologies could or should be employed for enhancing mental health. The benefits and harms our article surfaces could serve to help shape future research, advocacy, and regulatory efforts focused on creating more responsible, user-friendly, equitable, and secure LLM-based tools for mental health treatment …"
Neha Kumar,https://scholar.google.com/citations?user=-ZqZyP0AAAAJ&hl=en,-ZqZyP0AAAAJ,Associate Professor @Georgia Tech,6494,"Human-Computer Interaction, Health",http://www.nehakumar.org/,Culture in Action: Unpacking Capacities to Inform Assets-Based Design,109,2020,https://scholar.google.com/citations?view_op=view_citation&hl=en&user=-ZqZyP0AAAAJ&pagesize=50&citation_for_view=-ZqZyP0AAAAJ:OU6Ihb5iCvQC,"The field of Human-Computer Interaction (HCI) aims at securing a lasting impact for technology-based interventions in the context of social inequities. Increasingly, HCI scholars are proposing assets-based design as an effective approach towards this issue. Rather than starting from people's needs and deficits, this approach posits that design should start from a deep understanding of people's assets. A pending issue, however, is how to account for the situated nature of assets; that is, how to decide which asset to leverage and for what design purpose. Drawing from cultural sociology and shifting the emphasis from assets to capacities, we propose Swidler's theory of culture-in-action as an analytical lens for unpacking the complex relationship between capacities, goals, and structural limitations. Leveraging findings from a Participatory Design engagement with 35 Latino immigrant parents for envisioning parent …"
Neha Kumar,https://scholar.google.com/citations?user=-ZqZyP0AAAAJ&hl=en,-ZqZyP0AAAAJ,Associate Professor @Georgia Tech,6494,"Human-Computer Interaction, Health",http://www.nehakumar.org/,Empowerment on the Margins: The Online Experiences of Community Health Workers,103,2019,https://scholar.google.com/citations?view_op=view_citation&hl=en&user=-ZqZyP0AAAAJ&pagesize=50&citation_for_view=-ZqZyP0AAAAJ:D03iK_w7-QYC,"Research in Human-Computer Interaction for Development (HCI4D) routinely relies on and engages with the increasing penetration of smartphones and the internet. We examine the mobile, internet, and social media practices of women community health workers, for whom internet access has newly become possible. These workers are uniquely positioned at the intersections of various communities of practice---their familial units, workplaces, networks of health workers, larger communities, and the online world. However, they remain at the margins of each, on account of difference in gender, class, literacies, professional expertise, and more. Our findings unpack the legitimate peripheral participation of these workers; examining how they appropriate smartphones and the internet to move away from the peripheries to fully participate in these communities. We discuss how their activities are motivated by moves …"
Neha Kumar,https://scholar.google.com/citations?user=-ZqZyP0AAAAJ&hl=en,-ZqZyP0AAAAJ,Associate Professor @Georgia Tech,6494,"Human-Computer Interaction, Health",http://www.nehakumar.org/,Uber in Bangladesh: The Tangled Web of Mobility and Justice,103,2018,https://scholar.google.com/citations?view_op=view_citation&hl=en&user=-ZqZyP0AAAAJ&pagesize=50&citation_for_view=-ZqZyP0AAAAJ:g5m5HwL7SMYC,"Ridesharing services have been viewed as heralding the next generation of mobility and recognized for their potential to provide an alternate and more flexible model of work. These services have also been critiqued for their treatment of employees, low wages, and other concerns. In this paper, we present a qualitative investigation of the introduction of Uber in Dhaka, Bangladesh. Using interview data from drivers and riders, and content analysis of riders' Facebook posts, we highlight how Uber's introduction into Dhaka's existing transportation infrastructure influenced experiences and practices of mobility in the city. Drawing on Iris Marion Young's theory of justice, we demonstrate how the introduction of Uber in Dhaka reinforces existing modes of oppression and introduces new ones, even as it generates room for creative modes of resistance. Finally, we underline algorithms' opacity and veneer of objectivity as a …"
Neha Kumar,https://scholar.google.com/citations?user=-ZqZyP0AAAAJ&hl=en,-ZqZyP0AAAAJ,Associate Professor @Georgia Tech,6494,"Human-Computer Interaction, Health",http://www.nehakumar.org/,“It’sa girl thing” Examining Challenges and Opportunities around Menstrual Health Education in India,101,2019,https://scholar.google.com/citations?view_op=view_citation&hl=en&user=-ZqZyP0AAAAJ&pagesize=50&citation_for_view=-ZqZyP0AAAAJ:b0M2c_1WBrUC,"Cultural taboos and limiting social norms make it challenging to communicate and teach about menstrual health in India. We present findings from an inquiry of current approaches used to educate adolescents about menstruation, examining the perspectives of young adults, parents, teachers, social workers, and health professionals for identifying design opportunities and potential for impact. Our findings from the content analysis of education and training materials in use, an online survey of 391 adults, 52 interviews, and 2 focus groups indicate that although detailed and descriptive information materials are available for use, there exists a disconnect between parents’ and teachers’ expectations regarding who will introduce these topics to adolescents. We also highlight a clear difference in attitudes regarding who must be taught, how, where, and at what stages. Finally, we articulate factors that shape access and …"
Neha Kumar,https://scholar.google.com/citations?user=-ZqZyP0AAAAJ&hl=en,-ZqZyP0AAAAJ,Associate Professor @Georgia Tech,6494,"Human-Computer Interaction, Health",http://www.nehakumar.org/,Engaging Solidarity in Data Collection Practices for Community Health,101,2018,https://scholar.google.com/citations?view_op=view_citation&hl=en&user=-ZqZyP0AAAAJ&pagesize=50&citation_for_view=-ZqZyP0AAAAJ:M05iB0D1s5AC,"Researchers and practitioners engaged in global health are increasingly turning to data-driven approaches. However, the institutionalized roles and responsibilities---as well as motivations and workflows---of those involved in data collection are not well understood. To attain a deeper understanding of the practices of frontline health workers engaged in data collection, we conducted fieldwork in underserved contexts of Delhi, India. In particular, we interviewed these workers and observed their interactions with 200 households. Our analysis takes a postcolonial feminist perspective to examine how these frontline health workers navigate the multiple demands placed on them by their families, society, local residents, and health organizations. We also discuss how they practice feminist solidarity, and distill lessons for improved data collection across global health initiatives."
Neha Kumar,https://scholar.google.com/citations?user=-ZqZyP0AAAAJ&hl=en,-ZqZyP0AAAAJ,Associate Professor @Georgia Tech,6494,"Human-Computer Interaction, Health",http://www.nehakumar.org/,"Individually vulnerable, collectively safe: The security and privacy practices of households with older adults",94,2021,https://scholar.google.com/citations?view_op=view_citation&hl=en&user=-ZqZyP0AAAAJ&pagesize=50&citation_for_view=-ZqZyP0AAAAJ:geHnlv5EZngC,"Older adults are especially vulnerable to online cybersecurity and privacy (SP) threats, such as phishing, ransomware, and targeted misinformation campaigns. Prior work has suggested that this vulnerability may be addressed with the design of social SP interfaces, such that groups of individuals might work together on behalf of one another to manage SP threats collectively. To this end, we present findings from a qualitative inquiry conducted with older adults and members of technology-rich middle-income households in urban India, where technology users have been shown to engage in relatively more social SP practices. Our research examines the collaborative behaviors enacted by different members of the household for protection from SP threats. In particular, we show how self-appointed family technology managers straddle the line between stewardship and paternalism in their efforts to protect older adults …"
Neha Kumar,https://scholar.google.com/citations?user=-ZqZyP0AAAAJ&hl=en,-ZqZyP0AAAAJ,Associate Professor @Georgia Tech,6494,"Human-Computer Interaction, Health",http://www.nehakumar.org/,El Paquete Semanal: The Week's Internet in Havana,93,2018,https://scholar.google.com/citations?view_op=view_citation&hl=en&user=-ZqZyP0AAAAJ&pagesize=50&citation_for_view=-ZqZyP0AAAAJ:ns9cj8rnVeAC,"We contribute a case study of El Paquete Semanal or ""The Weekly Package"" -- the pervasive, offline internet in Cuba. We conducted a qualitative inquiry of El Paquete through extensive fieldwork---interviews and observations---in Havana, Cuba. Our findings highlight the human infrastructure that supports this offline internet, rendered visible through the lens of articulation work. By offering an in-depth perspective into these workings of El Paquete, we aim to challenge established notions of what an (or the) internet ""should"" look like in more and less ""developed"" contexts. We highlight how El Paquete is a non-standardized and non-neutral internet, but still human-centered. We also offer an enriched understanding of how an entirely offline internet can provide expansive information access to support leisure and livelihood, additionally serving as a locally relevant platform that affords local participation."
Neha Kumar,https://scholar.google.com/citations?user=-ZqZyP0AAAAJ&hl=en,-ZqZyP0AAAAJ,Associate Professor @Georgia Tech,6494,"Human-Computer Interaction, Health",http://www.nehakumar.org/,"If it rains, ask grandma to disconnect the nano: Maintenance & care in Havana's streetnet",89,2019,https://scholar.google.com/citations?view_op=view_citation&hl=en&user=-ZqZyP0AAAAJ&pagesize=50&citation_for_view=-ZqZyP0AAAAJ:xtRiw3GOFMkC,"In Cuba, where internet access is severely constrained, technology enthusiasts have built StreetNet (SNET), a community network (CN) that has grown organically, reaching tens of thousands of households across Havana. Through fieldwork conducted in 2016 and 2017, we investigate participants' strategies as they engage with a network where the material elements---cables, switches, nanos, and servers---are regularly breaking down. Drawing on maintenance and care (M&C) scholarship, we present an in-depth investigation of the management and anticipation of breakdowns in SNET, foregrounding the deeply relational nature of repair work, collective efforts required for SNET's M&C, and the values and motivations underpinning these practices. Our paper contributes a unique perspective on how CNs are run locally and organically, outlining considerations for how interventions along these lines might be more …"
Neha Kumar,https://scholar.google.com/citations?user=-ZqZyP0AAAAJ&hl=en,-ZqZyP0AAAAJ,Associate Professor @Georgia Tech,6494,"Human-Computer Interaction, Health",http://www.nehakumar.org/,Rethinking Menstrual Trackers Towards Period-Positive Ecologies,88,2022,https://scholar.google.com/citations?view_op=view_citation&hl=en&user=-ZqZyP0AAAAJ&pagesize=50&citation_for_view=-ZqZyP0AAAAJ:5Ul4iDaHHb8C,"Menstrual tracking is a mechanism widely engaged towards preserving menstrual dignity, as natural birth control, for ensuring adequate preparation for an upcoming cycle, among other motivations. We investigate the design of digital menstrual trackers towards enabling period-positive ecologies in otherwise stigmatized contexts. We examine menstrual tracking practices across ages (12–65 yrs.) using a combination of methods—3 surveys (450+ responses), a cultural probe (10 adolescents), interviews (16 adults), and a review of (9) mobile applications. Our analysis highlights the diversity across menstrual tracking practices and the role of relationships in influencing these practices throughout the menstrual journey. We also identify menstrual tracking as an avenue towards the emancipation of those who menstruate. Finally, we draw on Martha Nussbaum’s central human capabilities to discuss sociotechnical …"
Neha Kumar,https://scholar.google.com/citations?user=-ZqZyP0AAAAJ&hl=en,-ZqZyP0AAAAJ,Associate Professor @Georgia Tech,6494,"Human-Computer Interaction, Health",http://www.nehakumar.org/,"Examining the"" Global"" Language of Emojis: Designing for Cultural Representation",86,2019,https://scholar.google.com/citations?view_op=view_citation&hl=en&user=-ZqZyP0AAAAJ&pagesize=50&citation_for_view=-ZqZyP0AAAAJ:f2IySw72cVMC,"Emojis are becoming an increasingly popular mode of communication between individuals worldwide, with researchers claiming them to be a type of ""ubiquitous language'' that can span different languages due to its pictorial nature. Our study uses a combination of methods to examine how emojis are adopted and perceived by individuals from diverse cultural backgrounds and 45 countries. Our survey and interview findings point to the existence of a cultural gap between user perceptions and the current emoji standard. Using participatory design, we sought to address this gap by designing 40 emojis and conducted another survey to evaluate their acceptability compared to existing Japanese emojis. We also draw on participant observation from a Unicode Consortium meeting on emoji addition. Our analysis leads us to discuss how emojis might be made more inclusive, diverse, and representative of the …"
Neha Kumar,https://scholar.google.com/citations?user=-ZqZyP0AAAAJ&hl=en,-ZqZyP0AAAAJ,Associate Professor @Georgia Tech,6494,"Human-Computer Interaction, Health",http://www.nehakumar.org/,Ai in global health: The view from the front lines,84,2021,https://scholar.google.com/citations?view_op=view_citation&hl=en&user=-ZqZyP0AAAAJ&pagesize=50&citation_for_view=-ZqZyP0AAAAJ:D_sINldO8mEC,"There has been growing interest in the application of AI for Social Good, motivated by scarce and unequal resources globally. We focus on the case of AI in frontline health, a Social Good domain that is increasingly a topic of significant attention. We offer a thematic discourse analysis of scientific and grey literature to identify prominent applications of AI in frontline health, motivations driving this work, stakeholders involved, and levels of engagement with the local context. We then uncover design considerations for these systems, drawing from data from three years of ethnographic fieldwork with women frontline health workers and women from marginalized communities in Delhi (India). Finally, we outline an agenda for AI systems that target Social Good, drawing from literature on HCI4D, post-development critique, and transnational feminist theory. Our paper thus offers a critical and ethnographic perspective to …"
Neha Kumar,https://scholar.google.com/citations?user=-ZqZyP0AAAAJ&hl=en,-ZqZyP0AAAAJ,Associate Professor @Georgia Tech,6494,"Human-Computer Interaction, Health",http://www.nehakumar.org/,Care as a resource in underserved learning environments,84,2017,https://scholar.google.com/citations?view_op=view_citation&hl=en&user=-ZqZyP0AAAAJ&pagesize=50&citation_for_view=-ZqZyP0AAAAJ:SeFeTyx0c_EC,"We present results from an ethnographic inquiry of technology-based learning at an after-school learning center in Mumbai (India) that caters to students from neighboring slum communities.We conducted participant observation for 120 hours and 58 semi-structured interviews with different stakeholders (including teachers, staff, parents, and students) at the center over nine weeks from December 2015 to July 2016. Taking an assets-based approach in an underserved context, we uncover the role of care as a resource and present the rich and varied caring behaviors enacted in this sociotechnical system.We then discuss how care effects a greater sense of ownership, interdependency, and community. Examining the role of aligning values in motivating caring behavior, we conclude with recommendations for supporting, leveraging, and extending care via technology design in an underserved, technology-enhanced …"
Neha Kumar,https://scholar.google.com/citations?user=-ZqZyP0AAAAJ&hl=en,-ZqZyP0AAAAJ,Associate Professor @Georgia Tech,6494,"Human-Computer Interaction, Health",http://www.nehakumar.org/,From Needs to Strengths: Operationalizing an Assets-Based Design of Technology,82,2020,https://scholar.google.com/citations?view_op=view_citation&hl=en&user=-ZqZyP0AAAAJ&pagesize=50&citation_for_view=-ZqZyP0AAAAJ:4fKUyHm3Qg0C,"Guided by a human-centered design focus on users' needs, Computer-Supported Collaborative Work (CSCW) research and practice have increasingly explored how to address the multiple inequities affecting historically marginalized groups. A growing body of CSCW and Human-Computer Interaction (HCI) research, building upon education and community development literature, argues that centering on needs dismisses marginalized users' capacity for driving change. Needs-based views often lead to designs for the ""here and now,'' further marginalizing populations and perpetuating stereotypes. In contrast, an assets-based approach that puts users' knowledge, strengths, and capacities---\textitassets ---at the core of design can better promote sustained impact. Translating assets into meaningful designs that interact with intersecting systems of oppression, however, raises critical questions:What are assets …"
Neha Kumar,https://scholar.google.com/citations?user=-ZqZyP0AAAAJ&hl=en,-ZqZyP0AAAAJ,Associate Professor @Georgia Tech,6494,"Human-Computer Interaction, Health",http://www.nehakumar.org/,Bridging disconnected knowledges for community health,82,2018,https://scholar.google.com/citations?view_op=view_citation&hl=en&user=-ZqZyP0AAAAJ&pagesize=50&citation_for_view=-ZqZyP0AAAAJ:ldfaerwXgEUC,"We conducted a field study of Mohalla Clinics in Delhi (India), drawing on Haraway's work to highlight the importance of considering disparate, partial perspectives in the ecologies of such clinics. We emphasized that inadequate attention given to patients' and health workers' perspectives, and the low preparedness of the doctors at the clinics, resulted in the clinics being unable to address the needs of target patient groups. We concluded by contributing to ongoing, important conversations in the fields of ICTD, CSCW, and HCI towards redesigning healthcare interventions, revisiting patient empowerment, and redefining the role of ASHAs as infomediaries."
Neha Kumar,https://scholar.google.com/citations?user=-ZqZyP0AAAAJ&hl=en,-ZqZyP0AAAAJ,Associate Professor @Georgia Tech,6494,"Human-Computer Interaction, Health",http://www.nehakumar.org/,Mental health in the global south: challenges and opportunities in HCI for development,81,2019,https://scholar.google.com/citations?view_op=view_citation&hl=en&user=-ZqZyP0AAAAJ&pagesize=50&citation_for_view=-ZqZyP0AAAAJ:abG-DnoFyZgC,"Mental illness is rapidly gaining recognition as a serious global challenge. Recent human-computer interaction (HCI) research has investigated mental health as a domain of concern, but is yet to venture into the Global South, where the problem exhibits a more complex, intersectional nature. In this paper, we review work on mental health in the Global South and present a case for HCI for Development (HCI4D) to look at mental health-both because it is an inarguably important area of concern in itself, and also because it impacts the efficacy of HCI4D interventions in other domains. We consider the role of cultural and resource-based interactions towards accessibility challenges and continuing stigma around mental health. We also identify participants' mental health as a constant consideration for HCI4D and present best practices for measuring and incorporating it. As an example, we demonstrate how both the …"
Neha Kumar,https://scholar.google.com/citations?user=-ZqZyP0AAAAJ&hl=en,-ZqZyP0AAAAJ,Associate Professor @Georgia Tech,6494,"Human-Computer Interaction, Health",http://www.nehakumar.org/,Braving citational justice in human-computer interaction,78,2021,https://scholar.google.com/citations?view_op=view_citation&hl=en&user=-ZqZyP0AAAAJ&pagesize=50&citation_for_view=-ZqZyP0AAAAJ:5ugPr518TE4C,"Citations are central to the production and sharing of knowledge, and how, why, and where citations are used has been an intense subject of study across disciplines. We discuss citational practices and the politics of knowledge production within the field of Human-Computer Interaction (HCI), drawing on parallels from related fields, and reflecting on our own experiences of being cited and not cited, citing and not citing. We also present recommendations for making concrete changes across the individual and the structural in HCI, related to how citations are viewed, and how the field might advance in solidarity towards greater citational justice."
Neha Kumar,https://scholar.google.com/citations?user=-ZqZyP0AAAAJ&hl=en,-ZqZyP0AAAAJ,Associate Professor @Georgia Tech,6494,"Human-Computer Interaction, Health",http://www.nehakumar.org/,Sociocultural Dimensions of Tracking Health and Taking Care,78,2020,https://scholar.google.com/citations?view_op=view_citation&hl=en&user=-ZqZyP0AAAAJ&pagesize=50&citation_for_view=-ZqZyP0AAAAJ:08ZZubdj9fEC,"The field of personal health informatics has received increasing attention within the CSCW and HCI communities as health tracking becomes more affordable, accessible, and pervasive. Chronic disease management, in particular, presents tremendous potential for intervention given patients' ability to now actively participate in their care through tracking. The focus on 'personal' in health informatics, however, obfuscates the role of other cultural and ecological factors that might shape health tracking behaviors, and important information from alternative sources could be ignored by virtue of being subjective, complex, or simply hard to collect. To dig deeper into these negative spaces that may go untracked, uncover potential sources of important health information, and more completely understand current tracking practices, we embarked on an interview study with patients with cardiac diseases in Bangalore, India. In …"
Neha Kumar,https://scholar.google.com/citations?user=-ZqZyP0AAAAJ&hl=en,-ZqZyP0AAAAJ,Associate Professor @Georgia Tech,6494,"Human-Computer Interaction, Health",http://www.nehakumar.org/,Aspirations-based design,78,2019,https://scholar.google.com/citations?view_op=view_citation&hl=en&user=-ZqZyP0AAAAJ&pagesize=50&citation_for_view=-ZqZyP0AAAAJ:rO6llkc54NcC,"We present a case for aspirations-based design by drawing on a qualitative inquiry into the lives of young girls in rural West Bengal (India). These girls form a particularly vulnerable population, coming from an area known to be susceptible to sex trafficking and crimes against women. We leverage our findings to engage with Kentaro Toyama's call for greater attention to aspirations in designing technology for development [51]. We highlight the aspirations of and for these girls and reflect on the embedded, temporal, and mutable qualities of these aspirations. Finally, we examine how an aspirations-based design approach might factor these qualities into technology design. Although our analysis draws on empirical findings from rural/suburban India, the insights derived from this research are relevant for the process of designing technologies towards fulfillment of aspirations, more generally."
Neha Kumar,https://scholar.google.com/citations?user=-ZqZyP0AAAAJ&hl=en,-ZqZyP0AAAAJ,Associate Professor @Georgia Tech,6494,"Human-Computer Interaction, Health",http://www.nehakumar.org/,“Can I Not Be Suicidal on a Sunday?”: Understanding Technology-Mediated Pathways to Mental Health Support,75,2021,https://scholar.google.com/citations?view_op=view_citation&hl=en&user=-ZqZyP0AAAAJ&pagesize=50&citation_for_view=-ZqZyP0AAAAJ:bnK-pcrLprsC,"Individuals in distress adopt varied pathways in pursuit of care that aligns with their individual needs. Prior work has established that the first resource an individual leverages can influence later care and recovery, but less is understood about how the design of a point of care might interact with subsequent pathways to care. We investigate how the design of the Indian mental health helpline system interacts with complex sociocultural factors to marginalize caller needs. We draw on interviews with 18 helpline stakeholders, including individuals who have engaged with helplines in the past, shedding light on how they navigate both technological and structural barriers in pursuit of relief. Finally, we use a design justice framework rooted in Amartya Sen’s conceptualization of realization-focused justice to discuss implications and present recommendations towards the design of technology-mediated points of mental …"
Neha Kumar,https://scholar.google.com/citations?user=-ZqZyP0AAAAJ&hl=en,-ZqZyP0AAAAJ,Associate Professor @Georgia Tech,6494,"Human-Computer Interaction, Health",http://www.nehakumar.org/,"Knowledge, access, and decision-making: Women's financial inclusion in Pakistan",75,2018,https://scholar.google.com/citations?view_op=view_citation&hl=en&user=-ZqZyP0AAAAJ&pagesize=50&citation_for_view=-ZqZyP0AAAAJ:vV6vV6tmYwMC,"In resource-constrained economies, lack of financial participation prohibits women's economic empowerment and opportunities to improve circumstances. With the advent of Digital Financial Services (DFS), a growing emphasis has been placed on the possible positive impact of DFS on lives of individuals. However, for people to understand, adopt, and use DFS, they require certain prerequisites and enablers. In this paper, we use a mixed methods approach to analyze the gendered barriers in the readiness for and adoption of DFS as well as the impact of gendered roles in curtailing or enhancing the same. We present our analysis of 51 semi-structured interviews to evaluate the affordances or, lack thereof, in affordability of funds, authority of transactions, access to technological devices, and agency of social and cultural mobility--all of which are prerequisites to fully utilizing DFS. We discuss the sociocultural and …"
Neha Kumar,https://scholar.google.com/citations?user=-ZqZyP0AAAAJ&hl=en,-ZqZyP0AAAAJ,Associate Professor @Georgia Tech,6494,"Human-Computer Interaction, Health",http://www.nehakumar.org/,"Taking the Long, Intersectional, and Holistic View to Women's Wellbeing",73,,https://scholar.google.com/citations?view_op=view_citation&hl=en&user=-ZqZyP0AAAAJ&pagesize=50&citation_for_view=-ZqZyP0AAAAJ:uWQEDVKXjbEC,
Neha Kumar,https://scholar.google.com/citations?user=-ZqZyP0AAAAJ&hl=en,-ZqZyP0AAAAJ,Associate Professor @Georgia Tech,6494,"Human-Computer Interaction, Health",http://www.nehakumar.org/,Examining Low-Cost Virtual Reality for Learning in Low-Resource Environments,71,2017,https://scholar.google.com/citations?view_op=view_citation&hl=en&user=-ZqZyP0AAAAJ&pagesize=50&citation_for_view=-ZqZyP0AAAAJ:r0BpntZqJG4C,"We describe our experiences co-designing low-cost Virtual Reality-augmented learning experiences with and for an after-school learning center in Mumbai, India that caters to low-income children from neighboring communities. In partnership with 5 staff members and 16 students at the center, we spent 7 weeks co-designing, piloting, and iterating on VR lessons targeting 28 academic topics over a total of 15 classroom sessions. We found that VR was used to demonstrate real-world phenomena, illustrate abstract concepts, compare and contrast places in the curriculum against virtual landmarks, and motivate students. Most importantly, VR's representational fidelity appeared to arouse students' curiosity, leading them to ask more questions that reflected deeper engagement with the topic."
Neha Kumar,https://scholar.google.com/citations?user=-ZqZyP0AAAAJ&hl=en,-ZqZyP0AAAAJ,Associate Professor @Georgia Tech,6494,"Human-Computer Interaction, Health",http://www.nehakumar.org/,Towards an AI-Powered Future that Works for Vocational Workers,69,2020,https://scholar.google.com/citations?view_op=view_citation&hl=en&user=-ZqZyP0AAAAJ&pagesize=50&citation_for_view=-ZqZyP0AAAAJ:KxtntwgDAa4C,"The future of work is speculated to undergo profound change with increased automation. Predictable jobs are projected to face high susceptibility to technological developments. Many economies in Global South are built around outsourcing and manual labour, facing a risk of job insecurity. In this paper, we examine the perceptions and practices around automated futures of work among a population that is highly vulnerable to algorithms and robots entering rule-based and manual domains: vocational technicians. We present results from participatory action research with 38 vocational technician students of low socio-economic status in Bangalore, India. Our findings show that technicians were unfamiliar with the growth of automation, but upon learning about it, articulated an emic vision for a future of work in-line with their value systems. Participants felt excluded by current technological platforms for skilling and job …"
Neha Kumar,https://scholar.google.com/citations?user=-ZqZyP0AAAAJ&hl=en,-ZqZyP0AAAAJ,Associate Professor @Georgia Tech,6494,"Human-Computer Interaction, Health",http://www.nehakumar.org/,The future of care work: towards a radical politics of care in CSCW research and practice,68,2021,https://scholar.google.com/citations?view_op=view_citation&hl=en&user=-ZqZyP0AAAAJ&pagesize=50&citation_for_view=-ZqZyP0AAAAJ:kRWSkSYxWN8C,"Computer-Supported Cooperative Work (CSCW) and Human- Computer Interaction (HCI) have long studied how technology can support material and relational aspects of care work, typically in clinical healthcare settings. More recently, we see increasing recognition of care work such as informal healthcare provision, child and elderly care, organizing and advocacy, domestic work, and service work. However, the COVID-19 pandemic has underscored long-present tensions between the deep necessity and simultaneous devaluation of our care infrastructures. This highlights the need to attend to the broader social, political, and economic systems that shape care work and the emerging technologies being used in care work. This leads us to ask several critical questions: What counts as care work and why? How is care work (de)valued, (un)supported, or coerced under capitalism and to what end? What narratives …"
Neha Kumar,https://scholar.google.com/citations?user=-ZqZyP0AAAAJ&hl=en,-ZqZyP0AAAAJ,Associate Professor @Georgia Tech,6494,"Human-Computer Interaction, Health",http://www.nehakumar.org/,Infrastructuring telehealth in (in) formal patient-doctor contexts,68,2021,https://scholar.google.com/citations?view_op=view_citation&hl=en&user=-ZqZyP0AAAAJ&pagesize=50&citation_for_view=-ZqZyP0AAAAJ:8AbLer7MMksC,"Telehealth technologies have long remained on the peripheries of healthcare systems that prioritize in-person healthcare provision. The spread of the COVID-19 pandemic has foregrounded the need to formalize telehealth infrastructures, particularly teleconsultations, to ensure continued care provision through remote mechanisms. In the Indian healthcare context, prior to the pandemic, teleconsultations have been used to substitute for in-person consultations when possible, and to facilitate remote follow-up care without exacerbating pressures on limited personal resources. We conducted a survey and interview study to investigate doctors' and patients' perceptions, experiences, and expectations around teleconsultations, and how these contribute towards supplementing healthcare infrastructures in India, focusing on the changes brought about by the COVID-19 pandemic. In this paper, we describe the efforts of …"
Neha Kumar,https://scholar.google.com/citations?user=-ZqZyP0AAAAJ&hl=en,-ZqZyP0AAAAJ,Associate Professor @Georgia Tech,6494,"Human-Computer Interaction, Health",http://www.nehakumar.org/,"Privacy, Patriarchy, and Participation on Social Media",68,2019,https://scholar.google.com/citations?view_op=view_citation&hl=en&user=-ZqZyP0AAAAJ&pagesize=50&citation_for_view=-ZqZyP0AAAAJ:EUQCXRtRnyEC,"Technology use in India is highly gendered across diverse socioeconomic backgrounds, and women have only recently come to widely adopt smartphones, mobile internet, and social media---even in urban India. We present an in-depth qualitative investigation of the appropriation of social computing technologies by women from urban, middle-income households in New Delhi and Bangalore, India. Our findings highlight the additional burden that these women must contend with, on account of gender, as they engage on social media. We discuss these findings to make three contributions. First, we extend conversations on gender in Human-Computer Interaction (HCI) by discussing how design in patriarchal contexts might be rooted in existing efforts towards change and appropriation. Second, we expand understandings of privacy in HCI as being situated in the relationship between the individual and the collective …"
Neha Kumar,https://scholar.google.com/citations?user=-ZqZyP0AAAAJ&hl=en,-ZqZyP0AAAAJ,Associate Professor @Georgia Tech,6494,"Human-Computer Interaction, Health",http://www.nehakumar.org/,"Engaging feminist solidarity for comparative research, design, and practice",67,2019,https://scholar.google.com/citations?view_op=view_citation&hl=en&user=-ZqZyP0AAAAJ&pagesize=50&citation_for_view=-ZqZyP0AAAAJ:nb7KW1ujOQ8C,"Research in the fields of Computer Supported Cooperative Work (CSCW) and Human-Computer Interaction (HCI) is increasingly embracing and moving across borders. While universalism in such research is widely rejected, sole focus on the ""particular'' is also commonly critiqued. Kentaro Toyama unpacks this tension, calling for balance via ""deliberate efforts to understand the interplay of human universals and cultural differences, and how it pertains to design.'' In this paper, one such deliberate effort, we introduce the notion of feminist solidarity---as theorized by Chandra Mohanty---for drawing connections across borders in CSCW and HCI research, design, and practice. To enable contributions in these fields to cross cultures and geographies in productive ways, we draw attention to commonalities in the struggles and processes of resistance operating in different contexts of study. To do this, we present lessons …"
Neha Kumar,https://scholar.google.com/citations?user=-ZqZyP0AAAAJ&hl=en,-ZqZyP0AAAAJ,Associate Professor @Georgia Tech,6494,"Human-Computer Interaction, Health",http://www.nehakumar.org/,When is machine learning data good?: Valuing in public health datafication,66,2022,https://scholar.google.com/citations?view_op=view_citation&hl=en&user=-ZqZyP0AAAAJ&pagesize=50&citation_for_view=-ZqZyP0AAAAJ:olpn-zPbct0C,"Data-driven approaches that form the foundation of advancements in machine learning (ML) are powered in large part by human infrastructures that enable the collection of large datasets. We study the movement of data through multiple stages of data processing in the context of public health in India, examining the data work performed by frontline health workers, data stewards, and ML developers. We conducted interviews with these stakeholders to understand their varied perspectives on valuing data across stages, working with data to attain this value, and challenges arising throughout. We discuss the tensions in valuing and how they might be addressed, as we emphasize the need for improved transparency and accountability when data are transformed from one stage of processing to the next."
Neha Kumar,https://scholar.google.com/citations?user=-ZqZyP0AAAAJ&hl=en,-ZqZyP0AAAAJ,Associate Professor @Georgia Tech,6494,"Human-Computer Interaction, Health",http://www.nehakumar.org/,The mobile media actor-network in urban India,66,2013,https://scholar.google.com/citations?view_op=view_citation&hl=en&user=-ZqZyP0AAAAJ&pagesize=50&citation_for_view=-ZqZyP0AAAAJ:4DMP91E08xMC,"Building on a growing body of human-computer interaction (HCI) literature on information and communication technology (ICT) use in the developing world, this paper describes the vast, growing mobile media consumption culture in India, which relies on the ubiquity of informal socioeconomic practices for reproducing, sharing, and distributing pirated digital media. Using an Actor-Network Theory (ANT) based approach, we show how piracy not only fuels media consumption, but also drives further technology adoption and promotes digital literacy. To do this, we first uncover the role of piracy as a legitimate actor that brings ICT capability to underserved communities and reveal the heterogeneous character of the pirated mobile media distribution and consumption infrastructure in India. We then emphasize the benefits of an ANT-based theory-driven analysis to HCI's efforts in this arena. In particular, ANT enables us …"
Neha Kumar,https://scholar.google.com/citations?user=-ZqZyP0AAAAJ&hl=en,-ZqZyP0AAAAJ,Associate Professor @Georgia Tech,6494,"Human-Computer Interaction, Health",http://www.nehakumar.org/,Menstrual (Im) Mobilities and Safe Spaces,64,2020,https://scholar.google.com/citations?view_op=view_citation&hl=en&user=-ZqZyP0AAAAJ&pagesize=50&citation_for_view=-ZqZyP0AAAAJ:UxriW0iASnsC,"In cultural contexts where menstruation is a stigmatized health topic, daily management of menstrual hygiene comes with its set of challenges. Our research aims to identify and examine such challenges faced during menstruation in the urban environs of Delhi, India. Through participatory design activities and interviews conducted with 35 participants who identified as menstruating and female, and a survey with 139 responses, we investigate how participants deal with their periods on the go. We also examine participants' conceptualizations of safe spaces, where they are able to deal with their period on their own terms. Finally, we discuss how menstrual mobilities are being, and might be, supported through technology-based interventions for a third space, targeting the legibility, literacy, and legitimacy of surrounding environments."
Neha Kumar,https://scholar.google.com/citations?user=-ZqZyP0AAAAJ&hl=en,-ZqZyP0AAAAJ,Associate Professor @Georgia Tech,6494,"Human-Computer Interaction, Health",http://www.nehakumar.org/,When the internet goes down in bangladesh,63,2017,https://scholar.google.com/citations?view_op=view_citation&hl=en&user=-ZqZyP0AAAAJ&pagesize=50&citation_for_view=-ZqZyP0AAAAJ:4JMBOYKVnBMC,"We present a study of internet use and its forced non-use in Bangladesh. In light of current initiatives by state and industry actors to improve internet access and bridge the 'digital divide' for under-served, under-resourced, and underrepresented communities across the world, we offer a situated, qualitative perspective on what the current state of internet use looks like for select social groups in Bangladesh. We analyze how a state-imposed ban attempted to affect the nonuse of particular web-based services and how the affected populations found or did not find workarounds in response. We also discuss takeaways for researchers as well as industry and state actors studying and working towards more equitable access to the internet in the 'developing' world."
Neha Kumar,https://scholar.google.com/citations?user=-ZqZyP0AAAAJ&hl=en,-ZqZyP0AAAAJ,Associate Professor @Georgia Tech,6494,"Human-Computer Interaction, Health",http://www.nehakumar.org/,Computing beyond gender-imposed limits,62,2016,https://scholar.google.com/citations?view_op=view_citation&hl=en&user=-ZqZyP0AAAAJ&pagesize=50&citation_for_view=-ZqZyP0AAAAJ:j3f4tGmQtD8C,"Gender inequality has long been on the list of factors that impose limits on the potential of computing, in ways that have been more and less obvious. Drawing on ethnographic findings from marginalized communities in Bangladesh, we analyze the impact of gender inequality on the stages of user research, design, deployment, and use of computing technologies. We conclude with a discussion of how a combination of design, policy, and/or theoretical approaches might supply us with tools to combat the challenges faced in these stages in order to bring about greater equity and participation in the world of computing."
Neha Kumar,https://scholar.google.com/citations?user=-ZqZyP0AAAAJ&hl=en,-ZqZyP0AAAAJ,Associate Professor @Georgia Tech,6494,"Human-Computer Interaction, Health",http://www.nehakumar.org/,Sidestepping the Elephant in the Classroom: Using Culturally Localized Technology to Teach Around Taboos,61,2017,https://scholar.google.com/citations?view_op=view_citation&hl=en&user=-ZqZyP0AAAAJ&pagesize=50&citation_for_view=-ZqZyP0AAAAJ:HDshCWvjkbEC,"Cultural taboos can restrict student learning on topics of critical importance. In India, such taboos have led multiple states to ban materials intended to educate youth about HIV, putting millions at risk. We present the design of TeachAIDS, a software application that leverages cultural insights, learning science, and affordances of technology to provide comprehensive HIV education while circumventing taboos. Using a mixed-methods evaluation, we demonstrate that this software leaves students with significantly increased knowledge about HIV and reduced stigma toward individuals infected with the virus. Validating the effectiveness of TeachAIDS in circumventing taboos, students report comfort in learning from the software, and it has since been deployed in tens of thousands of schools throughout India. The methodology presented here has broader implications for the design and implementation of interactive …"
Neha Kumar,https://scholar.google.com/citations?user=-ZqZyP0AAAAJ&hl=en,-ZqZyP0AAAAJ,Associate Professor @Georgia Tech,6494,"Human-Computer Interaction, Health",http://www.nehakumar.org/,The pandemic shift to remote learning under resource constraints,59,2021,https://scholar.google.com/citations?view_op=view_citation&hl=en&user=-ZqZyP0AAAAJ&pagesize=50&citation_for_view=-ZqZyP0AAAAJ:PELIpwtuRlgC,"The COVID-19 pandemic has forced the transition of workflows across sectors to digital platforms. In education settings, stakeholders previously reluctant to integrate computing technology in the classroom now find themselves with little choice but to embrace it. This move to the digital brings additional challenges in underserved contexts with limited, intermittent, and shared access to mobile or computing devices and the internet. In this rapidly evolving digital landscape, we investigate how educational institutions (schools and non-profit organizations) working with underserved populations in India are managing the transition to online or remote learning. We conducted twenty remote interviews with students, teachers, and administrators from underserved contexts across India. We found that online learning efforts in this setting relied on a resilient human infrastructure comprised of students, teachers, parents …"
Neha Kumar,https://scholar.google.com/citations?user=-ZqZyP0AAAAJ&hl=en,-ZqZyP0AAAAJ,Associate Professor @Georgia Tech,6494,"Human-Computer Interaction, Health",http://www.nehakumar.org/,"""We are half-doctors"": Family Caregivers as Boundary Actors in Chronic Disease Management",55,2023,https://scholar.google.com/citations?view_op=view_citation&hl=en&user=-ZqZyP0AAAAJ&pagesize=50&citation_for_view=-ZqZyP0AAAAJ:5awf1xo2G04C,"Computer-Supported Cooperative Work (CSCW) and Human--Computer Interaction (HCI) research is increasingly investigating the roles of caregivers as ancillary stakeholders in patient-centered care. Our research extends this body of work to identify caregivers as key decision-makers and boundary actors in mobilizing and managing care. We draw on qualitative data collected via 20 semi-structured interviews to examine caregiving responsibilities in physical and remote care interactions within households in urban India. Our findings demonstrate the crucial intermediating roles family caregivers take on while situated along the boundaries separating healthcare professionals, patients and other household members, and online/offline communities. We propose design recommendations for supporting caregivers in intermediating patient-centered care, such as through training content and expert feedback …"
Neha Kumar,https://scholar.google.com/citations?user=-ZqZyP0AAAAJ&hl=en,-ZqZyP0AAAAJ,Associate Professor @Georgia Tech,6494,"Human-Computer Interaction, Health",http://www.nehakumar.org/,Only if you use English you will get to more things: Using Smartphones to Navigate Multilingualism,54,2018,https://scholar.google.com/citations?view_op=view_citation&hl=en&user=-ZqZyP0AAAAJ&pagesize=50&citation_for_view=-ZqZyP0AAAAJ:RGFaLdJalmkC,"We contribute to the intersection of multilingualism and human-computer interaction (HCI) with our investigation of language preferences in the context of the interface design of interactive systems. Through interview data collected from avid smartphone users located across distinct user groups in India, none of whom were native English speakers, we examine the factors that shape language choice and use on their mobile devices. Our findings indicate that these users frequently engage in English communication proactively and enthusiastically, despite their lack of English fluency, and we detail their motivations for doing so. We then discuss how language in technology use can be a way of putting forth mobility as an aspect of one's identity, making the case for an intersectional approach to studying language in HCI."
Neha Kumar,https://scholar.google.com/citations?user=-ZqZyP0AAAAJ&hl=en,-ZqZyP0AAAAJ,Associate Professor @Georgia Tech,6494,"Human-Computer Interaction, Health",http://www.nehakumar.org/,The gender-technology divide or perceptions of non-use?,52,2015,https://scholar.google.com/citations?view_op=view_citation&hl=en&user=-ZqZyP0AAAAJ&pagesize=50&citation_for_view=-ZqZyP0AAAAJ:QIV2ME_5wuYC,"There exists a widely acknowledged gender divide in rural India that is perceived to complicate, often cripple, women’s access to various new media technologies, including mobile devices that their male counterparts have been using for several years. My research takes a deeper look at this divide to offer a more nuanced understanding that extends beyond the dualism of use and non-use and deconstructs the popular notions that rural Indian women are digitally illiterate, have little time or inclination to use technology, or would find it to be of little use. I analyze the role that patriarchal practices play in structuring the perceptions of women’s interactions with mobile phones using qualitative data collected over multiple site visits to Raebareli district in rural Uttar Pradesh (India)."
Neha Kumar,https://scholar.google.com/citations?user=-ZqZyP0AAAAJ&hl=en,-ZqZyP0AAAAJ,Associate Professor @Georgia Tech,6494,"Human-Computer Interaction, Health",http://www.nehakumar.org/,Social Media for Earthquake Response: Unpacking its Limitations with Care,50,2017,https://scholar.google.com/citations?view_op=view_citation&hl=en&user=-ZqZyP0AAAAJ&pagesize=50&citation_for_view=-ZqZyP0AAAAJ:u_35RYKgDlwC,"When a 7.8 intensity earthquake caused widespread disaster in Ecuador on April 16, 2016, citizens across the country self-organized to gather, mobilize, and distribute supplies to affected populations, assuming the role of ad hoc humanitarian logisticians. Drawing on ethnographic findings, we present a situated perspective of how these citizens straddled the boundaries of online and offline activity for earthquake relief. In doing so, we offer an enriched understanding of how various social media channels might support informal, on-the-ground, crisis response, but also where they fall short in the process. Studying the emergence of care where social media fell short allows us to make recommendations for technology design to improve the effectiveness of logisticians in crisis response. By examining the bodily engagement of our participants at crisis sites, their efforts to deal with material convergence, and how they …"
Taesoo Kim,https://scholar.google.com/citations?user=06hgT8gAAAAJ&hl=en,06hgT8gAAAAJ,Georgia Institute of Technology,12368,"Security, Operating System, Systems",https://taesoo.kim/,{QSYM}: A practical concolic execution engine tailored for hybrid fuzzing,758,2018,https://scholar.google.com/citations?view_op=view_citation&hl=en&user=06hgT8gAAAAJ&pagesize=50&citation_for_view=06hgT8gAAAAJ:jNf07s93Da0C,"Recently, hybrid fuzzing has been proposed to address the limitations of fuzzing and concolic execution by combining both approaches. The hybrid approach has shown its effectiveness in various synthetic benchmarks such as DARPA Cyber Grand Challenge (CGC) binaries, but it still suffers from scaling to find bugs in complex, realworld software. We observed that the performance bottleneck of the existing concolic executor is the main limiting factor for its adoption beyond a small-scale study. To overcome this problem, we design a fast concolic execution engine, called QSYM, to support hybrid fuzzing. The key idea is to tightly integrate the symbolic emulation with the native execution using dynamic binary translation, making it possible to implement more fine-grained, so faster, instruction-level symbolic emulation. Additionally, QSYM loosens the strict soundness requirements of conventional concolic executors for better performance, yet takes advantage of a faster fuzzer for validation, providing unprecedented opportunities for performance optimizations, eg, optimistically solving constraints and pruning uninteresting basic blocks. Our evaluation shows that QSYM does not just outperform state-of-the-art fuzzers (ie, found 14× more bugs than VUzzer in the LAVA-M dataset, and outperformed Driller in 104 binaries out of 126), but also found 13 previously unknown security bugs in eight real-world programs like Dropbox Lepton, ffmpeg, and OpenJPEG, which have already been intensively tested by the stateof-the-art fuzzers, AFL and OSS-Fuzz."
Taesoo Kim,https://scholar.google.com/citations?user=06hgT8gAAAAJ&hl=en,06hgT8gAAAAJ,Georgia Institute of Technology,12368,"Security, Operating System, Systems",https://taesoo.kim/,Inferring fine-grained control flow inside {SGX} enclaves with branch shadowing,724,2017,https://scholar.google.com/citations?view_op=view_citation&hl=en&user=06hgT8gAAAAJ&pagesize=50&citation_for_view=06hgT8gAAAAJ:L1d--jQnBlAC,"Intel has introduced a hardware-based trusted execution environment, Intel Software Guard Extensions (SGX), that provides a secure, isolated execution environment, or enclave, for a user program without trusting any underlying software (eg, an operating system) or firmware. Researchers have demonstrated that SGX is vulnerable to a page-fault-based attack. However, the attack only reveals page-level memory accesses within an enclave. In this paper, we explore a new, yet critical, sidechannel attack, branch shadowing, that reveals finegrained control flows (branch granularity) in an enclave. The root cause of this attack is that SGX does not clear branch history when switching from enclave to nonenclave mode, leaving fine-grained traces for the outside world to observe, which gives rise to a branch-prediction side channel. However, exploiting this channel in practice is challenging because 1) measuring branch execution time is too noisy for distinguishing fine-grained controlflow changes and 2) pausing an enclave right after it has executed the code block we target requires sophisticated control. To overcome these challenges, we develop two novel exploitation techniques: 1) a last branch record (LBR)-based history-inferring technique and 2) an advanced programmable interrupt controller (APIC)-based technique to control the execution of an enclave in a finegrained manner. An evaluation against RSA shows that our attack infers each private key bit with 99.8% accuracy. Finally, we thoroughly study the feasibility of hardwarebased solutions (ie, branch history flushing) and propose a software-based approach that mitigates the attack."
Taesoo Kim,https://scholar.google.com/citations?user=06hgT8gAAAAJ&hl=en,06hgT8gAAAAJ,Georgia Institute of Technology,12368,"Security, Operating System, Systems",https://taesoo.kim/,T-SGX: Eradicating Controlled-Channel Attacks Against Enclave Programs.,552,2017,https://scholar.google.com/citations?view_op=view_citation&hl=en&user=06hgT8gAAAAJ&pagesize=50&citation_for_view=06hgT8gAAAAJ:ChsjQIg5EFEC,"Intel Software Guard Extensions (SGX) is a hardware-based trusted execution environment (TEE) that enables secure execution of a program in an isolated environment, an enclave. SGX hardware protects the running enclave against malicious software, including an operating system (OS), a hypervisor, and even low-level firmwares. This strong security property allows the trustworthy execution of programs in a hostile environment, such as a public cloud, without trusting anyone (eg, a cloud provider) between the enclave and the SGX hardware. However, recent studies have demonstrated that enclave programs are vulnerable to an accurate controlled-channel attack: Since enclaves rely on the underlying OS, a curious or potentially malicious OS can observe a sequence of accessed addresses by intentionally triggering page faults.In this paper, we propose T-SGX, a complete mitigation solution to the controlled-channel attack in terms of compatibility, performance, and ease of use. T-SGX relies on a commodity component of the Intel processor (since Haswell), Transactional Synchronization Extensions (TSX), which implements a restricted form of hardware transactional memory. As TSX is implemented as an extension (ie, snooping the cache protocol), any unusual event, such as an exception or interrupt, that should be handled in its core component, results in an abort of the ongoing transaction. One interesting property is that the TSX abort suppresses the notification of errors to the underlying OS, which means that the OS cannot know whether a page fault has occurred during the transaction. T-SGX, by utilizing such property, can carefully …"
Taesoo Kim,https://scholar.google.com/citations?user=06hgT8gAAAAJ&hl=en,06hgT8gAAAAJ,Georgia Institute of Technology,12368,"Security, Operating System, Systems",https://taesoo.kim/,{STEALTHMEM}:{System-Level} protection against {Cache-Based} side channel attacks in the cloud,522,2012,https://scholar.google.com/citations?view_op=view_citation&hl=en&user=06hgT8gAAAAJ&pagesize=50&citation_for_view=06hgT8gAAAAJ:9yKSN-GCB0IC,"Cloud services are rapidly gaining adoption due to the promises of cost efficiency, availability, and on-demand scaling. To achieve these promises, cloud providers share physical resources to support multi-tenancy of cloud platforms. However, the possibility of sharing the same hardware with potential attackers makes users reluctant to offload sensitive data into the cloud. Worse yet, researchers have demonstrated side channel attacks via shared memory caches to break full encryption keys of AES, DES, and RSA.We present STEALTHMEM, a system-level protection mechanism against cache-based side channel attacks in the cloud. STEALTHMEM manages a set of locked cache lines per core, which are never evicted from the cache, and efficiently multiplexes them so that each VM can load its own sensitive data into the locked cache lines. Thus, any VM can hide memory access patterns on confidential data from other VMs. Unlike existing state-of-the-art mitigation methods, STEALTHMEM works with existing commodity hardware and does not require profound changes to application software. We also present a novel idea and prototype for isolating cache lines while fully utilizing memory by exploiting architectural properties of set-associative caches. STEALTHMEM imposes 5.9% of performance overhead on the SPEC 2006 CPU benchmark, and between 2% and 5% overhead on secured AES, DES and Blowfish, requiring only between 3 and 34 lines of code changes from the original implementations."
Taesoo Kim,https://scholar.google.com/citations?user=06hgT8gAAAAJ&hl=en,06hgT8gAAAAJ,Georgia Institute of Technology,12368,"Security, Operating System, Systems",https://taesoo.kim/,SplitFS: Reducing software overhead in file systems for persistent memory,298,2019,https://scholar.google.com/citations?view_op=view_citation&hl=en&user=06hgT8gAAAAJ&pagesize=50&citation_for_view=06hgT8gAAAAJ:rn4dCvfRltYC,"We present SplitFS, a file system for persistent memory (PM) that reduces software overhead significantly compared to state-of-the-art PM file systems. SplitFS presents a novel split of responsibilities between a user-space library file system and an existing kernel PM file system. The user-space library file system handles data operations by intercepting POSIX calls, memory-mapping the underlying file, and serving the read and overwrites using processor loads and stores. Metadata operations are handled by the kernel PM file system (ext4 DAX). SplitFS introduces a new primitive termed relink to efficiently support file appends and atomic data operations. SplitFS provides three consistency modes, which different applications can choose from, without interfering with each other. SplitFS reduces software overhead by up-to 4x compared to the NOVA PM file system, and 17x compared to ext4 DAX. On a number of …"
Taesoo Kim,https://scholar.google.com/citations?user=06hgT8gAAAAJ&hl=en,06hgT8gAAAAJ,Georgia Institute of Technology,12368,"Security, Operating System, Systems",https://taesoo.kim/,SGX-shield: Enabling address space layout randomization for SGX programs.,288,2017,https://scholar.google.com/citations?view_op=view_citation&hl=en&user=06hgT8gAAAAJ&pagesize=50&citation_for_view=06hgT8gAAAAJ:3xcwCnWquLEC,"Traditional execution environments deploy Address Space Layout Randomization (ASLR) to defend against memory corruption attacks. However, Intel Software Guard Extension (SGX), a new trusted execution environment designed to serve security-critical applications on the cloud, lacks such an effective, well-studied feature. In fact, we find that applying ASLR to SGX programs raises non-trivial issues beyond simple engineering for a number of reasons: 1) SGX is designed to defeat a stronger adversary than the traditional model, which requires the address space layout to be hidden from the kernel; 2) the limited memory uses in SGX programs present a new challenge in providing a sufficient degree of entropy; 3) remote attestation conflicts with the dynamic relocation required for ASLR; and 4) the SGX specification relies on known and fixed addresses for key data structures that cannot be randomized.This paper presents SGX-Shield, a new ASLR scheme designed for SGX environments. SGX-Shield is built on a secure in-enclave loader to secretly bootstrap the memory space layout with a finer-grained randomization. To be compatible with SGX hardware (eg, remote attestation, fixed addresses), SGX-Shield is designed with a software-based data execution protection mechanism through an LLVM-based compiler. We implement SGX-Shield and thoroughly evaluate it on real SGX hardware. It shows a high degree of randomness in memory layouts and stops memory corruption attacks with a high probability. SGX-Shield shows 7.61% performance overhead in running common microbenchmarks and 2.25% overhead in running a more …"
Taesoo Kim,https://scholar.google.com/citations?user=06hgT8gAAAAJ&hl=en,06hgT8gAAAAJ,Georgia Institute of Technology,12368,"Security, Operating System, Systems",https://taesoo.kim/,Hacking in darkness: Return-oriented programming against secure enclaves,266,2017,https://scholar.google.com/citations?view_op=view_citation&hl=en&user=06hgT8gAAAAJ&pagesize=50&citation_for_view=06hgT8gAAAAJ:Fp1gVP7Oym8C,"Intel Software Guard Extensions (SGX) is a hardwarebased Trusted Execution Environment (TEE) that is widely seen as a promising solution to traditional security threats. While SGX promises strong protection to bugfree software, decades of experience show that we have to expect vulnerabilities in any non-trivial application. In a traditional environment, such vulnerabilities often allow attackers to take complete control of vulnerable systems. Efforts to evaluate the security of SGX have focused on side-channels. So far, neither a practical attack against a vulnerability in enclave code nor a proof-of-concept attack scenario has been demonstrated. Thus, a fundamental question remains: What are the consequences and dangers of having a memory corruption vulnerability in enclave code?To answer this question, we comprehensively analyze exploitation techniques against vulnerabilities inside enclaves. We demonstrate a practical exploitation technique, called Dark-ROP, which can completely disarm the security guarantees of SGX. Dark-ROP exploits a memory corruption vulnerability in the enclave software through return-oriented programming (ROP). However Dark-ROP differs significantly from traditional ROP attacks because the target code runs under solid hardware protection. We overcome the problem of exploiting SGX-specific properties and obstacles by formulating a novel ROP attack scheme against SGX under practical assumptions. Specifically, we build several oracles that inform the attacker about the status of enclave execution. This enables him to launch the ROP attack while both code and data are hidden. In addition, we exfiltrate …"
Taesoo Kim,https://scholar.google.com/citations?user=06hgT8gAAAAJ&hl=en,06hgT8gAAAAJ,Georgia Institute of Technology,12368,"Security, Operating System, Systems",https://taesoo.kim/,Breaking kernel address space layout randomization with intel tsx,260,2016,https://scholar.google.com/citations?view_op=view_citation&hl=en&user=06hgT8gAAAAJ&pagesize=50&citation_for_view=06hgT8gAAAAJ:Kmip3zU-C7YC,"Kernel hardening has been an important topic since many applications and security mechanisms often consider the kernel as part of their Trusted Computing Base (TCB). Among various hardening techniques, Kernel Address Space Layout Randomization (KASLR) is the most effective and widely adopted defense mechanism that can practically mitigate various memory corruption vulnerabilities, such as buffer overflow and use-after-free. In principle, KASLR is secure as long as no memory leak vulnerability exists and high entropy is ensured. In this paper, we introduce a highly stable timing attack against KASLR, called DrK, that can precisely de-randomize the memory layout of the kernel without violating any such assumptions. DrK exploits a hardware feature called Intel Transactional Synchronization Extension (TSX) that is readily available in most modern commodity CPUs. One surprising behavior of TSX, which …"
Taesoo Kim,https://scholar.google.com/citations?user=06hgT8gAAAAJ&hl=en,06hgT8gAAAAJ,Georgia Institute of Technology,12368,"Security, Operating System, Systems",https://taesoo.kim/,Mosaic: Processing a trillion-edge graph on a single machine,259,2017,https://scholar.google.com/citations?view_op=view_citation&hl=en&user=06hgT8gAAAAJ&pagesize=50&citation_for_view=06hgT8gAAAAJ:iC1Mcd5kvfwC,"Processing a one trillion-edge graph has recently been demonstrated by distributed graph engines running on clusters of tens to hundreds of nodes. In this paper, we employ a single heterogeneous machine with fast storage media (e.g., NVMe SSD) and massively parallel coprocessors (e.g., Xeon Phi) to reach similar dimensions. By fully exploiting the heterogeneous devices, we design a new graph processing engine, named Mosaic, for a single machine. We propose a new locality-optimizing, space-efficient graph representation---Hilbert-ordered tiles, and a hybrid execution model that enables vertex-centric operations in fast host processors and edge-centric operations in massively parallel coprocessors. Our evaluation shows that for smaller graphs, Mosaic consistently outperforms other state-of-the-art out-of-core engines by 3.2-58.6x and shows comparable performance to distributed graph engines …"
Taesoo Kim,https://scholar.google.com/citations?user=06hgT8gAAAAJ&hl=en,06hgT8gAAAAJ,Georgia Institute of Technology,12368,"Security, Operating System, Systems",https://taesoo.kim/,libmpk: Software abstraction for intel memory protection keys (intel {MPK}),254,2019,https://scholar.google.com/citations?view_op=view_citation&hl=en&user=06hgT8gAAAAJ&pagesize=50&citation_for_view=06hgT8gAAAAJ:99Pv1cn5vGAC,"Intel Memory Protection Keys (MPK) is a new hardware primitive to support thread-local permission control on groups of pages without requiring modification of page tables. Unfortunately, its current hardware implementation and software support suffer from security, scalability, and semantic problems:(1) vulnerable to protection-key-use-after-free;(2) providing the limited number of protection keys; and (3) incompatible with mprotect ()’s process-based permission model. In this paper, we propose libmpk, a software abstraction for MPK. It virtualizes the hardware protection keys to eliminate the protection-key-use-after-free problem while providing accesses to an unlimited number of virtualized keys. To support legacy applications, it also provides a lazy inter-thread key synchronization. To enhance the security of MPK itself, libmpk restricts unauthorized writes to its metadata. We apply libmpk to three real-world applications: OpenSSL, JavaScript JIT compiler, and Memcached for memory protection and isolation. Our evaluation shows that it introduces negligible performance overhead (< 1%) compared with the original, unprotected versions and improves performance by 8.1× compared with the secure equivalents using mprotect (). The source code of libmpk is publicly available and maintained as an open source project."
Taesoo Kim,https://scholar.google.com/citations?user=06hgT8gAAAAJ&hl=en,06hgT8gAAAAJ,Georgia Institute of Technology,12368,"Security, Operating System, Systems",https://taesoo.kim/,SGX-Bomb: Locking down the processor via Rowhammer attack,254,2017,https://scholar.google.com/citations?view_op=view_citation&hl=en&user=06hgT8gAAAAJ&pagesize=50&citation_for_view=06hgT8gAAAAJ:5-tCjTwfAdEC,"Intel Software Guard Extensions (SGX) provides a strongly isolated memory space, known as an enclave, for a user process, ensuring confidentiality and integrity against software and hardware attacks. Even the operating system and hypervisor cannot access the enclave because of the hardware-level isolation. Further, hardware attacks are neither able to disclose plaintext data from the enclave because its memory is always encrypted nor modify it because its integrity is always verified using an integrity tree. When the processor detects any integrity violation, it locks itself to prevent further damages; that is, a system reboot is necessary. The processor lock seems a reasonable solution against such a powerful hardware attacker; however, if a software attacker has a way to trigger integrity violation, the lock could result in a severe denial-of-service (DoS) attack. In this paper, we introduce the SGX-Bomb attack that …"
Taesoo Kim,https://scholar.google.com/citations?user=06hgT8gAAAAJ&hl=en,06hgT8gAAAAJ,Georgia Institute of Technology,12368,"Security, Operating System, Systems",https://taesoo.kim/,Recipe: Converting concurrent dram indexes to persistent-memory indexes,250,2019,https://scholar.google.com/citations?view_op=view_citation&hl=en&user=06hgT8gAAAAJ&pagesize=50&citation_for_view=06hgT8gAAAAJ:8sNJjd_y2HYC,"We present Recipe, a principled approach for converting concurrent DRAM indexes into crash-consistent indexes for persistent memory (PM). The main insight behind Recipe is that isolation provided by a certain class of concurrent in-memory indexes can be translated with small changes to crash-consistency when the same index is used in PM. We present a set of conditions that enable the identification of this class of DRAM indexes, and the actions to be taken to convert each index to be persistent. Based on these conditions and conversion actions, we modify five different DRAM indexes based on B+ trees, tries, radix trees, and hash tables to their crash-consistent PM counterparts. The effort involved in this conversion is minimal, requiring 30--200 lines of code. We evaluated the converted PM indexes on Intel DC Persistent Memory, and found that they outperform state-of-the-art, hand-crafted PM indexes in multi …"
Taesoo Kim,https://scholar.google.com/citations?user=06hgT8gAAAAJ&hl=en,06hgT8gAAAAJ,Georgia Institute of Technology,12368,"Security, Operating System, Systems",https://taesoo.kim/,Preventing use-after-free with dangling pointers nullification.,244,2015,https://scholar.google.com/citations?view_op=view_citation&hl=en&user=06hgT8gAAAAJ&pagesize=50&citation_for_view=06hgT8gAAAAJ:qUcmZB5y_30C,"Many system components and network applications are written in languages that are prone to memory corruption vulnerabilities. There have been countless cases where simple mistakes by developers resulted in memory corruption vulnerabilities and consequently security exploits. While there have been tremendous research efforts to mitigate these vulnerabilities, useafter-free still remains one of the most critical and popular attack vectors because existing proposals have not adequately addressed the challenging program analysis and runtime performance issues.In this paper we present DANGNULL, a system that detects temporal memory safety violations—in particular, use-after-free and double-free—during runtime. DANGNULL relies on the key observation that the root cause of these violations is that pointers are not nullified after the target object is freed. Based on this observation, DANGNULL automatically traces the object’s relationships via pointers and automatically nullifies all pointers when the target object is freed. DANGNULL offers several benefits. First, DANGNULL addresses the root cause of temporal memory safety violations. It does not rely on the side effects of violations, which can vary and may be masked by attacks. Thus, DANGNULL is effective against even the most sophisticated exploitation techniques. Second, DANGNULL checks object relationship information using runtime object range analysis on pointers, and thus is able to keep track of pointer semantics more robustly even in complex and large scale software. Lastly, DANGNULL does not require numerous explicit sanity checks on memory accesses because it can …"
Taesoo Kim,https://scholar.google.com/citations?user=06hgT8gAAAAJ&hl=en,06hgT8gAAAAJ,Georgia Institute of Technology,12368,"Security, Operating System, Systems",https://taesoo.kim/,ASLR-Guard: Stopping address space leakage for code reuse attacks,222,2015,https://scholar.google.com/citations?view_op=view_citation&hl=en&user=06hgT8gAAAAJ&pagesize=50&citation_for_view=06hgT8gAAAAJ:L7CI7m0gUJcC,"A general prerequisite for a code reuse attack is that the attacker needs to locate code gadgets that perform the desired operations and then direct the control flow of a vulnerable application to those gadgets. Address Space Layout Randomization (ASLR) attempts to stop code reuse attacks by making the first part of the prerequisite unsatisfiable. However, research in recent years has shown that this protection is often defeated by commonly existing information leaks, which provides attackers clues about the whereabouts of certain code gadgets. In this paper, we present ASLR-Guard, a novel mechanism that completely prevents the leaks of code pointers, and render other information leaks (e.g., the ones of data pointers) useless in deriving code address. The main idea behind ASLR-Guard is to render leak of data pointer useless in deriving code address by separating code and data, provide a secure storage for …"
Taesoo Kim,https://scholar.google.com/citations?user=06hgT8gAAAAJ&hl=en,06hgT8gAAAAJ,Georgia Institute of Technology,12368,"Security, Operating System, Systems",https://taesoo.kim/,HDFI: Hardware-assisted data-flow isolation,215,2016,https://scholar.google.com/citations?view_op=view_citation&hl=en&user=06hgT8gAAAAJ&pagesize=50&citation_for_view=06hgT8gAAAAJ:sfnaS5RM6jYC,"Memory corruption vulnerabilities are the root cause of many modern attacks. Existing defense mechanisms are inadequate; in general, the software-based approaches are not efficient and the hardware-based approaches are not flexible. In this paper, we present hardware-assisted data-flow isolation, or, HDFI, a new fine-grained data isolation mechanism that is broadly applicable and very efficient. HDFI enforces isolation at the machine word granularity by virtually extending each memory unit with an additional tag that is defined by dataflow. This capability allows HDFI to enforce a variety of security models such as the Biba Integrity Model and the Bell -- LaPadula Model. We implemented HDFI by extending the RISC-V instruction set architecture (ISA) and instantiating it on the Xilinx Zynq ZC706 evaluation board. We ran several benchmarks including the SPEC CINT 2000 benchmark suite. Evaluation results …"
Taesoo Kim,https://scholar.google.com/citations?user=06hgT8gAAAAJ&hl=en,06hgT8gAAAAJ,Georgia Institute of Technology,12368,"Security, Operating System, Systems",https://taesoo.kim/,Enforcing Kernel Security Invariants with Data Flow Integrity.,197,2016,https://scholar.google.com/citations?view_op=view_citation&hl=en&user=06hgT8gAAAAJ&pagesize=50&citation_for_view=06hgT8gAAAAJ:_OXeSy2IsFwC,"The operation system kernel is the foundation of the whole system and is often the de facto trusted computing base for many higher level security mechanisms. Unfortunately, kernel vulnerabilities are not rare and are continuously being introduced with new kernel features. Once the kernel is compromised, attackers can bypass any access control checks, escalate their privileges, and hide the evidence of attacks. Many protection mechanisms have been proposed and deployed to prevent kernel exploits. However, a majority of these techniques only focus on preventing control-flow hijacking attacks; techniques that can mitigate noncontrol-data attacks either only apply to drivers/modules or impose too much overhead. The goal of our research is to develop a principled defense mechanism against memory-corruption-based privilege escalation attacks. Toward this end, we leverage dataflow integrity to enforce security invariants of the kernel access control system. In order for our protection mechanism to be practical, we develop two new techniques: one for automatically inferring data that are critical to the access control system without manual annotation, and the other for efficient DFI enforcement over the inference results. We have implemented a prototype of our technology for the ARM64 Linux kernel on an Android device. The evaluation results of our prototype implementation show that our technology can mitigate a majority of privilege escalation attacks, while imposing a moderate amount of performance overhead."
Taesoo Kim,https://scholar.google.com/citations?user=06hgT8gAAAAJ&hl=en,06hgT8gAAAAJ,Georgia Institute of Technology,12368,"Security, Operating System, Systems",https://taesoo.kim/,Enforcing unique code target property for control-flow integrity,188,2018,https://scholar.google.com/citations?view_op=view_citation&hl=en&user=06hgT8gAAAAJ&pagesize=50&citation_for_view=06hgT8gAAAAJ:zQ-Gyk3yozYC,"The goal of control-flow integrity (CFI) is to stop control-hijacking attacks by ensuring that each indirect control-flow transfer (ICT) jumps to its legitimate target. However, existing implementations of CFI have fallen short of this goal because their approaches are inaccurate and as a result, the set of allowable targets for an ICT instruction is too large, making illegal jumps possible. In this paper, we propose the Unique Code Target (UCT) property for CFI. Namely, for each invocation of an ICT instruction, there should be one and only one valid target. We develop a prototype called uCFI to enforce this new property. During compilation, uCFI identifies the sensitive instructions that influence ICT and instruments the program to record necessary execution context. At runtime, uCFI monitors the program execution in a different process, and performs points-to analysis by interpreting sensitive instructions using the recorded …"
Taesoo Kim,https://scholar.google.com/citations?user=06hgT8gAAAAJ&hl=en,06hgT8gAAAAJ,Georgia Institute of Technology,12368,"Security, Operating System, Systems",https://taesoo.kim/,Understanding manycore scalability of file systems,188,2016,https://scholar.google.com/citations?view_op=view_citation&hl=en&user=06hgT8gAAAAJ&pagesize=50&citation_for_view=06hgT8gAAAAJ:8Xgff_V0N9gC,"We analyze the manycore scalability of five widelydeployed file systems, namely, ext4, XFS, btrfs, F2FS, and tmpfs, by using our open source benchmark suite, FXMARK. FXMARK implements 19 microbenchmarks to stress specific components of each file system and includes three application benchmarks to measure the macroscopic scalability behavior. We observe that file systems are hidden scalability bottlenecks in many I/O-intensive applications even when there is no apparent contention at the application level. We found 25 scalability bottlenecks in file systems, many of which are unexpected or counterintuitive. We draw a set of observations on file system scalability behavior and unveil several core aspects of file system design that systems researchers must address."
Taesoo Kim,https://scholar.google.com/citations?user=06hgT8gAAAAJ&hl=en,06hgT8gAAAAJ,Georgia Institute of Technology,12368,"Security, Operating System, Systems",https://taesoo.kim/,Identifying open-source license violation and 1-day security risk at large scale,185,2017,https://scholar.google.com/citations?view_op=view_citation&hl=en&user=06hgT8gAAAAJ&pagesize=50&citation_for_view=06hgT8gAAAAJ:Grx829lh2T4C,"With millions of apps available to users, the mobile app market is rapidly becoming very crowded. Given the intense competition, the time to market is a critical factor for the success and profitability of an app. In order to shorten the development cycle, developers often focus their efforts on the unique features and workflows of their apps and rely on third-party Open Source Software (OSS) for the common features. Unfortunately, despite their benefits, careless use of OSS can introduce significant legal and security risks, which if ignored can not only jeopardize security and privacy of end users, but can also cause app developers high financial loss. However, tracking OSS components, their versions, and interdependencies can be very tedious and error-prone, particularly if an OSS is imported with little to no knowledge of its provenance. We therefore propose OSSPolice, a scalable and fully-automated tool for mobile …"
Taesoo Kim,https://scholar.google.com/citations?user=06hgT8gAAAAJ&hl=en,06hgT8gAAAAJ,Georgia Institute of Technology,12368,"Security, Operating System, Systems",https://taesoo.kim/,Designing new operating primitives to improve fuzzing performance,181,2017,https://scholar.google.com/citations?view_op=view_citation&hl=en&user=06hgT8gAAAAJ&pagesize=50&citation_for_view=06hgT8gAAAAJ:AQkP-AuIKnwC,"Fuzzing is a software testing technique that finds bugs by repeatedly injecting mutated inputs to a target program. Known to be a highly practical approach, fuzzing is gaining more popularity than ever before. Current research on fuzzing has focused on producing an input that is more likely to trigger a vulnerability. In this paper, we tackle another way to improve the performance of fuzzing, which is to shorten the execution time of each iteration. We observe that AFL, a state-of-the-art fuzzer, slows down by 24x because of file system contention and the scalability of fork() system call when it runs on 120 cores in parallel. Other fuzzers are expected to suffer from the same scalability bottlenecks in that they follow a similar design pattern. To improve the fuzzing performance, we design and implement three new operating primitives specialized for fuzzing that solve these performance bottlenecks and achieve scalable …"
Taesoo Kim,https://scholar.google.com/citations?user=06hgT8gAAAAJ&hl=en,06hgT8gAAAAJ,Georgia Institute of Technology,12368,"Security, Operating System, Systems",https://taesoo.kim/,Krace: Data race fuzzing for kernel file systems,179,2020,https://scholar.google.com/citations?view_op=view_citation&hl=en&user=06hgT8gAAAAJ&pagesize=50&citation_for_view=06hgT8gAAAAJ:ikt9xPlBqyoC,"Data races occur when two threads fail to use proper synchronization when accessing shared data. In kernel file systems, which are highly concurrent by design, data races are common mistakes and often wreak havoc on the users, causing inconsistent states or data losses. Prior fuzzing practices on file systems have been effective in uncovering hundreds of bugs, but they mostly focus on the sequential aspect of file system execution and do not comprehensively explore the concurrency dimension and hence, forgo the opportunity to catch data races.In this paper, we bring coverage-guided fuzzing to the concurrency dimension with three new constructs: 1) a new coverage tracking metric, alias coverage, specially designed to capture the exploration progress in the concurrency dimension; 2) an evolution algorithm for generating, mutating, and merging multi-threaded syscall sequences as inputs for concurrency …"
Taesoo Kim,https://scholar.google.com/citations?user=06hgT8gAAAAJ&hl=en,06hgT8gAAAAJ,Georgia Institute of Technology,12368,"Security, Operating System, Systems",https://taesoo.kim/,Fuzzing javascript engines with aspect-preserving mutation,172,2020,https://scholar.google.com/citations?view_op=view_citation&hl=en&user=06hgT8gAAAAJ&pagesize=50&citation_for_view=06hgT8gAAAAJ:ELXbv_g87O8C,"Fuzzing is a practical, widely-deployed technique to find bugs in complex, real-world programs like JavaScript engines. We observed, however, that existing fuzzing approaches, either generative or mutational, fall short in fully harvesting high-quality input corpora such as known proof of concept (PoC) exploits or unit tests. Existing fuzzers tend to destruct subtle semantics or conditions encoded in the input corpus in order to generate new test cases because this approach helps in discovering new code paths of the program. Nevertheless, for JavaScript-like complex programs, such a conventional design leads to test cases that tackle only shallow parts of the complex codebase and fails to reach deep bugs effectively due to the huge input space.In this paper, we advocate a new technique, called an aspect-preserving mutation, that stochastically preserves the desirable properties, called aspects, that we prefer to be …"
Taesoo Kim,https://scholar.google.com/citations?user=06hgT8gAAAAJ&hl=en,06hgT8gAAAAJ,Georgia Institute of Technology,12368,"Security, Operating System, Systems",https://taesoo.kim/,Intrusion recovery using selective re-execution,172,2010,https://scholar.google.com/citations?view_op=view_citation&hl=en&user=06hgT8gAAAAJ&pagesize=50&citation_for_view=06hgT8gAAAAJ:u5HHmVD_uO8C,"RETRO repairs a desktop or server after an adversary compromises it, by undoing the adversary’s changes while preserving legitimate user actions, with minimal user involvement. During normal operation, RETRO records an action history graph, which is a detailed dependency graph describing the system’s execution. RETRO uses refinement to describe graph objects and actions at multiple levels of abstraction, which allows for precise dependencies. During repair, RETRO uses the action history graph to undo an unwanted action and its indirect effects by first rolling back its direct effects, and then re-executing legitimate actions that were influenced by that change. To minimize user involvement and re-execution, RETRO uses predicates to selectively re-execute only actions that were semantically affected by the adversary’s changes, and uses compensating actions to handle external effects. An evaluation of a prototype of RETRO for Linux with 2 real-world attacks, 2 synthesized challenge attacks, and 6 attacks from previous work, shows that RETRO can often repair the system without user involvement, and avoids false positives and negatives from previous solutions. These benefits come at the cost of 35–127% in execution time overhead and of 4–150 GB of log space per day, depending on the workload. For example, a HotCRP paper submission web site incurs 35% slowdown and generates 4 GB of logs per day under the workload from 30 minutes prior to the SOSP 2007 deadline."
Taesoo Kim,https://scholar.google.com/citations?user=06hgT8gAAAAJ&hl=en,06hgT8gAAAAJ,Georgia Institute of Technology,12368,"Security, Operating System, Systems",https://taesoo.kim/,Efficient protection of {Path-Sensitive} control security,171,2017,https://scholar.google.com/citations?view_op=view_citation&hl=en&user=06hgT8gAAAAJ&pagesize=50&citation_for_view=06hgT8gAAAAJ:gqw4OU68NNkC,"Control-Flow Integrity (CFI), as a means to prevent control-flow hijacking attacks, enforces that each instruction transfers control to an address in a set of valid targets. The security guarantee of CFI thus depends on the definition of valid targets, which conventionally are defined as the result of a static analysis. Unfortunately, previous research has demonstrated that such a definition, and thus any implementation that enforces it, still allows practical control-flow attacks.In this work, we present a path-sensitive variation of CFI that utilizes runtime path-sensitive point-to analysis to compute the legitimate control transfer targets. We have designed and implemented a runtime environment, PITTYPAT, that enforces path-sensitive CFI efficiently by combining commodity, low-overhead hardware monitoring and a novel runtime points-to analysis. Our formal analysis and empirical evaluation demonstrate that, compared to CFI based on static analysis, PITTYPAT ensures that applications satisfy stronger security guarantees, with acceptable overhead for security-critical contexts."
Taesoo Kim,https://scholar.google.com/citations?user=06hgT8gAAAAJ&hl=en,06hgT8gAAAAJ,Georgia Institute of Technology,12368,"Security, Operating System, Systems",https://taesoo.kim/,{RAZOR}: A framework for post-deployment software debloating,166,2019,https://scholar.google.com/citations?view_op=view_citation&hl=en&user=06hgT8gAAAAJ&pagesize=50&citation_for_view=06hgT8gAAAAJ:M_kvx10cXRcC,"Commodity software typically includes a large number of functionalities for a broad user population. However, each individual user usually only needs a small subset of all supported functionalities. The bloated code not only hinders optimal execution, but also leads to a larger attack surface. Recent works have explored program debloating as an emerging solution to this problem. Unfortunately, these works require program source code, limiting their real-world deployability. In this paper, we propose a practical debloating framework, RAZOR, that performs code reduction for deployed binaries. Based on users’ specifications, our tool customizes the binary to generate a functional program with minimal code size. Instead of only supporting given test cases, RAZOR takes several control-flow heuristics to infer complementary code that is necessary to support user-expected functionalities. We evaluated RAZOR on commonly used benchmarks and realworld applications, including the web browser FireFox and the close-sourced PDF reader FoxitReader. The result shows that RAZOR is able to reduce over 70% of the code from the bloated binary. It produces functional programs and does not introduce any security issues. RAZOR is thus a practical framework for debloating real-world programs."
Taesoo Kim,https://scholar.google.com/citations?user=06hgT8gAAAAJ&hl=en,06hgT8gAAAAJ,Georgia Institute of Technology,12368,"Security, Operating System, Systems",https://taesoo.kim/,Fuzzing file systems via two-dimensional input space exploration,165,2019,https://scholar.google.com/citations?view_op=view_citation&hl=en&user=06hgT8gAAAAJ&pagesize=50&citation_for_view=06hgT8gAAAAJ:B7x27M1etvwC,"File systems, a basic building block of an OS, are too big and too complex to be bug free. Nevertheless, file systems rely on regular stress-testing tools and formal checkers to find bugs, which are limited due to the ever-increasing complexity of both file systems and OSes. Thus, fuzzing, proven to be an effective and a practical approach, becomes a preferable choice, as it does not need much knowledge about a target. However, three main challenges exist in fuzzing file systems: mutating a large image blob that degrades overall performance, generating image-dependent file operations, and reproducing found bugs, which is difficult for existing OS fuzzers. Hence, we present JANUS, the first feedback-driven fuzzer that explores the two-dimensional input space of a file system, i.e., mutating metadata on a large image, while emitting image-directed file operations. In addition, JANUS relies on a library OS rather than …"
Taesoo Kim,https://scholar.google.com/citations?user=06hgT8gAAAAJ&hl=en,06hgT8gAAAAJ,Georgia Institute of Technology,12368,"Security, Operating System, Systems",https://taesoo.kim/,S-nfv: Securing nfv states by using sgx,158,2016,https://scholar.google.com/citations?view_op=view_citation&hl=en&user=06hgT8gAAAAJ&pagesize=50&citation_for_view=06hgT8gAAAAJ:mWEH9CqjF64C,"Network Function Virtualization (NFV) applications are stateful. For example, a Content Distribution Network (CDN) caches web contents from remote servers and serves them to clients. Similarly, an Intrusion Detection System (IDS) and an Intrusion Prevention System (IPS) have both per-flow and multi-flow (shared) states to properly react to intrusions. On today's NFV infrastructures, security vulnerabilities many allow attackers to steal and manipulate the internal states of NFV applications that share a physical resource. In this paper, we propose a new protection scheme, S-NFV that incorporates Intel Software Guard Extensions (Intel SGX) to securely isolate the states of NFV applications."
Taesoo Kim,https://scholar.google.com/citations?user=06hgT8gAAAAJ&hl=en,06hgT8gAAAAJ,Georgia Institute of Technology,12368,"Security, Operating System, Systems",https://taesoo.kim/,Rain: Refinable attack investigation with on-demand inter-process information flow tracking,156,2017,https://scholar.google.com/citations?view_op=view_citation&hl=en&user=06hgT8gAAAAJ&pagesize=50&citation_for_view=06hgT8gAAAAJ:V3RZsmw8swMC,"As modern attacks become more stealthy and persistent, detecting or preventing them at their early stages becomes virtually impossible. Instead, an attack investigation or provenance system aims to continuously monitor and log interesting system events with minimal overhead. Later, if the system observes any anomalous behavior, it analyzes the log to identify who initiated the attack and which resources were affected by the attack and then assess and recover from any damage incurred. However, because of a fundamental tradeoff between log granularity and system performance, existing systems typically record system-call events without detailed program-level activities (e.g., memory operation) required for accurately reconstructing attack causality or demand that every monitored program be instrumented to provide program-level information. To address this issue, we propose RAIN, a Refinable Attack …"
Taesoo Kim,https://scholar.google.com/citations?user=06hgT8gAAAAJ&hl=en,06hgT8gAAAAJ,Georgia Institute of Technology,12368,"Security, Operating System, Systems",https://taesoo.kim/,FLEXDROID: Enforcing In-App Privilege Separation in Android.,148,2016,https://scholar.google.com/citations?view_op=view_citation&hl=en&user=06hgT8gAAAAJ&pagesize=50&citation_for_view=06hgT8gAAAAJ:nZcligLrVowC,"Mobile applications are increasingly integrating third-party libraries to provide various features, such as advertising, analytics, social networking, and more. Unfortunately, such integration with third-party libraries comes with the cost of potential privacy violations of users, because Android always grants a full set of permissions to third-party libraries as their host applications. Unintended accesses to users’ private data are underestimated threats to users’ privacy, as complex and often obfuscated third-party libraries make it hard for application developers to estimate the correct behaviors of thirdparty libraries. More critically, a wide adoption of native code (JNI) and dynamic code executions such as Java reflection or dynamic code reloading, makes it even harder to apply state-ofthe-art security analysis.In this work, we propose FLEXDROID, a new Android security model and isolation mechanism, that provides dynamic, fine-grained access control for third-party libraries. With FLEXDROID, application developers not only can gain a full control of third-party libraries (eg, which permissions to grant or not), but also can specify how to make them behave after detecting a privacy violation (eg, providing a mock user’s information or kill). To achieve such goals, we define a new notion of principals for third-party libraries, and develop a novel security mechanism, called inter-process stack inspection that is effective to JNI as well as dynamic code execution. Our usability study shows that developers can easily adopt FLEXDROID’s policy to their existing applications. Finally, our evaluation shows that FLEXDROID can effectively restrict the permissions of third …"
Taesoo Kim,https://scholar.google.com/citations?user=06hgT8gAAAAJ&hl=en,06hgT8gAAAAJ,Georgia Institute of Technology,12368,"Security, Operating System, Systems",https://taesoo.kim/,Cross-checking semantic correctness: The case of finding file system bugs,148,2015,https://scholar.google.com/citations?view_op=view_citation&hl=en&user=06hgT8gAAAAJ&pagesize=50&citation_for_view=06hgT8gAAAAJ:PVjk1bu6vJQC,"Today, systems software is too complex to be bug-free. To find bugs in systems software, developers often rely on code checkers, like Linux's Sparse. However, the capability of existing tools used in commodity, large-scale systems is limited to finding only shallow bugs that tend to be introduced by simple programmer mistakes, and so do not require a deep understanding of code to find them. Unfortunately, the majority of bugs as well as those that are difficult to find are semantic ones, which violate high-level rules or invariants (e.g., missing a permission check). Thus, it is difficult for code checkers lacking the understanding of a programmer's true intention to reason about semantic correctness. To solve this problem, we present Juxta, a tool that automatically infers high-level semantics directly from source code. The key idea in Juxta is to compare and contrast multiple existing implementations that obey latent yet …"
Taesoo Kim,https://scholar.google.com/citations?user=06hgT8gAAAAJ&hl=en,06hgT8gAAAAJ,Georgia Institute of Technology,12368,"Security, Operating System, Systems",https://taesoo.kim/,Practical and effective sandboxing for non-root users,146,2013,https://scholar.google.com/citations?view_op=view_citation&hl=en&user=06hgT8gAAAAJ&pagesize=50&citation_for_view=06hgT8gAAAAJ:W7OEmFMy1HYC,"MBOX is a lightweight sandboxing mechanism for nonroot users in commodity OSes. MBOX’s sandbox usage model executes a program in the sandbox and prevents the program from modifying the host filesystem by layering the sandbox filesystem on top of the host filesystem. At the end of program execution, the user can examine changes in the sandbox filesystem and selectively commit them back to the host filesystem. MBOX implements this by interposing on system calls and provides a variety of useful applications: installing system packages as a non-root user, running unknown binaries safely without network accesses, checkpointing the host filesystem instantly, and setting up a virtual development environment without special tools. Our performance evaluation shows that MBOX imposes CPU overheads of 0.1–45.2% for various workloads. In this paper, we present MBOX’s design, efficient techniques for interposing on system calls, our experience avoiding common system call interposition pitfalls, and MBOX’s performance evaluation."
Taesoo Kim,https://scholar.google.com/citations?user=06hgT8gAAAAJ&hl=en,06hgT8gAAAAJ,Georgia Institute of Technology,12368,"Security, Operating System, Systems",https://taesoo.kim/,Finding semantic bugs in file systems with an extensible fuzzing framework,145,2019,https://scholar.google.com/citations?view_op=view_citation&hl=en&user=06hgT8gAAAAJ&pagesize=50&citation_for_view=06hgT8gAAAAJ:dVZwf0YvWsUC,"File systems are too large to be bug free. Although handwritten test suites have been widely used to stress file systems, they can hardly keep up with the rapid increase in file system size and complexity, leading to new bugs being introduced and reported regularly. These bugs come in various flavors: simple buffer overflows to sophisticated semantic bugs. Although bug-specific checkers exist, they generally lack a way to explore file system states thoroughly. More importantly, no turnkey solution exists that unifies the checking effort of various aspects of a file system under one umbrella. In this paper, we highlight the potential of applying fuzzing to find not just memory errors but, in theory, any type of file system bugs with an extensible fuzzing framework: Hydra. Hydra provides building blocks for file system fuzzing, including input mutators, feedback engines, a libOS-based executor, and a bug reproducer with test …"
Taesoo Kim,https://scholar.google.com/citations?user=06hgT8gAAAAJ&hl=en,06hgT8gAAAAJ,Georgia Institute of Technology,12368,"Security, Operating System, Systems",https://taesoo.kim/,OpenSGX: An Open Platform for SGX Research.,145,2016,https://scholar.google.com/citations?view_op=view_citation&hl=en&user=06hgT8gAAAAJ&pagesize=50&citation_for_view=06hgT8gAAAAJ:Ehil0879vHcC,"Hardware technologies for trusted computing, or trusted execution environments (TEEs), have rapidly matured over the last decade. In fact, TEEs are at the brink of widespread commoditization with the recent introduction of Intel Software Guard Extensions (Intel SGX). Despite such rapid development of TEE, software technologies for TEE significantly lag behind their hardware counterpart, and currently only a select group of researchers have the privilege of accessing this technology. To address this problem, we develop an open source platform, called OpenSGX, that emulates Intel SGX hardware components at the instruction level and provides new system software components necessarily required for full TEE exploration. We expect that the OpenSGX framework can serve as an open platform for SGX research, with the following contributions. First, we develop a fully functional, instruction-compatible emulator of Intel SGX for enabling the exploration of software/hardware design space, and development of enclave programs. OpenSGX provides a platform for SGX development, meaning that it provides not just emulation but also operating system components, an enclave program loader/packager, an OpenSGX user library, debugging, and performance monitoring. Second, to show OpenSGX’s use cases, we applied OpenSGX to protect sensitive information (eg, directory) of Tor nodes and evaluated their potential performance impacts. Therefore, we believe OpenSGX has great potential for broader communities to spark new research on soon-to-becommodity Intel SGX."
Taesoo Kim,https://scholar.google.com/citations?user=06hgT8gAAAAJ&hl=en,06hgT8gAAAAJ,Georgia Institute of Technology,12368,"Security, Operating System, Systems",https://taesoo.kim/,APOLLO: Automatic Detection and Diagnosis of Performance Regressions in Database Systems.,133,2019,https://scholar.google.com/citations?view_op=view_citation&hl=en&user=06hgT8gAAAAJ&pagesize=50&citation_for_view=06hgT8gAAAAJ:P6aKQKnrKEQC,Background• Developers conduct regular regression testing on databases• Performance bugs are typically discover with complex SQL queries on enormous databases
Taesoo Kim,https://scholar.google.com/citations?user=06hgT8gAAAAJ&hl=en,06hgT8gAAAAJ,Georgia Institute of Technology,12368,"Security, Operating System, Systems",https://taesoo.kim/,Enhancing security and privacy of Tor's ecosystem by using trusted execution environments,122,2017,https://scholar.google.com/citations?view_op=view_citation&hl=en&user=06hgT8gAAAAJ&pagesize=50&citation_for_view=06hgT8gAAAAJ:1GbOEZ86UTAC,"With Tor being a popular anonymity network, many attacks have been proposed to break its anonymity or leak information of a private communication on Tor. However, guaranteeing complete privacy in the face of an adversary on Tor is especially difficult because Tor relays are under complete control of world-wide volunteers. Currently, one can gain private information, such as circuit identifiers and hidden service identifiers, by running Tor relays and can even modify their behaviors with malicious intent.This paper presents a practical approach to effectively enhancing the security and privacy of Tor by utilizing Intel SGX, a commodity trusted execution environment. We present a design and implementation of Tor, called SGX-Tor, that prevents code modification and limits the information exposed to untrusted parties. We demonstrate that our approach is practical and effectively reduces the power of an adversary to a traditional network-level adversary. Finally, SGX-Tor incurs moderate performance overhead; the end-to-end latency and throughput overheads for HTTP connections are 3.9% and 11.9%, respectively."
Taesoo Kim,https://scholar.google.com/citations?user=06hgT8gAAAAJ&hl=en,06hgT8gAAAAJ,Georgia Institute of Technology,12368,"Security, Operating System, Systems",https://taesoo.kim/,Rudra: Finding memory safety bugs in rust at the ecosystem scale,121,2021,https://scholar.google.com/citations?view_op=view_citation&hl=en&user=06hgT8gAAAAJ&pagesize=50&citation_for_view=06hgT8gAAAAJ:VaMtIHQgT-EC,"Rust is a promising system programming language that guarantees memory safety at compile time. To support diverse requirements for system software such as accessing low-level hardware, Rust allows programmers to perform operations that are not protected by the Rust compiler with the unsafe keyword. However, Rust's safety guarantee relies on the soundness of all unsafe code in the program as well as the standard and external libraries, making it hard to reason about their correctness. In other words, a single bug in any unsafe code breaks the whole program's safety guarantee. In this paper, we introduce RUDRA, a program that analyzes and reports potential memory safety bugs in unsafe Rust. Since a bug in unsafe code threatens the foundation of Rust's safety guarantee, our primary focus is to scale our analysis to all the packages hosted in the Rust package registry. RUDRA can scan the entire registry …"
Taesoo Kim,https://scholar.google.com/citations?user=06hgT8gAAAAJ&hl=en,06hgT8gAAAAJ,Georgia Institute of Technology,12368,"Security, Operating System, Systems",https://taesoo.kim/,Precise and scalable detection of double-fetch bugs in OS kernels,121,2018,https://scholar.google.com/citations?view_op=view_citation&hl=en&user=06hgT8gAAAAJ&pagesize=50&citation_for_view=06hgT8gAAAAJ:IZKZNMMMWs0C,"During system call execution, it is common for operating system kernels to read userspace memory multiple times (multi-reads). A critical bug may exist if the fetched userspace memory is subject to change across these reads, i.e., a race condition, which is known as a double-fetch bug. Prior works have attempted to detect these bugs both statically and dynamically. However, due to their improper assumptions and imprecise definitions regarding double-fetch bugs, their multi-read detection is inherently limited and suffers from significant false positives and false negatives. For example, their approach is unable to support device emulation, inter-procedural analysis, loop handling, etc. More importantly, they completely leave the task of finding real double-fetch bugs from the haystack of multi-reads to manual verification, which is expensive if possible at all. In this paper, we first present a formal and precise definition of …"
Taesoo Kim,https://scholar.google.com/citations?user=06hgT8gAAAAJ&hl=en,06hgT8gAAAAJ,Georgia Institute of Technology,12368,"Security, Operating System, Systems",https://taesoo.kim/,Toward engineering a secure android ecosystem: A survey of existing techniques,113,2016,https://scholar.google.com/citations?view_op=view_citation&hl=en&user=06hgT8gAAAAJ&pagesize=50&citation_for_view=06hgT8gAAAAJ:84dCbUURXyIC,"The openness and extensibility of Android have made it a popular platform for mobile devices and a strong candidate to drive the Internet-of-Things. Unfortunately, these properties also leave Android vulnerable, attracting attacks for profit or fun. To mitigate these threats, numerous issue-specific solutions have been proposed. With the increasing number and complexity of security problems and solutions, we believe this is the right moment to step back and systematically re-evaluate the Android security architecture and security practices in the ecosystem. We organize the most recent security research on the Android platform into two categories: the software stack and the ecosystem. For each category, we provide a comprehensive narrative of the problem space, highlight the limitations of the proposed solutions, and identify open problems for future research. Based on our collection of knowledge, we envision a …"
Taesoo Kim,https://scholar.google.com/citations?user=06hgT8gAAAAJ&hl=en,06hgT8gAAAAJ,Georgia Institute of Technology,12368,"Security, Operating System, Systems",https://taesoo.kim/,Type casting verification: Stopping an emerging attack vector,111,2015,https://scholar.google.com/citations?view_op=view_citation&hl=en&user=06hgT8gAAAAJ&pagesize=50&citation_for_view=06hgT8gAAAAJ:5awf1xo2G04C,"Many applications such as the Chrome and Firefox browsers are largely implemented in C++ for its performance and modularity. Type casting, which converts one type of an object to another, plays an essential role in enabling polymorphism in C++ because it allows a program to utilize certain general or specific implementations in the class hierarchies. However, if not correctly used, it may return unsafe and incorrectly casted values, leading to so-called bad-casting or type-confusion vulnerabilities. Since a bad-casted pointer violates a programmer’s intended pointer semantics and enables an attacker to corrupt memory, bad-casting has critical security implications similar to those of other memory corruption vulnerabilities. Despite the increasing number of bad-casting vulnerabilities, the bad-casting detection problem has not been addressed by the security community. In this paper, we present CAVER, a runtime bad-casting detection tool. It performs program instrumentation at compile time and uses a new runtime type tracing mechanism—the type hierarchy table—to overcome the limitation of existing approaches and efficiently verify type casting dynamically. In particular, CAVER can be easily and automatically adopted to target applications, achieves broader detection coverage, and incurs reasonable runtime overhead. We have applied CAVER to largescale software including Chrome and Firefox browsers, and discovered 11 previously unknown security vulnerabilities: nine in GNU libstdc++ and two in Firefox, all of which have been confirmed and subsequently fixed by vendors. Our evaluation showed that CAVER imposes up to 7.6% and …"
Taesoo Kim,https://scholar.google.com/citations?user=06hgT8gAAAAJ&hl=en,06hgT8gAAAAJ,Georgia Institute of Technology,12368,"Security, Operating System, Systems",https://taesoo.kim/,Unisan: Proactive kernel memory initialization to eliminate data leakages,110,2016,https://scholar.google.com/citations?view_op=view_citation&hl=en&user=06hgT8gAAAAJ&pagesize=50&citation_for_view=06hgT8gAAAAJ:EpUiTTZsFn8C,"Operating system kernel is the de facto trusted computing base for most computer systems. To secure the OS kernel, many security mechanisms, e.g., kASLR and StackGuard, have been increasingly deployed to defend against attacks (e.g., code reuse attack). However, the effectiveness of these protections has been proven to be inadequate-there are many information leak vulnerabilities in the kernel to leak the randomized pointer or canary, thus bypassing kASLR and StackGuard. Other sensitive data in the kernel, such as cryptographic keys and file caches, can also be leaked. According to our study, most kernel information leaks are caused by uninitialized data reads. Unfortunately, existing techniques like memory safety enforcements and dynamic access tracking tools are not adequate or efficient enough to mitigate this threat. In this paper, we propose UniSan, a novel, compiler-based approach to eliminate all …"
Taesoo Kim,https://scholar.google.com/citations?user=06hgT8gAAAAJ&hl=en,06hgT8gAAAAJ,Georgia Institute of Technology,12368,"Security, Operating System, Systems",https://taesoo.kim/,{APISan}: Sanitizing {API} Usages through Semantic {Cross-Checking},110,2016,https://scholar.google.com/citations?view_op=view_citation&hl=en&user=06hgT8gAAAAJ&pagesize=50&citation_for_view=06hgT8gAAAAJ:GYFkgKAhzLcC,"API misuse is a well-known source of bugs. Some of them (eg, incorrect use of SSL API, and integer overflow of memory allocation size) can cause serious security vulnerabilities (eg, man-in-the-middle (MITM) attack, and privilege escalation). Moreover, modern APIs, which are large, complex, and fast evolving, are error-prone. However, existing techniques to help finding bugs require manual effort by developers (eg, providing specification or model) or are not scalable to large real-world software comprising millions of lines of code. In this paper, we present APISAN, a tool that automatically infers correct API usages from source code without manual effort. The key idea in APISAN is to extract likely correct usage patterns in four different aspects (eg, causal relation, and semantic relation on arguments) by considering semantic constraints. APISAN is tailored to check various properties with security implications. We applied APISAN to 92 million lines of code, including Linux Kernel, and OpenSSL, found 76 previously unknown bugs, and provided patches for all the bugs."
Taesoo Kim,https://scholar.google.com/citations?user=06hgT8gAAAAJ&hl=en,06hgT8gAAAAJ,Georgia Institute of Technology,12368,"Security, Operating System, Systems",https://taesoo.kim/,Winnie: Fuzzing windows applications with harness synthesis and fast cloning,106,2021,https://scholar.google.com/citations?view_op=view_citation&hl=en&user=06hgT8gAAAAJ&pagesize=50&citation_for_view=06hgT8gAAAAJ:931SYA3ZkTIC,"Fuzzing is an emerging technique to automatically validate programs and uncover bugs. It has been widely used to test many programs and has found thousands of security vulnerabilities. However, existing fuzzing efforts are mainly centered around Unix-like systems, as Windows imposes unique challenges for fuzzing: a closed-source ecosystem, the heavy use of graphical interfaces and the lack of fast process cloning machinery.In this paper, we propose two solutions to address the challenges Windows fuzzing faces. Our system, WINNIE, first tries to synthesize a harness for the application, a simple program that directly invokes target functions, based on sample executions. It then tests the harness, instead of the original complicated program, using an efficient implementation of fork on Windows. Using these techniques, WINNIE can bypass irrelevant GUI code to test logic deep within the application. We used WINNIE to fuzz 59 closed-source Windows binaries, and it successfully generated valid fuzzing harnesses for all of them. In our evaluation, WINNIE can support 2.2⇥ more programs than existing Windows fuzzers could, and identified 3.9⇥ more program states and achieved 26.6⇥ faster execution. In total, WINNIE found 61 unique bugs in 32 Windows binaries."
Taesoo Kim,https://scholar.google.com/citations?user=06hgT8gAAAAJ&hl=en,06hgT8gAAAAJ,Georgia Institute of Technology,12368,"Security, Operating System, Systems",https://taesoo.kim/,A first step towards leveraging commodity trusted execution environments for network applications,99,2015,https://scholar.google.com/citations?view_op=view_citation&hl=en&user=06hgT8gAAAAJ&pagesize=50&citation_for_view=06hgT8gAAAAJ:OTTXONDVkokC,"Network applications and protocols are increasingly adopting security and privacy features, as they are becoming one of the primary requirements. The wide-spread use of transport layer security (TLS) and the growing popularity of anonymity networks, such as Tor, exemplify this trend. Motivated by the recent movement towards commoditization of trusted execution environments (TEEs), this paper explores alternative design choices that application and protocol designers should consider. In particular, we explore the possibility of using Intel SGX to provide security and privacy in a wide range of network applications. We show that leveraging hardware protection of TEEs opens up new possibilities, often at the benefit of a much simplified application/protocol design. We demonstrate its practical implications by exploring the design space for SGX-enabled software-defined inter-domain routing, peer-to-peer anonymity …"
Taesoo Kim,https://scholar.google.com/citations?user=06hgT8gAAAAJ&hl=en,06hgT8gAAAAJ,Georgia Institute of Technology,12368,"Security, Operating System, Systems",https://taesoo.kim/,Breaking and fixing volte: Exploiting hidden data channels and mis-implementations,96,2015,https://scholar.google.com/citations?view_op=view_citation&hl=en&user=06hgT8gAAAAJ&pagesize=50&citation_for_view=06hgT8gAAAAJ:86PQX7AUzd4C,"Long Term Evolution (LTE) is becoming the dominant cellular networking technology, shifting the cellular network away from its circuit-switched legacy towards a packet-switched network that resembles the Internet. To support voice calls over the LTE network, operators have introduced Voice-over-LTE (VoLTE), which dramatically changes how voice calls are handled, both from user equipment and infrastructure perspectives. We find that this dramatic shift opens up a number of new attack surfaces that have not been previously explored. To call attention to this matter, this paper presents a systematic security analysis. Unlike the traditional call setup, the VoLTE call setup is controlled and performed at the Application Processor (AP), using the SIP over IP. A legitimate user who has control over the AP can potentially control and exploit the call setup process to establish a VoLTE channel. This combined with the …"
Taesoo Kim,https://scholar.google.com/citations?user=06hgT8gAAAAJ&hl=en,06hgT8gAAAAJ,Georgia Institute of Technology,12368,"Security, Operating System, Systems",https://taesoo.kim/,Enabling refinable {Cross-Host} attack investigation with efficient data flow tagging and tracking,95,2018,https://scholar.google.com/citations?view_op=view_citation&hl=en&user=06hgT8gAAAAJ&pagesize=50&citation_for_view=06hgT8gAAAAJ:jNumyIlXk58C,"Investigating attacks across multiple hosts is challenging. The true dependencies between security-sensitive files, network endpoints, or memory objects from different hosts can be easily concealed by dependency explosion or undefined program behavior (eg, memory corruption). Dynamic information flow tracking (DIFT) is a potential solution to this problem, but, existing DIFT techniques only track information flow within a single host and lack an efficient mechanism to maintain and synchronize the data flow tags globally across multiple hosts.In this paper, we propose RTAG, an efficient data flow tagging and tracking mechanism that enables practical cross-host attack investigations. RTAG is based on three novel techniques. First, by using a record-and-replay technique, it decouples the dependencies between different data flow tags from the analysis, enabling lazy synchronization between independent and parallel DIFT instances of different hosts. Second, it takes advantage of systemcall-level provenance information to calculate and allocate the optimal tag map in terms of memory consumption. Third, it embeds tag information into network packets to track cross-host data flows with less than 0.05% network bandwidth overhead. Evaluation results show that RTAG is able to recover the true data flows of realistic cross-host attack scenarios. Performance wise, RTAG reduces the memory consumption of DIFT-based analysis by up to 90% and decreases the overall analysis time by 60%–90% compared with previous investigation systems."
Taesoo Kim,https://scholar.google.com/citations?user=06hgT8gAAAAJ&hl=en,06hgT8gAAAAJ,Georgia Institute of Technology,12368,"Security, Operating System, Systems",https://taesoo.kim/,"Fast, scalable and secure onloading of edge functions using airbox",88,2016,https://scholar.google.com/citations?view_op=view_citation&hl=en&user=06hgT8gAAAAJ&pagesize=50&citation_for_view=06hgT8gAAAAJ:oy0z8GdgWhYC,"This paper argues for the utility of back-end driven onloading to the edge as a way to address bandwidth use and latency challenges for future device-cloud interactions. Supporting such edge functions (EFs) requires solutions that can provide (i) fast and scalable EF provisioning and (ii) strong guarantees for the integrity of the EF execution and confidentiality of the state stored at the edge. In response to these goals, we (i) present a detailed design space exploration of the current technologies that can be leveraged in the design of edge function platforms (EFPs), (ii) develop a solution to address security concerns of EFs that leverages emerging hardware support for OS agnostic trusted execution environments such as Intel SGX enclaves, and (iii) propose and evaluate AirBox, a platform for fast, scalable and secure onloading of edge functions."
Taesoo Kim,https://scholar.google.com/citations?user=06hgT8gAAAAJ&hl=en,06hgT8gAAAAJ,Georgia Institute of Technology,12368,"Security, Operating System, Systems",https://taesoo.kim/,From zygote to morula: Fortifying weakened aslr on android,87,2014,https://scholar.google.com/citations?view_op=view_citation&hl=en&user=06hgT8gAAAAJ&pagesize=50&citation_for_view=06hgT8gAAAAJ:M3ejUd6NZC8C,"There have been many research efforts to secure Android applications and the high-level system mechanisms. The low-level operating system designs have been overlooked partially due to the belief that security issues at this level are similar to those on Linux, which are well-studied. However, we identify that certain Android modifications are at odds with security and result in serious vulnerabilities that need to be addressed immediately. In this paper, we analyze the Zygote process creation model, an Android operating system design for speeding up application launches. Zygote weakens Address Space Layout Randomization (ASLR) because all application processes are created with largely identical memory layouts. We design both remote and local attacks capable of bypassing the weakened ASLR and executing return-oriented programming on Android. We demonstrate the attacks using real applications …"
Taesoo Kim,https://scholar.google.com/citations?user=06hgT8gAAAAJ&hl=en,06hgT8gAAAAJ,Georgia Institute of Technology,12368,"Security, Operating System, Systems",https://taesoo.kim/,{In-Kernel}{Control-Flow} integrity on commodity {OSes} using {ARM} pointer authentication,81,2022,https://scholar.google.com/citations?view_op=view_citation&hl=en&user=06hgT8gAAAAJ&pagesize=50&citation_for_view=06hgT8gAAAAJ:XeyO_QnM_iEC,"This paper presents an in-kernel, hardware-based control-flow integrity (CFI) protection, called PAL, that utilizes ARM’s Pointer Authentication (PA). It provides three important benefits over commercial, state-of-the-art PA-based CFIs like iOS’s: 1) enhancing CFI precision via automated refinement techniques, 2) addressing hindsight problems of PA for inkernel uses such as preemptive hijacking and brute-forcing attacks, and 3) assuring the algorithmic or implementation correctness via post validation. PAL achieves these goals in an OS-agnostic manner, so could be applied to commodity OSes like Linux and FreeBSD. The precision of the CFI protection can be adjusted for better performance or improved for better security with minimal engineering efforts. Our evaluation shows that PAL incurs negligible performance overhead: eg,< 1% overhead for Apache benchmark and 3–5% overhead for Linux perf benchmark on the latest Mac mini (M1). Our post-validation approach helps us ensure the security invariant required for the safe uses of PA inside the kernel, which also reveals new attack vectors on the iOS kernel. PAL as well as the CFI-protected kernels will be open sourced."
Taesoo Kim,https://scholar.google.com/citations?user=06hgT8gAAAAJ&hl=en,06hgT8gAAAAJ,Georgia Institute of Technology,12368,"Security, Operating System, Systems",https://taesoo.kim/,Latr: Lazy translation coherence,79,2018,https://scholar.google.com/citations?view_op=view_citation&hl=en&user=06hgT8gAAAAJ&pagesize=50&citation_for_view=06hgT8gAAAAJ:nOZr35tmOW8C,"We propose LATR-lazy TLB coherence-a software-based TLB shootdown mechanism that can alleviate the overhead of the synchronous TLB shootdown mechanism in existing operating systems. By handling the TLB coherence in a lazy fashion, LATR can avoid expensive IPIs which are required for delivering a shootdown signal to remote cores, and the performance overhead of associated interrupt handlers. Therefore, virtual memory operations, such as free and page migration operations, can benefit significantly from LATR's mechanism. For example, LATR improves the latency of munmap() by 70.8% on a 2-socket machine, a widely used configuration in modern data centers. Real-world, performance-critical applications such as web servers can also benefit from LATR: without any application-level changes, LATR improves Apache by 59.9% compared to Linux, and by 37.9% compared to ABIS, a highly …"
Taesoo Kim,https://scholar.google.com/citations?user=06hgT8gAAAAJ&hl=en,06hgT8gAAAAJ,Georgia Institute of Technology,12368,"Security, Operating System, Systems",https://taesoo.kim/,Fuzzification:{anti-fuzzing} techniques,76,2019,https://scholar.google.com/citations?view_op=view_citation&hl=en&user=06hgT8gAAAAJ&pagesize=50&citation_for_view=06hgT8gAAAAJ:XyrnIakFiz4C,"Fuzzing is a software testing technique that quickly and automatically explores the input space of a program without knowing its internals. Therefore, developers commonly use fuzzing as part of test integration throughout the software development process. Unfortunately, it also means that such a blackbox and the automatic natures of fuzzing are appealing to adversaries who are looking for zero-day vulnerabilities. To solve this problem, we propose a new mitigation approach, called FUZZIFICATION, that helps developers protect the released, binary-only software from attackers who are capable of applying state-of-the-art fuzzing techniques. Given a performance budget, this approach aims to hinder the fuzzing process from adversaries as much as possible. We propose three FUZZIFICATION techniques: 1) SpeedBump, which amplifies the slowdown in normal executions by hundreds of times to the fuzzed execution, 2) BranchTrap, interfering with feedback logic by hiding paths and polluting coverage maps, and 3) AntiHybrid, hindering taint-analysis and symbolic execution. Each technique is designed with best-effort, defensive measures that attempt to hinder adversaries from bypassing FUZZIFICATION.Our evaluation on popular fuzzers and real-world applications shows that FUZZIFICATION effectively reduces the number of discovered paths by 70.3% and decreases the number of identified crashes by 93.0% from real-world binaries, and decreases the number of detected bugs by 67.5% from LAVA-M dataset while under user-specified overheads for common workloads. We discuss the robustness of FUZZIFICATION techniques against …"
Brendan D. Saltaformaggio,https://scholar.google.com/citations?user=1GsJvtwAAAAJ&hl=en,1GsJvtwAAAAJ,"Associate Professor, Georgia Institute of Technology",1890,"Cyber Forensics, Systems Security, Malware Analysis",https://saltaformaggio.ece.gatech.edu/,Towards Measuring Supply Chain Attacks on Package Managers for Interpreted Languages,273,2021,https://scholar.google.com/citations?view_op=view_citation&hl=en&user=1GsJvtwAAAAJ&pagesize=50&citation_for_view=1GsJvtwAAAAJ:qxL8FJ1GzNcC,"Package managers have become a vital part of the modern software development process. They allow developers to reuse third-party code, share their own code, minimize their codebase, and simplify the build process. However, recent reports showed that package managers have been abused by attackers to distribute malware, posing significant security risks to developers and end-users. For example, eslint-scope, a package with millions of weekly downloads in Npm, was compromised to steal credentials from developers. To understand the security gaps and the misplaced trust that make recent supply chain attacks possible, we propose a comparative framework to qualitatively assess the functional and security features of package managers for interpreted languages. Based on qualitative assessment, we apply well-known program analysis techniques such as metadata, static, and dynamic analysis to study registry abuse. Our initial efforts found 339 new malicious packages that we reported to the registries for removal. The package manager maintainers confirmed 278 (82%) from the 339 reported packages where three of them had more than 100,000 downloads. For these packages we were issued official CVE numbers to help expedite the removal of these packages from infected victims. We outline the challenges of tailoring program analysis tools to interpreted languages and release our pipeline as a reference point for the community to build on and help in securing the software supply chain."
Brendan D. Saltaformaggio,https://scholar.google.com/citations?user=1GsJvtwAAAAJ&hl=en,1GsJvtwAAAAJ,"Associate Professor, Georgia Institute of Technology",1890,"Cyber Forensics, Systems Security, Malware Analysis",https://saltaformaggio.ece.gatech.edu/,Hercule: Attack story reconstruction via community discovery on correlated log graph,249,2016,https://scholar.google.com/citations?view_op=view_citation&hl=en&user=1GsJvtwAAAAJ&pagesize=50&citation_for_view=1GsJvtwAAAAJ:_FxGoFyzp5QC,"Advanced cyber attacks consist of multiple stages aimed at being stealthy and elusive. Such attack patterns leave their footprints spatio-temporally dispersed across many different logs in victim machines. However, existing log-mining intrusion analysis systems typically target only a single type of log to discover evidence of an attack and therefore fail to exploit fundamental inter-log connections. The output of such single-log analysis can hardly reveal the complete attack story for complex, multi-stage attacks. Additionally, some existing approaches require heavyweight system instrumentation, which makes them impractical to deploy in real production environments. To address these problems, we present HERCULE, an automated multi-stage log-based intrusion analysis system. Inspired by graph analytics research in social network analysis, we model multi-stage intrusion analysis as a community discovery problem …"
Brendan D. Saltaformaggio,https://scholar.google.com/citations?user=1GsJvtwAAAAJ&hl=en,1GsJvtwAAAAJ,"Associate Professor, Georgia Institute of Technology",1890,"Cyber Forensics, Systems Security, Malware Analysis",https://saltaformaggio.ece.gatech.edu/,Eavesdropping on Fine-Grained User Activities Within Smartphone Apps Over Encrypted Network Traffic,149,2016,https://scholar.google.com/citations?view_op=view_citation&hl=en&user=1GsJvtwAAAAJ&pagesize=50&citation_for_view=1GsJvtwAAAAJ:eQOLeE2rZwMC,"Smartphone apps have changed the way we interact with online services, but highly specialized apps come at a cost to privacy. In this paper we will demonstrate that a passive eavesdropper is capable of identifying finegrained user activities within the wireless network traffic generated by apps. Despite the widespread use of fully encrypted communication, our technique, called NetScope, is based on the intuition that the highly specific implementation of each app leaves a fingerprint on its traffic behavior (eg, transfer rates, packet exchanges, and data movement). By learning the subtle traffic behavioral differences between activities (eg,“browsing” versus “chatting” in a dating app), NetScope is able to perform robust inference of users’ activities, for both Android and iOS devices, based solely on inspecting IP headers. Our evaluation with 35 widely popular app activities (ranging from social networking and dating to personal health and presidential campaigns) shows that NetScope yields high detection accuracy (78.04% precision and 76.04% recall on average)."
Brendan D. Saltaformaggio,https://scholar.google.com/citations?user=1GsJvtwAAAAJ&hl=en,1GsJvtwAAAAJ,"Associate Professor, Georgia Institute of Technology",1890,"Cyber Forensics, Systems Security, Malware Analysis",https://saltaformaggio.ece.gatech.edu/,LDX: Causality Inference by Lightweight Dual Execution,104,2016,https://scholar.google.com/citations?view_op=view_citation&hl=en&user=1GsJvtwAAAAJ&pagesize=50&citation_for_view=1GsJvtwAAAAJ:W7OEmFMy1HYC,"Causality inference, such as dynamic taint anslysis, has many applications (e.g., information leak detection). It determines whether an event e is causally dependent on a preceding event c during execution. We develop a new causality inference engine LDX. Given an execution, it spawns a slave execution, in which it mutates c and observes whether any change is induced at e. To preclude non-determinism, LDX couples the executions by sharing syscall outcomes. To handle path differences induced by the perturbation, we develop a novel on-the-fly execution alignment scheme that maintains a counter to reflect the progress of execution. The scheme relies on program analysis and compiler transformation. LDX can effectively detect information leak and security attacks with an average overhead of 6.08% while running the master and the slave concurrently on separate CPUs, much lower than existing systems that …"
Brendan D. Saltaformaggio,https://scholar.google.com/citations?user=1GsJvtwAAAAJ&hl=en,1GsJvtwAAAAJ,"Associate Professor, Georgia Institute of Technology",1890,"Cyber Forensics, Systems Security, Malware Analysis",https://saltaformaggio.ece.gatech.edu/,Automating Patching of Vulnerable Open-Source Software Versions in Application Binaries,90,2019,https://scholar.google.com/citations?view_op=view_citation&hl=en&user=1GsJvtwAAAAJ&pagesize=50&citation_for_view=1GsJvtwAAAAJ:3fE2CSJIrl8C,"Mobile application developers rely heavily on opensource software (OSS) to offload common functionalities such as the implementation of protocols and media format playback. Over the past years, several vulnerabilities have been found in popular open-source libraries like OpenSSL and FFmpeg. Mobile applications that include such libraries inherit these flaws, which make them vulnerable. Fortunately, the open-source community is responsive and patches are made available within days. However, mobile application developers are often left unaware of these flaws. The App Security Improvement Program (ASIP) is a commendable effort by Google to notify application developers of these flaws, but recent work has shown that many developers do not act on this information.Our work addresses vulnerable mobile applications through automatic binary patching from source patches provided by the OSS maintainers and without involving the developers. We propose novel techniques to overcome difficult challenges like patching feasibility analysis, source-code-to-binary-code matching, and in-memory patching. Our technique uses a novel variabilityaware approach, which we implement as OSSPATCHER. We evaluated OSSPATCHER with 39 OSS and a collection of 1,000 Android applications using their vulnerable versions. OSSPATCHER generated 675 function-level patches that fixed the affected mobile applications without breaking their binary code. Further, we evaluated 10 vulnerabilities in popular apps such as Chrome with public exploits, which OSSPATCHER was able to mitigate and thwart their exploitation."
Brendan D. Saltaformaggio,https://scholar.google.com/citations?user=1GsJvtwAAAAJ&hl=en,1GsJvtwAAAAJ,"Associate Professor, Georgia Institute of Technology",1890,"Cyber Forensics, Systems Security, Malware Analysis",https://saltaformaggio.ece.gatech.edu/,iRiS: Vetting Private API Abuse in iOS Applications,74,2015,https://scholar.google.com/citations?view_op=view_citation&hl=en&user=1GsJvtwAAAAJ&pagesize=50&citation_for_view=1GsJvtwAAAAJ:zYLM7Y9cAGgC,"With the booming sale of iOS devices, the number of iOS applications has increased significantly in recent years. To protect the security of iOS users, Apple requires every iOS application to go through a vetting process called App Review to detect uses of private APIs that provide access to sensitive user information. However, recent attacks have shown the feasibility of using private APIs without being detected during App Review. To counter such attacks, we propose a new iOS application vetting system, called iRiS, in this paper. iRiS first applies fast static analysis to resolve API calls. For those that cannot be statically resolved, iRiS uses a novel iterative dynamic analysis approach, which is slower but more powerful compared to static analysis. We have ported Valgrind to iOS and implemented a prototype of iRiS on top of it. We evaluated iRiS with 2019 applications from the official App Store. From these, iRiS …"
Brendan D. Saltaformaggio,https://scholar.google.com/citations?user=1GsJvtwAAAAJ&hl=en,1GsJvtwAAAAJ,"Associate Professor, Georgia Institute of Technology",1890,"Cyber Forensics, Systems Security, Malware Analysis",https://saltaformaggio.ece.gatech.edu/,GUITAR: Piecing together android app GUIs from memory images,66,2015,https://scholar.google.com/citations?view_op=view_citation&hl=en&user=1GsJvtwAAAAJ&pagesize=50&citation_for_view=1GsJvtwAAAAJ:IjCSPb-OGe4C,"An Android app's graphical user interface (GUI) displays rich semantic and contextual information about the smartphone's owner and app's execution. Such information provides vital clues to the investigation of crimes in both cyber and physical spaces. In real-world digital forensics however, once an electronic device becomes evidence most manual interactions with it are prohibited by criminal investigation protocols. Hence investigators must resort to ""image-and-analyze"" memory forensics (instead of browsing through the subject phone) to recover the apps' GUIs. Unfortunately, GUI reconstruction is still largely impossible with state-of-the-art memory forensics techniques, which tend to focus only on individual in-memory data structures. An Android GUI, however, displays diverse visual elements each built from numerous data structure instances. Furthermore, whenever an app is sent to the background, its GUI …"
Brendan D. Saltaformaggio,https://scholar.google.com/citations?user=1GsJvtwAAAAJ&hl=en,1GsJvtwAAAAJ,"Associate Professor, Georgia Institute of Technology",1890,"Cyber Forensics, Systems Security, Malware Analysis",https://saltaformaggio.ece.gatech.edu/,ARCUS: Symbolic Root Cause Analysis of Exploits in Production Systems,60,2021,https://scholar.google.com/citations?view_op=view_citation&hl=en&user=1GsJvtwAAAAJ&pagesize=50&citation_for_view=1GsJvtwAAAAJ:mVmsd5A6BfQC,"End-host runtime monitors (eg, CFI, system call IDS) flag processes in response to symptoms of a possible attack. Unfortunately, the symptom (eg, invalid control transfer) may occur long after the root cause (eg, buffer overflow), creating a gap whereby bug reports received by developers contain (at best) a snapshot of the process long after it executed the buggy instructions. To help system administrators provide developers with more concise reports, we propose ARCUS, an automated framework that performs root cause analysis over the execution flagged by the end-host monitor. ARCUS works by testing “what if” questions to detect vulnerable states, systematically localizing bugs to their concise root cause while finding additional enforceable checks at the program binary level to demonstrably block them. Using hardware-supported processor tracing, ARCUS decouples the cost of analysis from host performance.We have implemented ARCUS and evaluated it on 31 vulnerabilities across 20 programs along with over 9,000 test cases from the RIPE and Juliet suites. ARCUS identifies the root cause of all tested exploits—with 0 false positives or negatives—and even finds 4 new 0-day vulnerabilities in traces averaging 4,000,000 basic blocks. ARCUS handles programs compiled from upwards of 810,000 lines of C/C++ code without needing concrete inputs or re-execution."
Brendan D. Saltaformaggio,https://scholar.google.com/citations?user=1GsJvtwAAAAJ&hl=en,1GsJvtwAAAAJ,"Associate Professor, Georgia Institute of Technology",1890,"Cyber Forensics, Systems Security, Malware Analysis",https://saltaformaggio.ece.gatech.edu/,RevARM: A Platform-Agnostic ARM Binary Rewriter for Security Applications,57,2017,https://scholar.google.com/citations?view_op=view_citation&hl=en&user=1GsJvtwAAAAJ&pagesize=50&citation_for_view=1GsJvtwAAAAJ:UebtZRa9Y70C,"ARM is the leading processor architecture in the emerging mobile and embedded market. Unfortunately, there has been a myriad of security issues on both mobile and embedded systems. While many countermeasures of such security issues have been proposed in recent years, a majority of applications still cannot be patched or protected due to run-time and space overhead constraints and the unavailability of source code. More importantly, the rapidly evolving mobile and embedded market makes any platform-specific solution ineffective. In this paper, we propose RevARM, a binary rewriting technique capable of instrumenting ARM-based binaries without limitation on the target platform. Unlike many previous binary instrumentation tools that are designed to instrument binaries based on x86, RevARM must resolve a number of new, ARM-specific binary rewriting challenges. Moreover, RevARM is able to handle …"
Brendan D. Saltaformaggio,https://scholar.google.com/citations?user=1GsJvtwAAAAJ&hl=en,1GsJvtwAAAAJ,"Associate Professor, Georgia Institute of Technology",1890,"Cyber Forensics, Systems Security, Malware Analysis",https://saltaformaggio.ece.gatech.edu/,Face-Change: Application-driven dynamic kernel view switching in a virtual machine,53,2014,https://scholar.google.com/citations?view_op=view_citation&hl=en&user=1GsJvtwAAAAJ&pagesize=50&citation_for_view=1GsJvtwAAAAJ:2osOgNQ5qMEC,"Kernel minimization has already been established as a practical approach to reducing the trusted computing base. Existing solutions have largely focused on whole-system profiling - generating a globally minimum kernel image that is being shared by all applications. However, since different applications use only part of the kernel's code base, the minimized kernel still includes an unnecessarily large attack surface. Furthermore, once the static minimized kernel is generated, it is not flexible enough to adapt to an altered execution environment (e.g., new workload). FACE-CHANGE is a virtualization-based system to facilitate dynamic switching at runtime among multiple minimized kernels, each customized for an individual application. Based on precedent profiling results, FACE-CHANGE transparently presents a customized kernel view for each application to confine its reach ability of kernel code. In the event that …"
Brendan D. Saltaformaggio,https://scholar.google.com/citations?user=1GsJvtwAAAAJ&hl=en,1GsJvtwAAAAJ,"Associate Professor, Georgia Institute of Technology",1890,"Cyber Forensics, Systems Security, Malware Analysis",https://saltaformaggio.ece.gatech.edu/,Toward a more dependable hybrid analysis of android malware using aspect-oriented programming,52,2018,https://scholar.google.com/citations?view_op=view_citation&hl=en&user=1GsJvtwAAAAJ&pagesize=50&citation_for_view=1GsJvtwAAAAJ:hqOjcs7Dif8C,"The growing threat to user privacy by Android applications (app) has tremendously increased the need for more reliable and accessible analysis techniques. This paper presents AspectDroid1—an offline app-level hybrid analysis system designed to investigate Android applications for possible unwanted activities. It leverages static bytecode instrumentation to weave in analysis routines into an existing application to provide efficient dataflow analysis, detection of resource abuse, and analytics of suspicious behaviors, which are then monitored dynamically at runtime. Unlike operating system or framework dependent approaches, AspectDroid does not require porting from one version of Android to another, nor does it depend on a particular Android runtime, making it a more adaptable and easier to use technique. We evaluate the strength of our dataflow algorithm on 105 apps from the DroidBench corpus, with …"
Brendan D. Saltaformaggio,https://scholar.google.com/citations?user=1GsJvtwAAAAJ&hl=en,1GsJvtwAAAAJ,"Associate Professor, Georgia Institute of Technology",1890,"Cyber Forensics, Systems Security, Malware Analysis",https://saltaformaggio.ece.gatech.edu/,Busmonitor: A hypervisor-based solution for memory bus covert channels,50,2013,https://scholar.google.com/citations?view_op=view_citation&hl=en&user=1GsJvtwAAAAJ&pagesize=50&citation_for_view=1GsJvtwAAAAJ:9yKSN-GCB0IC,"Researchers continue to find side channels present in cloud infrastructure which threaten virtual machine (VM) isolation. Specifically, the memory bus on virtualized x86 systems has been targeted as one such channel. Due to its connection to multiple processors, ease of control, and importance to system stability the memory bus could be one of the most powerful cross-VM side channels present in a cloud environment. To ensure that this critical component cannot be misused by an attacker, we have developed BusMonitor, a hypervisor-based protection which prevents a malicious tenant from abusing the memory bus’s operation. In this paper we investigate the dangers of previously known and possible future memory bus based side channel attacks. We then show that BusMonitor is able to fully prevent these attacks with negligible impact to the performance of guest applications."
Brendan D. Saltaformaggio,https://scholar.google.com/citations?user=1GsJvtwAAAAJ&hl=en,1GsJvtwAAAAJ,"Associate Professor, Georgia Institute of Technology",1890,"Cyber Forensics, Systems Security, Malware Analysis",https://saltaformaggio.ece.gatech.edu/,Forecasting Malware Capabilities From Cyber Attack Memory Images,49,2021,https://scholar.google.com/citations?view_op=view_citation&hl=en&user=1GsJvtwAAAAJ&pagesize=50&citation_for_view=1GsJvtwAAAAJ:M3ejUd6NZC8C,"The remediation of ongoing cyber attacks relies upon timely malware analysis, which aims to uncover malicious functionalities that have not yet executed. Unfortunately, this requires repeated context switching between different tools and incurs a high cognitive load on the analyst, slowing down the investigation and giving attackers an advantage. We present Forecast, a post-detection technique to enable incident responders to automatically predict capabilities which malware have staged for execution. Forecast is based on a probabilistic model that allows Forecast to discover capabilities and also weigh each capability according to its relative likelihood of execution (ie, forecasts). Forecast leverages the execution context of the ongoing attack (from the malware’s memory image) to guide a symbolic analysis of the malware’s code. We performed extensive evaluations, with 6,727 real-world malware and futuristic attacks aiming to subvert Forecast, showing the accuracy and robustness in predicting malware capabilities."
Brendan D. Saltaformaggio,https://scholar.google.com/citations?user=1GsJvtwAAAAJ&hl=en,1GsJvtwAAAAJ,"Associate Professor, Georgia Institute of Technology",1890,"Cyber Forensics, Systems Security, Malware Analysis",https://saltaformaggio.ece.gatech.edu/,VCR: App-Agnostic Recovery of Photographic Evidence from Android Device Memory Images,49,2015,https://scholar.google.com/citations?view_op=view_citation&hl=en&user=1GsJvtwAAAAJ&pagesize=50&citation_for_view=1GsJvtwAAAAJ:Y0pCki6q_DkC,"The ubiquity of modern smartphones means that nearly everyone has easy access to a camera at all times. In the event of a crime, the photographic evidence that these cameras leave in a smartphone's memory becomes vital pieces of digital evidence, and forensic investigators are tasked with recovering and analyzing this evidence. Unfortunately, few existing forensics tools are capable of systematically recovering and inspecting such in-memory photographic evidence produced by smartphone cameras. In this paper, we present VCR, a memory forensics technique which aims to fill this void by enabling the recovery of all photographic evidence produced by an Android device's cameras. By leveraging key aspects of the Android framework, VCR extends existing memory forensics techniques to improve vendor-customized Android memory image analysis. Based on this, VCR targets application-generic artifacts in …"
Brendan D. Saltaformaggio,https://scholar.google.com/citations?user=1GsJvtwAAAAJ&hl=en,1GsJvtwAAAAJ,"Associate Professor, Georgia Institute of Technology",1890,"Cyber Forensics, Systems Security, Malware Analysis",https://saltaformaggio.ece.gatech.edu/,DSCRETE: Automatic Rendering of Forensic Information from Memory Images via Application Logic Reuse,47,2014,https://scholar.google.com/citations?view_op=view_citation&hl=en&user=1GsJvtwAAAAJ&pagesize=50&citation_for_view=1GsJvtwAAAAJ:qjMakFHDy7sC,"State-of-the-art memory forensics involves signaturebased scanning of memory images to uncover data structure instances of interest to investigators. A largely unaddressed challenge is that investigators may not be able to interpret the content of data structure fields, even with a deep understanding of the data structure’s syntax and semantics. This is very common for data structures with application-specific encoding, such as those representing images, figures, passwords, and formatted file contents. For example, an investigator may know that a buffer field is holding a photo image, but still cannot display (and hence understand) the image. We call this the data structure content reverse engineering challenge. In this paper, we present DSCRETE, a system that enables automatic interpretation and rendering of inmemory data structure contents. DSCRETE is based on the observation that the application in which a data structure is defined usually contains interpretation and rendering logic to generate human-understandable output for that data structure. Hence DSCRETE aims to identify and reuse such logic in the program’s binary and create a “scanner+ renderer” tool for scanning and rendering instances of the data structure in a memory image. Different from signature-based approaches, DSCRETE avoids reverse engineering data structure signatures. Our evaluation with a wide range of real-world application binaries shows that DSCRETE is able to recover a variety of application data—eg, images, figures, screenshots, user accounts, and formatted files and messages—with high accuracy. The raw contents of such data would otherwise be …"
Brendan D. Saltaformaggio,https://scholar.google.com/citations?user=1GsJvtwAAAAJ&hl=en,1GsJvtwAAAAJ,"Associate Professor, Georgia Institute of Technology",1890,"Cyber Forensics, Systems Security, Malware Analysis",https://saltaformaggio.ece.gatech.edu/,The Betrayal at Cloud City: An Empirical Analysis of Cloud-Based Mobile Backends,45,2019,https://scholar.google.com/citations?view_op=view_citation&hl=en&user=1GsJvtwAAAAJ&pagesize=50&citation_for_view=1GsJvtwAAAAJ:kNdYIx-mwKoC,"Cloud backends provide essential features to the mobile app ecosystem, such as content delivery, ad networks, analytics, and more. Unfortunately, app developers often disregard or have no control over prudent security practices when choosing or managing these services. Our preliminary study of the top 5,000 Google Play Store free apps identified 983 instances of N-day and 655 instances of 0-day vulnerabilities spanning across the software layers (OS, software services, communication, and web apps) of cloud backends. The mobile apps using these cloud backends represent between 1M and 500M installs each and can potentially affect hundreds of thousands of users. Further, due to the widespread use of third-party SDKs, app developers are often unaware of the backends affecting their apps and where to report vulnerabilities. This paper presents SkyWalker, a pipeline to automatically vet the backends that mobile apps contact and provide actionable remediation. For an input APK, SkyWalker extracts an enumeration of backend URLs, uses remote vetting techniques to identify software vulnerabilities and responsible parties, and reports mitigation strategies to the app developer. Our findings suggest that developers and cloud providers do not have a clear understanding of responsibilities and liabilities in regards to mobile app backends that leave many vulnerabilities exposed."
Brendan D. Saltaformaggio,https://scholar.google.com/citations?user=1GsJvtwAAAAJ&hl=en,1GsJvtwAAAAJ,"Associate Professor, Georgia Institute of Technology",1890,"Cyber Forensics, Systems Security, Malware Analysis",https://saltaformaggio.ece.gatech.edu/,Automated Bug Hunting With Data-Driven Symbolic Root Cause Analysis,44,2021,https://scholar.google.com/citations?view_op=view_citation&hl=en&user=1GsJvtwAAAAJ&pagesize=50&citation_for_view=1GsJvtwAAAAJ:ZeXyd9-uunAC,"The increasing cost of successful cyberattacks has caused a mindset shift, whereby defenders now employ proactive defenses, namely software bug hunting, alongside existing reactive measures (firewalls, IDS, IPS) to protect systems. Unfortunately the path from hunting bugs to deploying patches remains laborious and expensive, requires human expertise, and still misses serious memory corruptions. Motivated by these challenges, we propose bug hunting using symbolically reconstructed states based on execution traces to achieve better detection and root cause analysis of overflow, use-after-free, double free, and format string bugs across user programs and their imported libraries. We discover that with the right use of widely available hardware processor tracing and partial memory snapshots, powerful symbolic analysis can be used on real-world programs while managing path explosion. Better yet, data can …"
Brendan D. Saltaformaggio,https://scholar.google.com/citations?user=1GsJvtwAAAAJ&hl=en,1GsJvtwAAAAJ,"Associate Professor, Georgia Institute of Technology",1890,"Cyber Forensics, Systems Security, Malware Analysis",https://saltaformaggio.ece.gatech.edu/,Mistrust Plugins You Must: A Large-Scale Study Of Malicious Plugins In WordPress Marketplaces,39,2022,https://scholar.google.com/citations?view_op=view_citation&hl=en&user=1GsJvtwAAAAJ&pagesize=50&citation_for_view=1GsJvtwAAAAJ:dhFuZR0502QC,"Modern websites owe most of their aesthetics and functionalities to Content Management Systems (CMS) plugins, which are bought and sold on widely popular marketplaces. Driven by economic incentives, attackers abuse the trust in this economy: selling malware on legitimate marketplaces, pirating popular plugins, and infecting plugins post-deployment. This research studied the evolution of CMS plugins in over 400K production webservers dating back to 2012. We developed YODA, an automated framework to detect malicious plugins and track down their origin. YODA uncovered 47,337 malicious plugins on 24,931 unique websites. Among these, $41.5 K had been spent on 3,685 malicious plugins sold on legitimate plugin marketplaces. Pirated plugins cheated developers out of $228 K in revenues. Post-deployment attacks infected $834 K worth of previously benign plugins with malware. Lastly, YODA informs our remediation efforts, as over 94% of these malicious plugins are still active today."
Brendan D. Saltaformaggio,https://scholar.google.com/citations?user=1GsJvtwAAAAJ&hl=en,1GsJvtwAAAAJ,"Associate Professor, Georgia Institute of Technology",1890,"Cyber Forensics, Systems Security, Malware Analysis",https://saltaformaggio.ece.gatech.edu/,Screen after Previous Screens: Spatial-Temporal Recreation of Android App Displays from Memory Images,38,2016,https://scholar.google.com/citations?view_op=view_citation&hl=en&user=1GsJvtwAAAAJ&pagesize=50&citation_for_view=1GsJvtwAAAAJ:WF5omc3nYNoC,"Smartphones are increasingly involved in cyber and real world crime investigations. In this paper, we demonstrate a powerful smartphone memory forensics technique, called RetroScope, which recovers multiple previous screens of an Android app—in the order they were displayed—from the phone’s memory image. Different from traditional memory forensics, RetroScope enables spatial-temporal forensics, revealing the progression of the phone user’s interactions with the app (eg, a banking transaction, online chat, or document editing session). RetroScope achieves near perfect accuracy in both the recreation and ordering of reconstructed screens. Further, RetroScope is app-agnostic, requiring no knowledge about an app’s internal data definitions or rendering logic. RetroScope is inspired by the observations that (1) app-internal data on previous screens exists much longer in memory than the GUI data structures that “package” them and (2) each app is able to perform context-free redrawing of its screens upon command from the Android framework. Based on these, RetroScope employs a novel interleaved re-execution engine to selectively reanimate an app’s screen redrawing functionality from within a memory image. Our evaluation shows that RetroScope is able to recover full temporally-ordered sets of screens (each with 3 to 11 screens) for a variety of popular apps on a number of different Android devices."
Brendan D. Saltaformaggio,https://scholar.google.com/citations?user=1GsJvtwAAAAJ&hl=en,1GsJvtwAAAAJ,"Associate Professor, Georgia Institute of Technology",1890,"Cyber Forensics, Systems Security, Malware Analysis",https://saltaformaggio.ece.gatech.edu/,Live acquisition of main memory data from Android smartphones and smartwatches,35,2017,https://scholar.google.com/citations?view_op=view_citation&hl=en&user=1GsJvtwAAAAJ&pagesize=50&citation_for_view=1GsJvtwAAAAJ:Se3iqnhoufwC,"Recent research in Android device forensics has largely focused on evidence recovery from NAND flash memory. However, pervasive deployment of NAND flash encryption technologies and the increase in malware infections which reside only in main memory have motivated an urgent need for the forensic study of main memory. Existing Android main memory forensics techniques are hardly being adopted in practical forensic investigations because they often require solving several usability constraints, such as requiring root privilege escalation, custom kernel replacement, or screen lock bypass. Moreover, there are still no commercially available tools for acquiring the main memory data of smart devices. To address these problems, we have developed an automated tool, called AMD, which is capable of acquiring the entire content of main memory from a range of Android smartphones and smartwatches. In …"
Brendan D. Saltaformaggio,https://scholar.google.com/citations?user=1GsJvtwAAAAJ&hl=en,1GsJvtwAAAAJ,"Associate Professor, Georgia Institute of Technology",1890,"Cyber Forensics, Systems Security, Malware Analysis",https://saltaformaggio.ece.gatech.edu/,vFair: latency-aware fair storage scheduling via per-IO cost-based differentiation,33,2015,https://scholar.google.com/citations?view_op=view_citation&hl=en&user=1GsJvtwAAAAJ&pagesize=50&citation_for_view=1GsJvtwAAAAJ:UeHWp8X0CEIC,"In virtualized data centers, multiple VMs are consolidated to access a shared storage system. Effective storage resource management, however, turns out to be challenging, as VM workloads exhibit various IO patterns and diverse loads. To multiplex the underlying hardware resources among VMs, providing fairness and isolation while maintaining high resource utilization becomes imperative for effective storage resource management. Existing schedulers such as Linux CFQ or SFQ can provide some fairness, but it has been observed that synchronous IO tends to lose fair shares significantly when competing with aggressive VMs. In this paper, we introduce vFair, a novel scheduling framework that achieves IO resource sharing fairness among VMs, regardless of their IO patterns and workloads. The design of vFair takes per-IO cost into consideration and strikes a balance between fairness and storage resource …"
Brendan D. Saltaformaggio,https://scholar.google.com/citations?user=1GsJvtwAAAAJ&hl=en,1GsJvtwAAAAJ,"Associate Professor, Georgia Institute of Technology",1890,"Cyber Forensics, Systems Security, Malware Analysis",https://saltaformaggio.ece.gatech.edu/,TARDIS: Rolling Back The Clock On CMS-Targeting Cyber Attacks,26,2020,https://scholar.google.com/citations?view_op=view_citation&hl=en&user=1GsJvtwAAAAJ&pagesize=50&citation_for_view=1GsJvtwAAAAJ:YOwf2qJgpHMC,"Over 55% of the world's websites run on Content Management Systems (CMS). Unfortunately, this huge user population has made CMS-based websites a high-profile target for hackers. Worse still, the vast majority of the website hosting industry has shifted to a ""backup and restore"" model of security, which relies on error-prone AV scanners to prompt users to roll back to a pre-infection nightly snapshot. This research had the opportunity to study these nightly backups for over 300,000 unique production websites. In doing so, we measured the attack landscape of CMS-based websites and assessed the effectiveness of the backup and restore protection scheme. To our surprise, we found that the evolution of tens of thousands of attacks exhibited clear long-lived multi-stage attack patterns. We now propose TARDIS, an automated provenance inference technique, which enables the investigation and remediation of …"
Brendan D. Saltaformaggio,https://scholar.google.com/citations?user=1GsJvtwAAAAJ&hl=en,1GsJvtwAAAAJ,"Associate Professor, Georgia Institute of Technology",1890,"Cyber Forensics, Systems Security, Malware Analysis",https://saltaformaggio.ece.gatech.edu/,“Tipped Off by Your Memory Allocator”: Device-Wide User Activity Sequencing from Android Memory Images,24,2018,https://scholar.google.com/citations?view_op=view_citation&hl=en&user=1GsJvtwAAAAJ&pagesize=50&citation_for_view=1GsJvtwAAAAJ:5nxA0vEk-isC,"An essential forensic capability is to infer the sequence of actions performed by a suspect in the commission of a crime. Unfortunately, for cyber investigations, user activity timeline reconstruction remains an open research challenge, currently requiring manual identification of datable artifacts/logs and heuristic-based temporal inference. In this paper, we propose a memory forensics capability to address this challenge. We present Timeliner, a forensics technique capable of automatically inferring the timeline of user actions on an Android device across all apps, from a single memory image acquired from the device. Timeliner is inspired by the observation that Android app Activity launches leave behind key self-identifying data structures. More importantly, this collection of data structures can be temporally ordered, owing to the predictable manner in which they were allocated and distributed in memory. Based on these observations, Timeliner is designed to (1) identify and recover these residual data structures,(2) infer the user-induced transitions between their corresponding Activities, and (3) reconstruct the devicewide, cross-app Activity timeline. Timeliner is designed to leverage the memory image of Android’s centralized ActivityManager service. Hence, it is able to sequence Activity launches across all apps—even those which have terminated. Our evaluation shows that Timeliner can reveal substantial evidence (up to an hour) across a variety of apps on different Android platforms."
Brendan D. Saltaformaggio,https://scholar.google.com/citations?user=1GsJvtwAAAAJ&hl=en,1GsJvtwAAAAJ,"Associate Professor, Georgia Institute of Technology",1890,"Cyber Forensics, Systems Security, Malware Analysis",https://saltaformaggio.ece.gatech.edu/,A2C: Self Destructing Exploit Executions via Input Perturbation,24,2017,https://scholar.google.com/citations?view_op=view_citation&hl=en&user=1GsJvtwAAAAJ&pagesize=50&citation_for_view=1GsJvtwAAAAJ:LkGwnXOMwfcC,"Malicious payload injection attacks have been a serious threat to software for decades. Unfortunately, protection against these attacks remains challenging due to the ever increasing diversity and sophistication of payload injection and triggering mechanisms used by adversaries. In this paper, we develop A2C, a system that provides general protection against payload injection attacks. A2C is based on the observation that payloads are highly fragile and thus any mutation would likely break their functionalities. Therefore, A2C mutates inputs from untrusted sources. Malicious payloads that reside in these inputs are hence mutated and broken. To assure that the program continues to function correctly when benign inputs are provided, A2C divides the state space into exploitable and post-exploitable sub-spaces, where the latter is much larger than the former, and decodes the mutated values only when they are transmitted from the former to the latter. A2C does not rely on any knowledge of malicious payloads or their injection and triggering mechanisms. Hence, its protection is general. We evaluate A2C with 30 realworld applications, including apache on a real-world work-load, and our results show that A2C effectively prevents a variety of payload injection attacks on these programs with reasonably low overhead (6.94%)."
Brendan D. Saltaformaggio,https://scholar.google.com/citations?user=1GsJvtwAAAAJ&hl=en,1GsJvtwAAAAJ,"Associate Professor, Georgia Institute of Technology",1890,"Cyber Forensics, Systems Security, Malware Analysis",https://saltaformaggio.ece.gatech.edu/,Hiding in Plain Sight: An Empirical Study of Web Application Abuse in Malware,19,2023,https://scholar.google.com/citations?view_op=view_citation&hl=en&user=1GsJvtwAAAAJ&pagesize=50&citation_for_view=1GsJvtwAAAAJ:r0BpntZqJG4C,"Web applications provide a wide array of utilities that are abused by malware as a replacement for traditional attacker-controlled servers. Thwarting these Web App-Engaged (WAE) malware requires rapid collaboration between incident responders and web app providers. Unfortunately, our research found that delays in this collaboration allow WAE malware to thrive. We developed Marsea, an automated malware analysis pipeline that studies WAE malware and enables rapid remediation. Given 10K malware samples, Marsea revealed 893 WAE malware in 97 families abusing 29 web apps. Our research uncovered a 226% increase in the number of WAE malware since 2020 and that malware authors are beginning to reduce their reliance on attacker-controlled servers. In fact, we found a 13.7% decrease in WAE malware relying on attacker-controlled servers. To date, we have used Marsea to collaborate with the web app providers to take down 50% of the malicious web app content."
Brendan D. Saltaformaggio,https://scholar.google.com/citations?user=1GsJvtwAAAAJ&hl=en,1GsJvtwAAAAJ,"Associate Professor, Georgia Institute of Technology",1890,"Cyber Forensics, Systems Security, Malware Analysis",https://saltaformaggio.ece.gatech.edu/,PUMM: Preventing Use-After-Free Using Execution Unit Partitioning,19,2023,https://scholar.google.com/citations?view_op=view_citation&hl=en&user=1GsJvtwAAAAJ&pagesize=50&citation_for_view=1GsJvtwAAAAJ:e5wmG9Sq2KIC,"Critical software is written in memory unsafe languages that are vulnerable to use-after-free and double free bugs. This has led to proposals to secure memory allocators by strategically deferring memory reallocations long enough to make such bugs unexploitable. Unfortunately, existing solutions suffer from high runtime and memory overheads. Seeking a better solution, we propose to profile programs to identify units of code that correspond to the handling of individual tasks. With the intuition that little to no data should flow between separate tasks at runtime, reallocation of memory freed by the currently executing unit is deferred until after its completion; just long enough to prevent use-after-free exploitation. To demonstrate the efficacy of our design, we implement a prototype for Linux, PUMM, which consists of an offline profiler and an online enforcer that transparently wraps standard libraries to protect C/C++ binaries. In our evaluation of 40 real-world and 3,000 synthetic vulnerabilities across 26 programs, including complex multi-threaded cases like the Chakra JavaScript engine, PUMM successfully thwarts all real-world exploits, and only allows 4 synthetic exploits, while reducing memory overhead by 52.0% over prior work and incurring an average runtime overhead of 2.04%."
Brendan D. Saltaformaggio,https://scholar.google.com/citations?user=1GsJvtwAAAAJ&hl=en,1GsJvtwAAAAJ,"Associate Professor, Georgia Institute of Technology",1890,"Cyber Forensics, Systems Security, Malware Analysis",https://saltaformaggio.ece.gatech.edu/,C3PO: Large-Scale Study Of Covert Monitoring of C&C Servers via Over-Permissioned Protocol Infiltration,19,2021,https://scholar.google.com/citations?view_op=view_citation&hl=en&user=1GsJvtwAAAAJ&pagesize=50&citation_for_view=1GsJvtwAAAAJ:7PzlFSSx8tAC,"Current techniques to monitor botnets towards disruption or takedown are likely to result in inaccurate data gathered about the botnet or be detected by C&C orchestrators. Seeking a covert and scalable solution, we look to an evolving pattern in modern malware that integrates standardized over-permissioned protocols, exposing privileged access to C&C servers. We implement techniques to detect and exploit these protocols from over-permissioned bots toward covert C&C server monitoring. Our empirical study of 200k malware captured since 2006 revealed 62,202 over-permissioned bots (nearly 1 in 3) and 443,905 C&C monitoring capabilities, with a steady increase of over-permissioned protocol use over the last 15 years. Due to their ubiquity, we conclude that even though over-permissioned protocols allow for C&C server infiltration, the efficiency and ease of use they provide continue to make them prevalent …"
Brendan D. Saltaformaggio,https://scholar.google.com/citations?user=1GsJvtwAAAAJ&hl=en,1GsJvtwAAAAJ,"Associate Professor, Georgia Institute of Technology",1890,"Cyber Forensics, Systems Security, Malware Analysis",https://saltaformaggio.ece.gatech.edu/,On the Feasibility of Automating Stock Market Manipulation,15,2020,https://scholar.google.com/citations?view_op=view_citation&hl=en&user=1GsJvtwAAAAJ&pagesize=50&citation_for_view=1GsJvtwAAAAJ:aqlVkmm33-oC,"This work presents the first findings on the feasibility of using botnets to automate stock market manipulation. Our analysis incorporates data gathered from SEC case files, security surveys of online brokerages, and dark web marketplace data. We address several technical challenges, including how to adapt existing techniques for automation, the cost of hijacking brokerage accounts, avoiding detection, and more. We consolidate our findings into a working proof-of-concept, man-in-the-browser malware, Bot2Stock, capable of controlling victim email and brokerage accounts to commit fraud. We evaluate our bots and protocol using agent-based market simulations, where we find that a 1.5% ratio of bots to benign traders yields a 2.8% return on investment (ROI) per attack. Given the short duration of each attack (< 1 minute), achieving this ratio is trivial, requiring only 4 bots to target stocks like IBM. 1,000 bots …"
Brendan D. Saltaformaggio,https://scholar.google.com/citations?user=1GsJvtwAAAAJ&hl=en,1GsJvtwAAAAJ,"Associate Professor, Georgia Institute of Technology",1890,"Cyber Forensics, Systems Security, Malware Analysis",https://saltaformaggio.ece.gatech.edu/,Pulling Off The Mask: Forensic Analysis of the Deceptive Creator Wallets Behind Smart Contract Fraud,11,2024,https://scholar.google.com/citations?view_op=view_citation&hl=en&user=1GsJvtwAAAAJ&pagesize=50&citation_for_view=1GsJvtwAAAAJ:M3NEmzRMIkIC,"Criminals, using crypto wallets referred to as Deceptive Creator Wallets (DCWs), have orchestrated fraudulent activities by luring victims to transfer funds to fraud smart contracts. Since it is almost impossible to reverse the transactions or pinpoint the true identity of the criminals, the industry has turned to flagging such contracts as user warnings. However, current mitigation efforts focus on individual contracts, overlooking the DCWs behind the scenes. Consequently, our research found that this oversight allows fraud to thrive. To address this, we developed CoCo, an automated forensic analysis pipeline that processes a single fraud contract and generates evidence that the legal authorities need to mitigate the fraud. Applying CoCo to 157 confirmed fraud contracts, our research uncovered 1,283,198 associated contracts linked to 91 DCWs, responsible for 2,638,752 ETH ($2,089,504,682) in illicit profits. More …"
Brendan D. Saltaformaggio,https://scholar.google.com/citations?user=1GsJvtwAAAAJ&hl=en,1GsJvtwAAAAJ,"Associate Professor, Georgia Institute of Technology",1890,"Cyber Forensics, Systems Security, Malware Analysis",https://saltaformaggio.ece.gatech.edu/,vRead: Efficient data access for hadoop in virtualized clouds,11,2015,https://scholar.google.com/citations?view_op=view_citation&hl=en&user=1GsJvtwAAAAJ&pagesize=50&citation_for_view=1GsJvtwAAAAJ:Tyk-4Ss8FVUC,"With its unlimited scalability and on-demand access to computation and storage, a virtualized cloud platform is the perfect match for big data systems such as Hadoop. However, virtualization introduces a significant amount of overhead to I/O intensive applications due to device virtualization and VMs or I/O threads scheduling delay. In particular, device virtualization causes significant CPU overhead as I/O data needs to be moved across several protection boundaries. We observe that such overhead especially affects the I/O performance of the Hadoop distributed file system (HDFS). In fact, data read from an HDFS datanode VM must go through virtual devices multiple times --- incurring non-negligible virtualization overhead --- even though both client VM and datanode VM may be running on the same machine. In this paper, we propose vRead, a programmable framework which connects I/O flows from HDFS …"
Brendan D. Saltaformaggio,https://scholar.google.com/citations?user=1GsJvtwAAAAJ&hl=en,1GsJvtwAAAAJ,"Associate Professor, Georgia Institute of Technology",1890,"Cyber Forensics, Systems Security, Malware Analysis",https://saltaformaggio.ece.gatech.edu/,Using a novel behavioral stimuli-response framework to defend against adversarial cyberspace participants,9,2011,https://scholar.google.com/citations?view_op=view_citation&hl=en&user=1GsJvtwAAAAJ&pagesize=50&citation_for_view=1GsJvtwAAAAJ:u-x6o8ySG0sC,"Autonomous Baiting, Control and Deception of Adversarial Cyberspace Participants (ABCD-ACP) is an experimental defensive framework against potentially adversarial cyberspace participants, such as malicious software and subversive insiders. By deploying fake targets (called baits/stimuli) onto a virtualized environment, the framework seeks to probabilistically identify suspicious participants through aggregate suspicious behavior, subvert their decision structure and goad them into a position favorable to the defense. Baits include simulating insertion of readable and writable drives with weak or no password, marked doc/pdf/txt/exe/cad/xls/dat files, processes with popular target names and processes that detect thread injections. This approach bears some similarities to the concept of subverting an enemy's OODA (Observe, Orient, Decide, and Act) loop, an information warfare strategy which seeks to proactively …"
Brendan D. Saltaformaggio,https://scholar.google.com/citations?user=1GsJvtwAAAAJ&hl=en,1GsJvtwAAAAJ,"Associate Professor, Georgia Institute of Technology",1890,"Cyber Forensics, Systems Security, Malware Analysis",https://saltaformaggio.ece.gatech.edu/,AI Psychiatry: Forensic Investigation of Deep Learning Networks in Memory Images,7,2024,https://scholar.google.com/citations?view_op=view_citation&hl=en&user=1GsJvtwAAAAJ&pagesize=50&citation_for_view=1GsJvtwAAAAJ:maZDTaKrznsC,"Online learning is widely used in production to refine model parameters after initial deployment. This opens several vectors for covertly launching attacks against deployed models. To detect these attacks, prior work developed black-box and white-box testing methods. However, this has left a prohibitive open challenge: How is the investigator supposed to recover the model (uniquely refined on an in-the-field device) for testing in the first place. We propose a novel memory forensic technique, named AiP, that automatically recovers the unique deployment model and rehosts it in a lab environment for investigation. AiP navigates through both main memory and GPU memory spaces to recover complex ML data structures, using recovered Python objects to guide the recovery of lower-level C objects, ultimately leading to the recovery of the uniquely refined model. AiP then rehosts the model within the investigator’s device, where the investigator can apply various white-box testing methodologies. We have evaluated AiP using three versions of TensorFlow and PyTorch with the CIFAR-10, LISA, and IMDB datasets. AiP recovered 30 models from main memory and GPU memory with 100% accuracy and rehosted them into a live process successfully."
Brendan D. Saltaformaggio,https://scholar.google.com/citations?user=1GsJvtwAAAAJ&hl=en,1GsJvtwAAAAJ,"Associate Professor, Georgia Institute of Technology",1890,"Cyber Forensics, Systems Security, Malware Analysis",https://saltaformaggio.ece.gatech.edu/,DVa: Extracting Victims and Abuse Vectors from Android Accessibility Malware,7,2024,https://scholar.google.com/citations?view_op=view_citation&hl=en&user=1GsJvtwAAAAJ&pagesize=50&citation_for_view=1GsJvtwAAAAJ:k_IJM867U9cC,"The Android accessibility (a11y) service is widely abused by malware to conduct on-device monetization fraud. Existing mitigation techniques focus on malware detection but overlook providing users evidence of abuses that have already occurred and notifying victims to facilitate defenses. We developed DVa, a malware analysis pipeline based on dynamic victim-guided execution and abuse-vector-guided symbolic analysis, to help investigators uncover a11y malware’s targeted victims, victim-specific abuse vectors, and persistence mechanisms. We deployed DVa to investigate Android devices infected with 9,850 a11y malware. From the extractions, DVa uncovered 215 unique victims targeted with an average of 13.9 abuse routines. DVa also extracted six persistence mechanisms empowered by the a11y service."
Brendan D. Saltaformaggio,https://scholar.google.com/citations?user=1GsJvtwAAAAJ&hl=en,1GsJvtwAAAAJ,"Associate Professor, Georgia Institute of Technology",1890,"Cyber Forensics, Systems Security, Malware Analysis",https://saltaformaggio.ece.gatech.edu/,This Hacker Knows Physics: Device Physics Aware Mimicry Attacks in Cyber-Physical Systems,6,2021,https://scholar.google.com/citations?view_op=view_citation&hl=en&user=1GsJvtwAAAAJ&pagesize=50&citation_for_view=1GsJvtwAAAAJ:QIV2ME_5wuYC,"Recent work proposed to improve the security of CPSs by authenticating the CPS devices through the device operation times in the response packets from the devices, due to the strong correlation between the timing fingerprints and the physics of the devices. Although such a technique may be effective in defending against naive attackers, an advanced attacker may monitor the operation of the CPS before launching a device physics aware mimicry attack. In this paper, we show how the spoofed response packets can be crafted by an attacker to deceive the CPS device authentication method based on the device operation times. Specifically, we use the timing and physical measurements embedded in the packets to reconstruct the devices in the physical system, which can be used to spoof response packets corresponding to the actual model and configuration of the devices in the CPS. We demonstrate the …"
Brendan D. Saltaformaggio,https://scholar.google.com/citations?user=1GsJvtwAAAAJ&hl=en,1GsJvtwAAAAJ,"Associate Professor, Georgia Institute of Technology",1890,"Cyber Forensics, Systems Security, Malware Analysis",https://saltaformaggio.ece.gatech.edu/,BASS: Improving I/O performance for cloud block storage via byte-addressable storage stack,6,2016,https://scholar.google.com/citations?view_op=view_citation&hl=en&user=1GsJvtwAAAAJ&pagesize=50&citation_for_view=1GsJvtwAAAAJ:ufrVoPGSRksC,"In an Infrastructure-as-a-Service cloud, cloud block storage offers conventional, block-level storage resources via a storage area network. However, compared to local storage, this multilayered cloud storage model imposes considerable I/O overheads due to much longer I/O path in the virtualized cloud. In this paper, we propose a novel byte-addressable storage stack, BASS, to bridge the addressability gap between the storage and network stacks in cloud, and in return boost I/O performance for cloud block storage. Equipped with byte-addressability, BASS not only avails the benefits of using variable-length I/O requests that avoid unnecessary data transfer, but also enables a highly efficient non-blocking approach that eliminates the blocking of write processes. We have developed a generic prototype of BASS based on Linux storage stack, which is applicable to traditional VMs, lightweight containers and physical …"
Brendan D. Saltaformaggio,https://scholar.google.com/citations?user=1GsJvtwAAAAJ&hl=en,1GsJvtwAAAAJ,"Associate Professor, Georgia Institute of Technology",1890,"Cyber Forensics, Systems Security, Malware Analysis",https://saltaformaggio.ece.gatech.edu/,GEMINI: Guest-Transparent Honey Files via Hypervisor-Level Access Redirection,5,2018,https://scholar.google.com/citations?view_op=view_citation&hl=en&user=1GsJvtwAAAAJ&pagesize=50&citation_for_view=1GsJvtwAAAAJ:8k81kl-MbHgC,"Data safety has become a critical problem in the face of various cyber-attacks aiming at stealing or divulging sensitive information. In the event that adversaries have gained access to a system storing classified data, such crucial systems should actively protect the integrity of this data. To purposely deceive an attacker, we propose that accesses to sensitive data can be dynamically partitioned to prevent malicious tampering. In this paper, we present Gemini, a virtualization-based system to transparently redirect accesses to classified files based on the context of the access (e.g., process, user, time-of-day, etc.). If an access violates preconfigured data-use policies then it will be rerouted to a honey version of the file, specifically crafted to be manipulated by the adversary. Thus, Gemini transforms static, sensitive files into moving targets and provides strong transparency and tamper-resistance as it is located at the …"
Brendan D. Saltaformaggio,https://scholar.google.com/citations?user=1GsJvtwAAAAJ&hl=en,1GsJvtwAAAAJ,"Associate Professor, Georgia Institute of Technology",1890,"Cyber Forensics, Systems Security, Malware Analysis",https://saltaformaggio.ece.gatech.edu/,Forensic Carving of Wireless Network Information from the Android Linux Kernel,5,2012,https://scholar.google.com/citations?view_op=view_citation&hl=en&user=1GsJvtwAAAAJ&pagesize=50&citation_for_view=1GsJvtwAAAAJ:d1gkVwhDpl0C,"Modern smartphones integrate ubiquitous access to voice, data, and email communication and allow users to rapidly handle both personal and corporate business affairs. This is possible because of the smartphone’s constant connectivity with the Internet. Digital forensic investigators have long understood the value of smartphones as forensic evidence, and this thesis seeks to provide new tools to increase the amount of evidence that one can obtain and analyze from an Android smartphone. Specifically, by using proven data carving algorithms we try to uncover information about the phone’s connection to wireless access points in a capture of the device’s volatile memory."
Brendan D. Saltaformaggio,https://scholar.google.com/citations?user=1GsJvtwAAAAJ&hl=en,1GsJvtwAAAAJ,"Associate Professor, Georgia Institute of Technology",1890,"Cyber Forensics, Systems Security, Malware Analysis",https://saltaformaggio.ece.gatech.edu/,STORM: Enabling tenant-defined cloud storage middle-box services,4,2016,https://scholar.google.com/citations?view_op=view_citation&hl=en&user=1GsJvtwAAAAJ&pagesize=50&citation_for_view=1GsJvtwAAAAJ:YsMSGLbcyi4C,"In an Infrastructure-as-a-Service cloud, tenants rely on the cloud provider to provide ""value-added"" services such as data security and reliability. However, this provider-controlled service model is less flexible and cannot be customized to meet individual tenants' needs. In this paper, we present StorM, a novel middle-box service platform that allows each tenant to deploy tenant-specific security and reliability services -- in virtualized middle-boxes -- for their cloud data. With such middle-boxes, StorM divides the responsibilities of service creation between tenants and the provider by allowing tenants to customize their own cloud data polices and the provider to offer corresponding infrastructural support. In developing StorM, we address key challenges including network splicing, platform efficiency, and semantic gap. We implement a StorM prototype on top of OpenStack and demonstrate three tenant-defined security …"
Brendan D. Saltaformaggio,https://scholar.google.com/citations?user=1GsJvtwAAAAJ&hl=en,1GsJvtwAAAAJ,"Associate Professor, Georgia Institute of Technology",1890,"Cyber Forensics, Systems Security, Malware Analysis",https://saltaformaggio.ece.gatech.edu/,Identifying Incoherent Search Sessions: Search Click Fraud Remediation Under Real-World Constraints,3,2025,https://scholar.google.com/citations?view_op=view_citation&hl=en&user=1GsJvtwAAAAJ&pagesize=50&citation_for_view=1GsJvtwAAAAJ:hMod-77fHWUC,"Search engines and advertisers continuously suffer substantial financial losses from click fraud, which poses challenges to existing detection algorithms. Even more concerning, despite ongoing advancements, our understanding of click fraud remains limited, leaving room for sophisticated fraudulent techniques to bypass existing detection measures. In this study, we pivot from examining individual search requests to analyzing search sessions, defined as sequences of consecutive search queries made by the same user. We found that benign users exhibit coherent behavior patterns within these sessions, which contrast clearly with those of fraudulent actors. Specifically, legitimate users tend to conduct searches focused on a single topic at a time. In contrast, fraudsters or automated bots often exhibit diverse, illogical, and incoherent search behaviors within a session. To address this behavioral distinction, we …"
Brendan D. Saltaformaggio,https://scholar.google.com/citations?user=1GsJvtwAAAAJ&hl=en,1GsJvtwAAAAJ,"Associate Professor, Georgia Institute of Technology",1890,"Cyber Forensics, Systems Security, Malware Analysis",https://saltaformaggio.ece.gatech.edu/,Modeling Large-Scale Manipulation in Open Stock Markets,3,2021,https://scholar.google.com/citations?view_op=view_citation&hl=en&user=1GsJvtwAAAAJ&pagesize=50&citation_for_view=1GsJvtwAAAAJ:9ZlFYXVOiuMC,"This article studies the feasibility of using a botnet to automate stock market manipulation, incorporating data from U.S. Securities and Exchange Commission case files, security surveys of online retail brokerage accounts, and dark web marketplace listings."
Brendan D. Saltaformaggio,https://scholar.google.com/citations?user=1GsJvtwAAAAJ&hl=en,1GsJvtwAAAAJ,"Associate Professor, Georgia Institute of Technology",1890,"Cyber Forensics, Systems Security, Malware Analysis",https://saltaformaggio.ece.gatech.edu/,Convicted by Memory: Recovering Spatial-Temporal Digital Evidence from Memory Images,3,2016,https://scholar.google.com/citations?view_op=view_citation&hl=en&user=1GsJvtwAAAAJ&pagesize=50&citation_for_view=1GsJvtwAAAAJ:0EnyYjriUFMC,"Memory forensics is becoming a crucial capability in modern cyber forensic investigations. In particular, memory forensics can reveal"" up to the minute"" evidence of a device's usage, often without requiring a suspect's password to unlock the device, and it is oblivious to any persistent storage encryption schemes. Prior to my work, researchers and investigators alike considered raw data-structure recovery the ultimate goal of memory forensics. This, however, was far from sufficient as investigators were still largely unable to understand the content of the recovered evidence; hence, unlocking the true potential of such evidence in memory images remained an open research challenge.In this talk, I will focus on my research efforts which break from traditional data-recovery-oriented forensics and instead leverage program analysis to automatically locate, reconstruct, and render spatial-temporal evidence from memory …"
Brendan D. Saltaformaggio,https://scholar.google.com/citations?user=1GsJvtwAAAAJ&hl=en,1GsJvtwAAAAJ,"Associate Professor, Georgia Institute of Technology",1890,"Cyber Forensics, Systems Security, Malware Analysis",https://saltaformaggio.ece.gatech.edu/,COINDEF: A Comprehensive Code Injection Defense for the Electron Framework,2,2025,https://scholar.google.com/citations?view_op=view_citation&hl=en&user=1GsJvtwAAAAJ&pagesize=50&citation_for_view=1GsJvtwAAAAJ:blknAaTinKkC,"The increasing popularity of cross-platform frameworks like Electron underscores the appeal of using familiar web technologies for desktop application development. Electron fuses the web and native environments into one single executable. However, this fusion creates unique vulnerabilities and significantly expands the attack surfaces for Electron applications, rendering traditional web defenses ineffective, as they are not designed to operate across both web and native contexts simultaneously. To address these challenges, we propose Coindef, a centralized defense mechanism that enforces the structural integrity of Abstract Syntax Trees (ASTs) with execution context. Coindef operates within the JavaScript engine, providing rapid, tamper-proof, and comprehensive mitigation against code injection attacks to Electron applications. Coindef employs hybrid profiling to collect AST structural profiles, establishing a …"
Brendan D. Saltaformaggio,https://scholar.google.com/citations?user=1GsJvtwAAAAJ&hl=en,1GsJvtwAAAAJ,"Associate Professor, Georgia Institute of Technology",1890,"Cyber Forensics, Systems Security, Malware Analysis",https://saltaformaggio.ece.gatech.edu/,Hitchhiking Vaccine: Enhancing Botnet Remediation With Remote Code Deployment Reuse,2,2025,https://scholar.google.com/citations?view_op=view_citation&hl=en&user=1GsJvtwAAAAJ&pagesize=50&citation_for_view=1GsJvtwAAAAJ:JV2RwH3_ST0C,"ECHO was designed and evaluated in collaboration with Netskope, a leading Secure Access Service Edge (SASE) provider. We evaluated ECHO on 702 Android malware samples that potentially implement remote payload deployment (detailed in § IV). Our analysis revealed that ECHO applies to 523 out of 702 malware samples for remediation, effectively disrupting the malware’s execution or notifying the device’s user. ECHO identified that 465 out of 580 RDCL malware (80.17%) can be disrupted using a generated Java remediation payload, and JS payloads can be generated for 75 out of 170 (44.12%) malware with JSI payload deployment routines. These findings demonstrate ECHO’s potential for integration into proactive malware mitigation platforms, like those provided by Netskope. § V presents two case studies showcasing how ECHO can warn users and instruct them to remove the malware. ECHO is available at https://github. com/CyFI-Lab-Public/ECHO."
Brendan D. Saltaformaggio,https://scholar.google.com/citations?user=1GsJvtwAAAAJ&hl=en,1GsJvtwAAAAJ,"Associate Professor, Georgia Institute of Technology",1890,"Cyber Forensics, Systems Security, Malware Analysis",https://saltaformaggio.ece.gatech.edu/,Forecasting Malware Capabilities from Cyber Attack Memory Images,2,2023,https://scholar.google.com/citations?view_op=view_citation&hl=en&user=1GsJvtwAAAAJ&pagesize=50&citation_for_view=1GsJvtwAAAAJ:4JMBOYKVnBMC,"2022-08-16 Assigned to GEORGIA TECH RESEARCH CORPORATION reassignment GEORGIA TECH RESEARCH CORPORATION ASSIGNMENT OF ASSIGNORS INTEREST (SEE DOCUMENT FOR DETAILS). Assignors: ALRAWI, OMAR, IKE, MOSES, SALTAFORMAGGIO, BRENDAN D."
Brendan D. Saltaformaggio,https://scholar.google.com/citations?user=1GsJvtwAAAAJ&hl=en,1GsJvtwAAAAJ,"Associate Professor, Georgia Institute of Technology",1890,"Cyber Forensics, Systems Security, Malware Analysis",https://saltaformaggio.ece.gatech.edu/,VillainNet: Targeted Poisoning Attacks Against SuperNets Along the Accuracy-Latency Pareto Frontier,1,2025,https://scholar.google.com/citations?view_op=view_citation&hl=en&user=1GsJvtwAAAAJ&pagesize=50&citation_for_view=1GsJvtwAAAAJ:ns9cj8rnVeAC,"State-of-the-art (SOTA) weight-shared SuperNets dynamically activate subnetworks at runtime, enabling robust adaptive inference under varying deployment conditions. However, we find that adversaries can take advantage of the unique training and inference paradigms of SuperNets to selectively implant backdoors that activate only within specific subnetworks, remaining dormant across billions of other subnetworks. We present VillainNet (VNET), a novel poisoning methodology that restricts backdoor activation to attacker-chosen subnetworks, tailored either to specific operational scenarios (e.g., specific vehicle speeds or weather conditions) or to specific subnetwork configurations. VNET's core innovation is a novel, distance-aware optimization process that leverages architectural and computational similarity metrics between subnetworks to ensure that backdoor activation does not occur across non-target …"
Brendan D. Saltaformaggio,https://scholar.google.com/citations?user=1GsJvtwAAAAJ&hl=en,1GsJvtwAAAAJ,"Associate Professor, Georgia Institute of Technology",1890,"Cyber Forensics, Systems Security, Malware Analysis",https://saltaformaggio.ece.gatech.edu/,Enhanced Web Application Security Through Proactive Dead Drop Resolver Remediation,1,2025,https://scholar.google.com/citations?view_op=view_citation&hl=en&user=1GsJvtwAAAAJ&pagesize=50&citation_for_view=1GsJvtwAAAAJ:O3NaXMp0MMsC,"Dead Drop Resolver (DDR) malware evades traditional Command and Control (C&C) server takedowns by dynamically resolving C&C addresses hosted on popular web applications, such as Dropbox and Pastebin. These addresses are often manipulated (i.e., encoded or encrypted), rendering existing detection techniques largely ineffective. To tackle this challenge, we introduce VADER, a malware forensics system specifically designed for the proactive detection of dead drops. Analyzing a dataset of 100k malware samples collected in the wild, VADER identified 8,906 DDR malware samples from 110 families that leverage 273 dead drops across seven web applications. Additionally, it proactively uncovered 57.1% more dead drops spanning 11 web applications. Case studies revealed that over 40% of DDR malware samples employ sophisticated, layered de-manipulation algorithms, highlighting the prevalence …"
Brendan D. Saltaformaggio,https://scholar.google.com/citations?user=1GsJvtwAAAAJ&hl=en,1GsJvtwAAAAJ,"Associate Professor, Georgia Institute of Technology",1890,"Cyber Forensics, Systems Security, Malware Analysis",https://saltaformaggio.ece.gatech.edu/,Achieving ZEN: Combining Mathematical and Programmatic Deep Learning Model Representations for Attribution and Reuse,0,2026,https://scholar.google.com/citations?view_op=view_citation&hl=en&user=1GsJvtwAAAAJ&pagesize=50&citation_for_view=1GsJvtwAAAAJ:RGFaLdJalmkC,"Prior work has developed techniques capable of extracting deep learning (DL) models in universal formats from system memory or program binaries for security analysis. Unfortunately, such techniques ignore the recovery of the DL model’s programmatic representation required for model reuse and any white-box analysis techniques. Addressing this, we propose a novel recovery methodology, and prototype ZEN, that automatically recovers the DL model programmatic representation complementing the recovery of the mathematical representation by prior work. ZEN identifies novel code in an unknown DL system relative to a base model and generates patches uch that the recovered DL model can be reused. We evaluated ZEN on 21 SOTA DL models, including models across the language and vision domains, such as Llama 3 and YoloV10. ZEN successfully attributed custom models to their base models with 100% accuracy, enabling model reuse."
Brendan D. Saltaformaggio,https://scholar.google.com/citations?user=1GsJvtwAAAAJ&hl=en,1GsJvtwAAAAJ,"Associate Professor, Georgia Institute of Technology",1890,"Cyber Forensics, Systems Security, Malware Analysis",https://saltaformaggio.ece.gatech.edu/,Lock the Door But Keep the Window Open: Extracting App-Protected Accessibility Information from Browser-Rendered Websites,0,2025,https://scholar.google.com/citations?view_op=view_citation&hl=en&user=1GsJvtwAAAAJ&pagesize=50&citation_for_view=1GsJvtwAAAAJ:GnPB-g6toBAC,"The Android accessibility (a11y) service has been widely utilized by malware to abuse benign services. To prevent such abuse, developers need to secure a11y content access in both their apps and mobile websites. However, a misalignment of a11y protection mechanisms exists between them. Prior research has focused on attacking and defending a11y information embedded in native Android apps. However, our research found that a11y malware can retrieve app-protected a11y information in its mobile browser-rendered website counterpart, leaving mobile browser users more vulnerable to a11y attacks than app users. To help benign service developers vet this attack surface, we developed SOMBRA, an automated analysis pipeline to vet browser-side leakage of a11y information that is a11y-protected in apps. Using SOMBRA, we analyzed 294 benign services and found 29 of them deploy app-side a11y …"
Brendan D. Saltaformaggio,https://scholar.google.com/citations?user=1GsJvtwAAAAJ&hl=en,1GsJvtwAAAAJ,"Associate Professor, Georgia Institute of Technology",1890,"Cyber Forensics, Systems Security, Malware Analysis",https://saltaformaggio.ece.gatech.edu/,Provenance inference for advanced CMS-targeting attacks,0,2025,https://scholar.google.com/citations?view_op=view_citation&hl=en&user=1GsJvtwAAAAJ&pagesize=50&citation_for_view=1GsJvtwAAAAJ:iH-uZ7U-co4C,"In a method for detecting an attack compromise window in a CMS website for which a temporal sequence of a plurality of snapshots of website backups have been stored, a temporally ordered set of spatial elements from each snapshot is constructed. Spatial metrics are computed for each individual snapshot's elements. The collected spatial metrics are temporally correlated and queried against attack models to recover an attack timeline. Attack events in the attack timeline are labelled. A sequence of assigned attack labels is verified. The compromise window is extracted from the plurality of snapshots."
Brendan D. Saltaformaggio,https://scholar.google.com/citations?user=1GsJvtwAAAAJ&hl=en,1GsJvtwAAAAJ,"Associate Professor, Georgia Institute of Technology",1890,"Cyber Forensics, Systems Security, Malware Analysis",https://saltaformaggio.ece.gatech.edu/,Invited Tutorial: Counteracting Web Application Abuse in Malware,0,2023,https://scholar.google.com/citations?view_op=view_citation&hl=en&user=1GsJvtwAAAAJ&pagesize=50&citation_for_view=1GsJvtwAAAAJ:TFP_iSt0sucC,"Web applications offer a broad range of functionalities that are exploited by malware to serve as alternatives to traditional attacker-controlled servers. To effectively combat these Web App-Engaged (WAE) malware, prompt coordination between incident responders and web application providers is crucial. Any delay in this collaboration can allow WAE malware to flourish, posing serious security risks to the compromised web applications.Our tutorial is designed to enlighten attendees on the best practices for forensic analysis of malware, while also helping to assess the scope of infection caused by WAE malware. Additionally, we will discuss the essential ‘proof-of-abuse’ documentation required to facilitate groundbreaking collaboration between incident responders and service providers.To enhance the security awareness of incident responders and to streamline forensic analysis for quicker response times, we are …"
Peter A. Freeman,https://scholar.google.com/citations?user=1kW15d8AAAAJ&hl=en,1kW15d8AAAAJ,"Georgia Tech, UC Irvine",4906,"software engineering, science policy, articificial intelligence",http://www.cc.gatech.edu/people/peter-freeman,Classifying software for reusability,1173,1987,https://scholar.google.com/citations?view_op=view_citation&hl=en&user=1kW15d8AAAAJ&pagesize=50&citation_for_view=1kW15d8AAAAJ:u5HHmVD_uO8C,"To reuse a software component, you first have to find it. The faceted scheme described here is a partial solution to this classification and retrieval problem."
Peter A. Freeman,https://scholar.google.com/citations?user=1kW15d8AAAAJ&hl=en,1kW15d8AAAAJ,"Georgia Tech, UC Irvine",4906,"software engineering, science policy, articificial intelligence",http://www.cc.gatech.edu/people/peter-freeman,Requirements validation through viewpoint resolution,367,1991,https://scholar.google.com/citations?view_op=view_citation&hl=en&user=1kW15d8AAAAJ&pagesize=50&citation_for_view=1kW15d8AAAAJ:u-x6o8ySG0sC,"Viewpoint resolution (VPR) is proposed as a technique for providing an early validation of the requirements for a complex system. VPR is based on the fact that software requirements should be elicited from different viewpoints and that examination of the differences resulting from them can be used to assist in the early validation of requirements. A language for expressing views from different viewpoints is proposed, along with a set of analogy heuristics to perform a syntactically oriented analysis of views. This analysis of views is capable of differentiating between missing information and conflicting information, thus providing support for VPR. Empirical evidence is presented supporting the effectiveness of these mechanisms."
Peter A. Freeman,https://scholar.google.com/citations?user=1kW15d8AAAAJ&hl=en,1kW15d8AAAAJ,"Georgia Tech, UC Irvine",4906,"software engineering, science policy, articificial intelligence",http://www.cc.gatech.edu/people/peter-freeman,The Supply of Information Technology Workers in the United States.,355,1999,https://scholar.google.com/citations?view_op=view_citation&hl=en&user=1kW15d8AAAAJ&pagesize=50&citation_for_view=1kW15d8AAAAJ:d1gkVwhDpl0C,"This study is designed to improve understanding of the supply of and demand for information technology (IT) workers in America and contextual issues surrounding that topic. Chapter 1 examines aspects of the political context concerning IT workforce issues. Chapter 2 outlines a way to distinguish IT workers from a much larger class of workers whose jobs are enabled by IT and classifies them into four categories--conceptualizers, developers, modifiers/extenders, and supporters/tenders--based on skills and knowledge required to do the job. Chapter 3 addresses dynamics of the marketplace and dangers of government intervention in the IT labor market, limitations on action to improve a supply-demand mismatch, costs of an IT worker shortage, and international considerations. Chapter 4 evaluates whether there is a shortage of IT workers and determines that data are inadequate to ascertain a national supply-demand mismatch. Chapter 5 describes an extensive supply system, including majors in"
Peter A. Freeman,https://scholar.google.com/citations?user=1kW15d8AAAAJ&hl=en,1kW15d8AAAAJ,"Georgia Tech, UC Irvine",4906,"software engineering, science policy, articificial intelligence",http://www.cc.gatech.edu/people/peter-freeman,A model for functional reasoning in design,272,1971,https://scholar.google.com/citations?view_op=view_citation&hl=en&user=1kW15d8AAAAJ&pagesize=50&citation_for_view=1kW15d8AAAAJ:9yKSN-GCB0IC,"A model of the design process is developed in two stages, corresponding to the task environment of design and the activity of posing and solving design problems. Use of the model with top-down and bottom-up disciplines is discussed. Ah example of the design of an object using a semi-'automated design system based on the model is presented. Several issues raised by the model's qualitative aspects, its suitability to automated design, and lines for further development are discussed."
Peter A. Freeman,https://scholar.google.com/citations?user=1kW15d8AAAAJ&hl=en,1kW15d8AAAAJ,"Georgia Tech, UC Irvine",4906,"software engineering, science policy, articificial intelligence",http://www.cc.gatech.edu/people/peter-freeman,Reusable software engineering: Concepts and research directions,220,1983,https://scholar.google.com/citations?view_op=view_citation&hl=en&user=1kW15d8AAAAJ&pagesize=50&citation_for_view=1kW15d8AAAAJ:ZuybSZzF8UAC,"The objective of reusable software engineering is to enable the broad reuse of all types of information found in development situations. This paper defines classes of information to be reused, discusses the processes and conditions surrounding reuse, and suggests research tasks that will improve our ability to practice reuse."
Peter A. Freeman,https://scholar.google.com/citations?user=1kW15d8AAAAJ&hl=en,1kW15d8AAAAJ,"Georgia Tech, UC Irvine",4906,"software engineering, science policy, articificial intelligence",http://www.cc.gatech.edu/people/peter-freeman,"VariantValidator: Accurate validation, mapping, and formatting of sequence variation descriptions",195,2018,https://scholar.google.com/citations?view_op=view_citation&hl=en&user=1kW15d8AAAAJ&pagesize=50&citation_for_view=1kW15d8AAAAJ:olpn-zPbct0C,"The Human Genome Variation Society (HGVS) variant nomenclature is widely used to describe sequence variants in scientific publications, clinical reports, and databases. However, the HGVS recommendations are complex and this often results in inaccurate variant descriptions being reported. The open‐source hgvs Python package (https://github.com/biocommons/hgvs) provides a programmatic interface for parsing, manipulating, formatting, and validating of variants according to the HGVS recommendations, but does not provide a user‐friendly Web interface. We have developed a Web‐based variant validation tool, VariantValidator (https://variantvalidator.org/), which utilizes the hgvs Python package and provides additional functionality to assist users who wish to accurately describe and report sequence‐level variations that are compliant with the HGVS recommendations. VariantValidator was designed to …"
Peter A. Freeman,https://scholar.google.com/citations?user=1kW15d8AAAAJ&hl=en,1kW15d8AAAAJ,"Georgia Tech, UC Irvine",4906,"software engineering, science policy, articificial intelligence",http://www.cc.gatech.edu/people/peter-freeman,Tutorial on software design techniques,147,1983,https://scholar.google.com/citations?view_op=view_citation&hl=en&user=1kW15d8AAAAJ&pagesize=50&citation_for_view=1kW15d8AAAAJ:BUYA1_V_uYcC,"Tutorial on software design techniques | CiNii Research CiNii 国立情報学研究所 学術情報 ナビゲータ[サイニィ] 詳細へ移動 検索フォームへ移動 論文・データをさがす 大学図書館の本をさがす English 検索 タイトル 人物/団体名 所属機関 ISSN DOI 期間 ~ 本文リンク 本文リンクあり データ ソース JaLC IRDB Crossref DataCite NDLサーチ NDLデジコレ(旧NII-ELS) RUDA JDCat NINJAL CiNii Articles CiNii Books DBpedia Nikkei BP KAKEN Integbio PubMed LSDB Archive 極地研 ADS 極地研学術DB OpenAIRE 公共データカタログ すべて 研究データ 論文 本 博士論文 プロジェクト Tutorial on software design techniques Web Site CiNii 所蔵館 1館 Freeman, Peter Wasserman, Anthony I. 書誌事項 タイトル ""Tutorial on software design techniques"" 責任表示 Peter Freeman, Anthony I. Wasserman 出版者 IEEE Computer Society Institute of Electrical and Electronics Engineers 3rd ed 出版年月 c1980 書籍サイズ 28 cm この図書・雑誌をさがす 国立国会…"
Peter A. Freeman,https://scholar.google.com/citations?user=1kW15d8AAAAJ&hl=en,1kW15d8AAAAJ,"Georgia Tech, UC Irvine",4906,"software engineering, science policy, articificial intelligence",http://www.cc.gatech.edu/people/peter-freeman,"Tutorial, software reusability",145,1987,https://scholar.google.com/citations?view_op=view_citation&hl=en&user=1kW15d8AAAAJ&pagesize=50&citation_for_view=1kW15d8AAAAJ:qjMakFHDy7sC,"Tutorial, software reusability | Guide books skip to main content ACM Digital Library home ACM Association for Computing Machinery corporate logo Premium Edition acm open access logo FELD M GmbH Sign in Register Advanced Search Journals Magazines Proceedings Books SIGs Conferences Institutions People More SearchSearch Search ACM Digital Library SearchSearch Advanced Search Browse Browse Digital Library Collections More Export Citations Select Citation format Please download or close your previous search result export first before starting a new bulk export. Preview is not available. By clicking download,a status dialog will open to start the export process. The process may takea few minutes but once it finishes a file will be downloadable from your browser. You may continue to browse the DL while the export process is in progress. Download citation Copy citation Tutorial, software reusability …"
Peter A. Freeman,https://scholar.google.com/citations?user=1kW15d8AAAAJ&hl=en,1kW15d8AAAAJ,"Georgia Tech, UC Irvine",4906,"software engineering, science policy, articificial intelligence",http://www.cc.gatech.edu/people/peter-freeman,TMM: Software maintenance by transformation,129,1986,https://scholar.google.com/citations?view_op=view_citation&hl=en&user=1kW15d8AAAAJ&pagesize=50&citation_for_view=1kW15d8AAAAJ:UeHWp8X0CEIC,Porting an undocumented program without any source changes demonstrates the value of a transformational theory of maintenance. The theory is based on the reuse of knowledge.
Peter A. Freeman,https://scholar.google.com/citations?user=1kW15d8AAAAJ&hl=en,1kW15d8AAAAJ,"Georgia Tech, UC Irvine",4906,"software engineering, science policy, articificial intelligence",http://www.cc.gatech.edu/people/peter-freeman,A conceptual analysis of the Draco approach to constructing software systems,109,2006,https://scholar.google.com/citations?view_op=view_citation&hl=en&user=1kW15d8AAAAJ&pagesize=50&citation_for_view=1kW15d8AAAAJ:IjCSPb-OGe4C,This paper analyzes the concepts of software construction embodied in the Draco approach. The analysis relates specific aspects of Draco to particular software engineering (SE) principles and suggests future research needed to extend the approach. The purpose of this analysis is to help researchers understand Draco better and thus to enhance future research.
Peter A. Freeman,https://scholar.google.com/citations?user=1kW15d8AAAAJ&hl=en,1kW15d8AAAAJ,"Georgia Tech, UC Irvine",4906,"software engineering, science policy, articificial intelligence",http://www.cc.gatech.edu/people/peter-freeman,WTO must ban harmful fisheries subsidies,100,2021,https://scholar.google.com/citations?view_op=view_citation&hl=en&user=1kW15d8AAAAJ&pagesize=50&citation_for_view=1kW15d8AAAAJ:lmc2jWPfTJgC,"An effective agreement must eliminate subsidies for fuel (7), distant-water and destructive fishing fleets (4, 5), and illegal and unregulated vessels in line with the aims of Sustainable Development Goal 14.6 (8). To ensure accountability, it should also support low-income countries’ efforts to meet their commitments and transition to sustainable management. Finally, the agreement should require transparent data documentation and enforcement measures (9). We call on the heads of state of the High Level Panel for a Sustainable Ocean Economy, the Comprehensive and Progressive Agreement for Trans-Pacific Partnership, and the United States–Mexico–Canada Agreement—who have already committed to eliminating harmful subsidies (10–12)—as well as other trade blocs and individual countries, to declare their support now for an agreement that enshrines these recommendations. WTO members must harness …"
Peter A. Freeman,https://scholar.google.com/citations?user=1kW15d8AAAAJ&hl=en,1kW15d8AAAAJ,"Georgia Tech, UC Irvine",4906,"software engineering, science policy, articificial intelligence",http://www.cc.gatech.edu/people/peter-freeman,Essential elements of software engineering education revisited,97,2006,https://scholar.google.com/citations?view_op=view_citation&hl=en&user=1kW15d8AAAAJ&pagesize=50&citation_for_view=1kW15d8AAAAJ:zYLM7Y9cAGgC,"A basis for software engineering education proposed in 1976 is reviewed and found to still be valid today, although needing more emphasis on design and better delivery mechanisms. Specific recommendations are made."
Peter A. Freeman,https://scholar.google.com/citations?user=1kW15d8AAAAJ&hl=en,1kW15d8AAAAJ,"Georgia Tech, UC Irvine",4906,"software engineering, science policy, articificial intelligence",http://www.cc.gatech.edu/people/peter-freeman,The profession of IT computing's paradigm,96,2009,https://scholar.google.com/citations?view_op=view_citation&hl=en&user=1kW15d8AAAAJ&pagesize=50&citation_for_view=1kW15d8AAAAJ:UebtZRa9Y70C,"Trying to categorize computing as engineering, science, or math is fruitless; we have our own paradigm."
Peter A. Freeman,https://scholar.google.com/citations?user=1kW15d8AAAAJ&hl=en,1kW15d8AAAAJ,"Georgia Tech, UC Irvine",4906,"software engineering, science policy, articificial intelligence",http://www.cc.gatech.edu/people/peter-freeman,Software perspectives: the system is the message,95,1986,https://scholar.google.com/citations?view_op=view_citation&hl=en&user=1kW15d8AAAAJ&pagesize=50&citation_for_view=1kW15d8AAAAJ:nrtMV_XWKgEC,"Positionality acknowledges that researchers’ subjectivities, values and experiences influence approaches to and outcomes of research. It underlines and promotes self-awareness and explicit demonstration of reflexivity. To understand how positionality is..."
Peter A. Freeman,https://scholar.google.com/citations?user=1kW15d8AAAAJ&hl=en,1kW15d8AAAAJ,"Georgia Tech, UC Irvine",4906,"software engineering, science policy, articificial intelligence",http://www.cc.gatech.edu/people/peter-freeman,A science of design for software-intensive systems,84,2004,https://scholar.google.com/citations?view_op=view_citation&hl=en&user=1kW15d8AAAAJ&pagesize=50&citation_for_view=1kW15d8AAAAJ:hqOjcs7Dif8C,"Computer science and engineering needs an intellectually rigorous, analytical, teachable design process to ensure development of systems we all can live with."
Peter A. Freeman,https://scholar.google.com/citations?user=1kW15d8AAAAJ&hl=en,1kW15d8AAAAJ,"Georgia Tech, UC Irvine",4906,"software engineering, science policy, articificial intelligence",http://www.cc.gatech.edu/people/peter-freeman,Characteristics of Software Development Methodologies.,57,1983,https://scholar.google.com/citations?view_op=view_citation&hl=en&user=1kW15d8AAAAJ&pagesize=50&citation_for_view=1kW15d8AAAAJ:Y0pCki6q_DkC,
Peter A. Freeman,https://scholar.google.com/citations?user=1kW15d8AAAAJ&hl=en,1kW15d8AAAAJ,"Georgia Tech, UC Irvine",4906,"software engineering, science policy, articificial intelligence",http://www.cc.gatech.edu/people/peter-freeman,SMYD2 promoter DNA methylation is associated with abdominal aortic aneurysm (AAA) and SMYD2 expression in vascular smooth muscle cells,54,2018,https://scholar.google.com/citations?view_op=view_citation&hl=en&user=1kW15d8AAAAJ&pagesize=50&citation_for_view=1kW15d8AAAAJ:PELIpwtuRlgC,"BackgroundAbdominal aortic aneurysm (AAA) is a deadly cardiovascular disease characterised by the gradual, irreversible dilation of the abdominal aorta. AAA is a complex genetic disease but little is known about the role of epigenetics. Our objective was to determine if global DNA methylation and CpG-specific methylation at known AAA risk loci is associated with AAA, and the functional effects of methylation changes.ResultsWe assessed global methylation in peripheral blood mononuclear cell DNA from 92 individuals with AAA and 93 controls using enzyme-linked immunosorbent assays, identifying hyper-methylation in those with large AAA and a positive linear association with AAA diameter (P < 0.0001, R2 = 0.3175).We then determined CpG methylation status of regulatory regions in genes located at AAA risk loci identified in genome-wide association studies, using bisulphite next-generation …"
Peter A. Freeman,https://scholar.google.com/citations?user=1kW15d8AAAAJ&hl=en,1kW15d8AAAAJ,"Georgia Tech, UC Irvine",4906,"software engineering, science policy, articificial intelligence",http://www.cc.gatech.edu/people/peter-freeman,A perspective on reusability,53,1987,https://scholar.google.com/citations?view_op=view_citation&hl=en&user=1kW15d8AAAAJ&pagesize=50&citation_for_view=1kW15d8AAAAJ:eQOLeE2rZwMC,"As was noted in the Preface, this tutorial is a source book of information on the topic of reuse in the context of creating software-intensive systems. If you are still in the early stages of learning about possible approaches and mechanisms for reuse, it is especially important that you have a frame on which to hang what you learn; while some of the concepts presented in this volume can serve as the basis for such a frame, the successful application of these concepts to your own situation demands that you eventually develop your own version of them."
Peter A. Freeman,https://scholar.google.com/citations?user=1kW15d8AAAAJ&hl=en,1kW15d8AAAAJ,"Georgia Tech, UC Irvine",4906,"software engineering, science policy, articificial intelligence",http://www.cc.gatech.edu/people/peter-freeman,A mechanistic basis for amplification differences between samples and between genome regions,49,2012,https://scholar.google.com/citations?view_op=view_citation&hl=en&user=1kW15d8AAAAJ&pagesize=50&citation_for_view=1kW15d8AAAAJ:bnK-pcrLprsC,"BackgroundFor many analytical methods the efficiency of DNA amplification varies across the genome and between samples. The most affected genome regions tend to correlate with high C + G content, however this relationship is complex and does not explain why the direction and magnitude of effects varies considerably between samples.ResultsHere, we provide evidence that sequence elements that are particularly high in C + G content can remain annealed even when aggressive melting conditions are applied. In turn, this behavior creates broader ‘Thermodynamically Ultra-Fastened’ (TUF) regions characterized by incomplete denaturation of the two DNA strands, so reducing amplification efficiency throughout these domains.ConclusionsThis model provides a mechanistic explanation for why some genome regions are particularly difficult to amplify and assay in many procedures, and importantly it also …"
Peter A. Freeman,https://scholar.google.com/citations?user=1kW15d8AAAAJ&hl=en,1kW15d8AAAAJ,"Georgia Tech, UC Irvine",4906,"software engineering, science policy, articificial intelligence",http://www.cc.gatech.edu/people/peter-freeman,Software systems engineering: The case for a new discipline,48,1993,https://scholar.google.com/citations?view_op=view_citation&hl=en&user=1kW15d8AAAAJ&pagesize=50&citation_for_view=1kW15d8AAAAJ:LkGwnXOMwfcC,"One of the hallmarks of the modern world is the creation of complex systems. The discipline of systems engineering is often utilised in this activity and, as many of these systems are also software-intensive, the discipline of software engineering becomes one of the critical technologies that must be utilised. In these cases, both disciplines address the same subject, the creation of complex software-intensive systems, albeit from different perspectives. In this paper, we examine the current state of each discipline, analyse and compare each along several dimensions, and conclude by presenting the case for a new discipline, software systems engineering, which combines the essential elements of both disciplines."
Peter A. Freeman,https://scholar.google.com/citations?user=1kW15d8AAAAJ&hl=en,1kW15d8AAAAJ,"Georgia Tech, UC Irvine",4906,"software engineering, science policy, articificial intelligence",http://www.cc.gatech.edu/people/peter-freeman,Fundamentals of design,46,1983,https://scholar.google.com/citations?view_op=view_citation&hl=en&user=1kW15d8AAAAJ&pagesize=50&citation_for_view=1kW15d8AAAAJ:Se3iqnhoufwC,
Peter A. Freeman,https://scholar.google.com/citations?user=1kW15d8AAAAJ&hl=en,1kW15d8AAAAJ,"Georgia Tech, UC Irvine",4906,"software engineering, science policy, articificial intelligence",http://www.cc.gatech.edu/people/peter-freeman,Software Engineering Education: Needs and Objectives Proceedings of an Interface Workshop,45,2012,https://scholar.google.com/citations?view_op=view_citation&hl=en&user=1kW15d8AAAAJ&pagesize=50&citation_for_view=1kW15d8AAAAJ:Tyk-4Ss8FVUC,""" Software engineering"" is a term which was coined in the late 1960's as the theme for a workshop on the problems involved in producing software that could be developed economicaLly and would run reliably on real machines. Even now, software engineering is more of a wish than a reality, but the last few years have seen an increased awareness of the need to apply an engineering-type discipline to the design and construction of software systems. Many new proposals have been made for the management of software development and maintenance and many methodologies have been suggested for improving the programming process. As these problems and solutions become better understood, there is a growing need to teach these concepts to students and to practicing professionals. As a prelude to the educational process, it is necessary to gain an understanding of the software design and development process in industry and government, to define the appropriate job categories, and to identify the fundamental content areas of soft ware engineering. The need for quality education in software engineering is now recognized by practitioners and educators alike, and various educational endeavors in this area are now being formulated. Yet, discussions we had had over the past year or so led us to believe that there was insufficient contact between practitioners and educators, with the resultant danger that each group would go off in separate ways rather than working together."
Peter A. Freeman,https://scholar.google.com/citations?user=1kW15d8AAAAJ&hl=en,1kW15d8AAAAJ,"Georgia Tech, UC Irvine",4906,"software engineering, science policy, articificial intelligence",http://www.cc.gatech.edu/people/peter-freeman,A proposed curriculum for software engineering education,41,1978,https://scholar.google.com/citations?view_op=view_citation&hl=en&user=1kW15d8AAAAJ&pagesize=50&citation_for_view=1kW15d8AAAAJ:W7OEmFMy1HYC,"We propose a curriculum for a graduate professional degree in software engineering. After presenting the instructional objectives to be met by this curriculum, we present its underlying philosophy and assumptions. A number of suggestions are made for implementing the curriculum. In particular, we emphasize that this is a specific curriculum (for a Master's degree) which can serve as a starting point for the development of other software engineering curricula."
Peter A. Freeman,https://scholar.google.com/citations?user=1kW15d8AAAAJ&hl=en,1kW15d8AAAAJ,"Georgia Tech, UC Irvine",4906,"software engineering, science policy, articificial intelligence",http://www.cc.gatech.edu/people/peter-freeman,Toward improved review of software designs,38,1975,https://scholar.google.com/citations?view_op=view_citation&hl=en&user=1kW15d8AAAAJ&pagesize=50&citation_for_view=1kW15d8AAAAJ:ufrVoPGSRksC,"A good deal of effort has been invested in recent years to improve both the form of programs and the processes used to create them. As the payoffs from this work become apparent and more widespread, attention is turning to the form of designs and the processes used to create them."
Peter A. Freeman,https://scholar.google.com/citations?user=1kW15d8AAAAJ&hl=en,1kW15d8AAAAJ,"Georgia Tech, UC Irvine",4906,"software engineering, science policy, articificial intelligence",http://www.cc.gatech.edu/people/peter-freeman,THE NATURE OF DESIGN.,36,1980,https://scholar.google.com/citations?view_op=view_citation&hl=en&user=1kW15d8AAAAJ&pagesize=50&citation_for_view=1kW15d8AAAAJ:PR6Y55bgFSsC,"THE NATURE OF DESIGN. CNRS Inist Pascal-Francis CNRS Pascal and Francis Bibliographic Databases Simple search Advanced search Search by classification Search by vocabulary My Account Home > Search results Help Export Export Selection : Selected items (1) Format : Permanent link CopyPermanent link Copy http://pascal-francis.inist.fr/vibad/index.php?action=getRecordDetail&idt=PASCAL7830380915 THE NATURE OF DESIGN. Author FREEMAN P UNIV. CALIFORNIA, IRVINE Source IN: ARCHIT. SYST. INF. COURS; NICE; 1977; LE CHESNAY; IRIA; DA. SD; PP. 157-185; BIBL. 11 REF. Document type Conference Paper Language English Keyword (fr) CONCEPTION SYSTEME LOGICIEL SYSTEME INFORMATIQUE PROGRAMMATION SYSTEME SYSTEME INFORMATION COMPLEXITE SYSTEME INFORMATIQUE MATHEMATIQUES APPLIQUEES Keyword (en) SYSTEM DESIGN SOFTWARE …"
Peter A. Freeman,https://scholar.google.com/citations?user=1kW15d8AAAAJ&hl=en,1kW15d8AAAAJ,"Georgia Tech, UC Irvine",4906,"software engineering, science policy, articificial intelligence",http://www.cc.gatech.edu/people/peter-freeman,Modeling knowledge for software development,33,1985,https://scholar.google.com/citations?view_op=view_citation&hl=en&user=1kW15d8AAAAJ&pagesize=50&citation_for_view=1kW15d8AAAAJ:roLk4NBRz8UC,"It has been widely recognized that software development is a knowledge intensive process. The seemingly inherent shortcomings of current approaches to software develop-ment demonstrate our limited understanding of the knowl-edge processes and work-products involved. We must explore the nature of these processes and develop explicit representations in order to be able to reason about them, validate our models, and provide an effective base for auto-mated support. This position paper outlines the underlying conceptual understanding we have of the software engineer-ing process and a knowledge-based approach to development. The ideas outlined here, and more fully presented elsewhere, are embodied in a prototype of a tool intended to implement a radically new software engineering process. We believe these ideas are especially important for the specification and design aspects of software development."
Peter A. Freeman,https://scholar.google.com/citations?user=1kW15d8AAAAJ&hl=en,1kW15d8AAAAJ,"Georgia Tech, UC Irvine",4906,"software engineering, science policy, articificial intelligence",http://www.cc.gatech.edu/people/peter-freeman,hgvs: A Python package for manipulating sequence variants using HGVS nomenclature: 2018 Update,32,2018,https://scholar.google.com/citations?view_op=view_citation&hl=en&user=1kW15d8AAAAJ&pagesize=50&citation_for_view=1kW15d8AAAAJ:JQOojiI6XY0C,"The Human Genome Variation Society (HGVS) nomenclature guidelines encourage the accurate and standard description of DNA, RNA, and protein sequence variants in public variant databases and the scientific literature. Inconsistent application of the HGVS guidelines can lead to misinterpretation of variants in clinical settings. Reliable software tools are essential to ensure consistent application of the HGVS guidelines when reporting and interpreting variants. We present the hgvs Python package, a comprehensive tool for manipulating sequence variants according to the HGVS nomenclature guidelines. Distinguishing features of the hgvs package include: (1) parsing, formatting, validating, and normalizing variants on genome, transcript, and protein sequences; (2) projecting variants between aligned sequences, including those with gapped alignments; (3) flexible installation using remote or local data (fully …"
Peter A. Freeman,https://scholar.google.com/citations?user=1kW15d8AAAAJ&hl=en,1kW15d8AAAAJ,"Georgia Tech, UC Irvine",4906,"software engineering, science policy, articificial intelligence",http://www.cc.gatech.edu/people/peter-freeman,Ada methodologies: Concepts and requirements,32,1983,https://scholar.google.com/citations?view_op=view_citation&hl=en&user=1kW15d8AAAAJ&pagesize=50&citation_for_view=1kW15d8AAAAJ:LPZeul_q3PIC,
Peter A. Freeman,https://scholar.google.com/citations?user=1kW15d8AAAAJ&hl=en,1kW15d8AAAAJ,"Georgia Tech, UC Irvine",4906,"software engineering, science policy, articificial intelligence",http://www.cc.gatech.edu/people/peter-freeman,Maintenance and porting of software by design recovery,31,1985,https://scholar.google.com/citations?view_op=view_citation&hl=en&user=1kW15d8AAAAJ&pagesize=50&citation_for_view=1kW15d8AAAAJ:_FxGoFyzp5QC,Enormous resources are invested in the construction of software. As needs change we would like to be able to preserve these investments. In this paper we outline a unified model for addressing the problem of change in software systems for which the original specifications are not available. Our approach is derived from a much broader paradigm for software construction. The approach is based on recovery of abstractions and design decisions made during implementation of the current version of a system. The paper consists of two major parts. We begin with a discussion of the Draco paradigm for software construction and how it can be applied to maintenance and porting problems. We follow with a discussion of our experience with a porting project using prototype implementation of these ideas.
Peter A. Freeman,https://scholar.google.com/citations?user=1kW15d8AAAAJ&hl=en,1kW15d8AAAAJ,"Georgia Tech, UC Irvine",4906,"software engineering, science policy, articificial intelligence",http://www.cc.gatech.edu/people/peter-freeman,A comparison of lifecycle models,31,1981,https://scholar.google.com/citations?view_op=view_citation&hl=en&user=1kW15d8AAAAJ&pagesize=50&citation_for_view=1kW15d8AAAAJ:YsMSGLbcyi4C,Preliminary comparison of world views in systems development is given. The purpose of the paper is to present the Finnish PSC systemeering model to the software engineering (SE) community and to compare it with the ideas of D. Ross and practical approaches in SE.
Peter A. Freeman,https://scholar.google.com/citations?user=1kW15d8AAAAJ&hl=en,1kW15d8AAAAJ,"Georgia Tech, UC Irvine",4906,"software engineering, science policy, articificial intelligence",http://www.cc.gatech.edu/people/peter-freeman,"Computing and the National Science Foundation, 1950-2016: Building a Foundation for Modern Computing",29,2019,https://scholar.google.com/citations?view_op=view_citation&hl=en&user=1kW15d8AAAAJ&pagesize=50&citation_for_view=1kW15d8AAAAJ:vbGhcppDl1QC,"This organizational history relates the role of the National Science Foundation (NSF) in the development of modern computing. Drawing upon new and existing oral histories, extensive use of NSF documents, and the experience of two of the authors as senior managers, this book describes how NSF’s programmatic activities originated and evolved to become the primary source of funding for fundamental research in computing and information technologies. The book traces how NSF's support has provided facilities and education for computing usage by all scientific disciplines, aided in institution and professional community building, supported fundamental research in computer science and allied disciplines, and led the efforts to broaden participation in computing by all segments of society. Today, the research and infrastructure facilitated by NSF computing programs are significant economic drivers of American society and industry. For example, NSF supported work that led to the first widely-used web browser, Netscape; sponsored the creation of algorithms at the core of the Google search engine; facilitated the growth of the public Internet; and funded research on the scientific basis for countless other applications and technologies. NSF has advanced the development of human capital and ideas for future advances in computing and its applications. This account is the first comprehensive coverage of NSF's role in the extraordinary growth and expansion of modern computing and its use. It will appeal to historians of computing, policy makers and leaders in government and academia, and individuals interested in the history and development of …"
Peter A. Freeman,https://scholar.google.com/citations?user=1kW15d8AAAAJ&hl=en,1kW15d8AAAAJ,"Georgia Tech, UC Irvine",4906,"software engineering, science policy, articificial intelligence",http://www.cc.gatech.edu/people/peter-freeman,Sociodemographic and morbidity indicators of need in relation to the use of community health services: observational study,25,1997,https://scholar.google.com/citations?view_op=view_citation&hl=en&user=1kW15d8AAAAJ&pagesize=50&citation_for_view=1kW15d8AAAAJ:SdhP9T11ey4C,"Objective: To examine whether the sociodemographic and morbidity characteristics of populations influence their use of the following community health services: district nursing, health visiting, chiropody, community maternity, community mental illness, and the professions allied to medicine. Design: Observational study. Setting: Nationally representative sample of provider trusts in England. Main outcome measures: Activity levels for each service calculated for enumeration districts within the catchment areas of the sample of trusts and standardised to allow for differences in age structure. Regression analysis to determine whether the standardised activity rates for each service could be predicted by a range of socio-demographic and morbidity proxies. Results: Morbidity or deprivation, or both, seemed to influence the use of services in each of the care programmes examined. Conclusions: The allocation of funds for …"
Peter A. Freeman,https://scholar.google.com/citations?user=1kW15d8AAAAJ&hl=en,1kW15d8AAAAJ,"Georgia Tech, UC Irvine",4906,"software engineering, science policy, articificial intelligence",http://www.cc.gatech.edu/people/peter-freeman,REQUIREMENTS ENGINEERING-INTRODUCTION,21,1991,https://scholar.google.com/citations?view_op=view_citation&hl=en&user=1kW15d8AAAAJ&pagesize=50&citation_for_view=1kW15d8AAAAJ:mlAyqtXpCwEC,
Peter A. Freeman,https://scholar.google.com/citations?user=1kW15d8AAAAJ&hl=en,1kW15d8AAAAJ,"Georgia Tech, UC Irvine",4906,"software engineering, science policy, articificial intelligence",http://www.cc.gatech.edu/people/peter-freeman,Back to experimentation,20,2008,https://scholar.google.com/citations?view_op=view_citation&hl=en&user=1kW15d8AAAAJ&pagesize=50&citation_for_view=1kW15d8AAAAJ:ZeXyd9-uunAC,Three forward-looking projects depend on experimentation under real-world conditions.
Peter A. Freeman,https://scholar.google.com/citations?user=1kW15d8AAAAJ&hl=en,1kW15d8AAAAJ,"Georgia Tech, UC Irvine",4906,"software engineering, science policy, articificial intelligence",http://www.cc.gatech.edu/people/peter-freeman,A framework for incremental progress in the application of AI to software engineering,20,1988,https://scholar.google.com/citations?view_op=view_citation&hl=en&user=1kW15d8AAAAJ&pagesize=50&citation_for_view=1kW15d8AAAAJ:8k81kl-MbHgC,"The study of the potential contributions of artificial intelligence (AI) to software engineering (SE) needs a conceptual framework within which to analyze the scope and feasibility of such contributions.We propose a framework designed to uncover opportunities for incremental progress in SE through the adoption of AI solutions. We emphasize incremental for we believe progress must be assessed in terms of discrete, well-defined steps. The incremental approach involves two fundamental steps:1. partition the universe into restricted domains of study, and2. examine each of those domains to determine what progress is possible.The framework can be used as a guideline for refining research domains, as a context for comparing applications, or as a mechanism to provide structure for future discussions of applications of AI to SE."
Peter A. Freeman,https://scholar.google.com/citations?user=1kW15d8AAAAJ&hl=en,1kW15d8AAAAJ,"Georgia Tech, UC Irvine",4906,"software engineering, science policy, articificial intelligence",http://www.cc.gatech.edu/people/peter-freeman,New technologies for DNA analysis–a review of the READNA Project,19,2016,https://scholar.google.com/citations?view_op=view_citation&hl=en&user=1kW15d8AAAAJ&pagesize=50&citation_for_view=1kW15d8AAAAJ:kRWSkSYxWN8C,"HighlightsDiscovery of ‘TUF’DNA–unusually difficult to denature stretches of genomic DNA sequence.Enrichment methods–new methods, benchmarking and descriptors of enrichment technologies.Manipulating, visualizing and interrogating individual DNA molecules in nanosystems.Nanopore Sequencing–first commercial nanopore sequencer from Oxford Nanopore Technologies.The REvolutionary Approaches and Devices for Nucleic Acid analysis (READNA) project received funding from the European Commission for 4 1/2 years. The objectives of the project revolved around technological developments in nucleic acid analysis. The project partners have discovered, created and developed a huge body of insights into nucleic acid analysis, ranging from improvements and implementation of current technologies to the most promising sequencing technologies that constitute a 3 rd and 4 th generation of …"
Peter A. Freeman,https://scholar.google.com/citations?user=1kW15d8AAAAJ&hl=en,1kW15d8AAAAJ,"Georgia Tech, UC Irvine",4906,"software engineering, science policy, articificial intelligence",http://www.cc.gatech.edu/people/peter-freeman,A perspective on requirements analysis and specification,19,1979,https://scholar.google.com/citations?view_op=view_citation&hl=en&user=1kW15d8AAAAJ&pagesize=50&citation_for_view=1kW15d8AAAAJ:0EnyYjriUFMC,"This is a time of ferment among those who must deal pragmatically with the early stages of the system development life cycle: Application of improved development techniques has emphasized the need for improved techniques for requirements analysis and specification; researchers have begun to respond to this need with a variety of techniques; but, the use of these techniques and their relationship to each other is not often clear. Before briefly surveying four particular techniques (SADTT. Μ., Structured Systems Analysis, PSL/PSA, and SREM), this paper presents four con-cepts that will help the reader comprehend more easily a range of advances in the field."
Peter A. Freeman,https://scholar.google.com/citations?user=1kW15d8AAAAJ&hl=en,1kW15d8AAAAJ,"Georgia Tech, UC Irvine",4906,"software engineering, science policy, articificial intelligence",http://www.cc.gatech.edu/people/peter-freeman,Interim needs indicators for community health services,17,1996,https://scholar.google.com/citations?view_op=view_citation&hl=en&user=1kW15d8AAAAJ&pagesize=50&citation_for_view=1kW15d8AAAAJ:9vf0nzSNQJEC,"(1996) Interim Needs Indicators for Community Health Services. PSSRU, Canterbury, 165 pp. ISBN 904938891.(The full text of this publication is not currently available from this repository. You may be able to access a copy if URLs are provided)(KAR id: 27414)"
Peter A. Freeman,https://scholar.google.com/citations?user=1kW15d8AAAAJ&hl=en,1kW15d8AAAAJ,"Georgia Tech, UC Irvine",4906,"software engineering, science policy, articificial intelligence",http://www.cc.gatech.edu/people/peter-freeman,Application of artificial intelligence,17,1988,https://scholar.google.com/citations?view_op=view_citation&hl=en&user=1kW15d8AAAAJ&pagesize=50&citation_for_view=1kW15d8AAAAJ:4DMP91E08xMC,"The first session included several brief presentations by those who had contributed papers to the Workshop Proceedings. The majority of the workshop was devoted to discussing issues in software specification which could benefit from an AI-oriented analysis. In the last two sessions, an assessment was made of the potential contributions of AI to the practice of software specification within a five year horizon."
Peter A. Freeman,https://scholar.google.com/citations?user=1kW15d8AAAAJ&hl=en,1kW15d8AAAAJ,"Georgia Tech, UC Irvine",4906,"software engineering, science policy, articificial intelligence",http://www.cc.gatech.edu/people/peter-freeman,Reusable Software Engineering: A statement of long-range research objectives,17,1980,https://scholar.google.com/citations?view_op=view_citation&hl=en&user=1kW15d8AAAAJ&pagesize=50&citation_for_view=1kW15d8AAAAJ:0KyAp5RtaNEC,"1. Outlines a set of long-range research objectives that focus on the reuse of the workproducts of software engineering (eg specifications, designs, programs);"
Peter A. Freeman,https://scholar.google.com/citations?user=1kW15d8AAAAJ&hl=en,1kW15d8AAAAJ,"Georgia Tech, UC Irvine",4906,"software engineering, science policy, articificial intelligence",http://www.cc.gatech.edu/people/peter-freeman,The context of design,17,1980,https://scholar.google.com/citations?view_op=view_citation&hl=en&user=1kW15d8AAAAJ&pagesize=50&citation_for_view=1kW15d8AAAAJ:M3ejUd6NZC8C,
Peter A. Freeman,https://scholar.google.com/citations?user=1kW15d8AAAAJ&hl=en,1kW15d8AAAAJ,"Georgia Tech, UC Irvine",4906,"software engineering, science policy, articificial intelligence",http://www.cc.gatech.edu/people/peter-freeman,Automating software design,16,2012,https://scholar.google.com/citations?view_op=view_citation&hl=en&user=1kW15d8AAAAJ&pagesize=50&citation_for_view=1kW15d8AAAAJ:3fE2CSJIrl8C,"To anyone who has had the slightest connection with the design and construction of large programs for digital computers, it is obvious that this is no trivial task. Many times the design of such programs is woefully inadequate, and the effort required to get them right is tremendous. The sometimes ruinous cost of such inadequate design is well-known."
Peter A. Freeman,https://scholar.google.com/citations?user=1kW15d8AAAAJ&hl=en,1kW15d8AAAAJ,"Georgia Tech, UC Irvine",4906,"software engineering, science policy, articificial intelligence",http://www.cc.gatech.edu/people/peter-freeman,Software engineering education: Status and prospects,16,2005,https://scholar.google.com/citations?view_op=view_citation&hl=en&user=1kW15d8AAAAJ&pagesize=50&citation_for_view=1kW15d8AAAAJ:KlAtU1dfN6UC,"Software engineering is an emerging field aimed at improving the quality of computer software and the processess used to produce it. The field seeks to transform software creation from an art into an engineering discipline. Efforts have recently begun to teach software engineering concepts to university students and to practicing professionals in industry and government. This paper surveys past and present efforts in software engineering education, describes some existing problems in training software engineers, and outlines likely future developments in educational programs. The outline of a curriculum for a professional master's degree in software engineering is included."
Peter A. Freeman,https://scholar.google.com/citations?user=1kW15d8AAAAJ&hl=en,1kW15d8AAAAJ,"Georgia Tech, UC Irvine",4906,"software engineering, science policy, articificial intelligence",http://www.cc.gatech.edu/people/peter-freeman,The central role of design in software engineering,16,1976,https://scholar.google.com/citations?view_op=view_citation&hl=en&user=1kW15d8AAAAJ&pagesize=50&citation_for_view=1kW15d8AAAAJ:L8Ckcad2t8MC,"Design is relevant to all software engineering activities and is the central integrating activity that ties the others together. Thus, it is essential that software engineering education provide solid and in-depth instruction in design. While there is a good deal of current activity directed toward improving education in programming methods, we see little directed toward improving education in programming methods, we see little directed toward design education. Development of software engineering curricula offers an opportunity to place design in its proper perspective."
Peter A. Freeman,https://scholar.google.com/citations?user=1kW15d8AAAAJ&hl=en,1kW15d8AAAAJ,"Georgia Tech, UC Irvine",4906,"software engineering, science policy, articificial intelligence",http://www.cc.gatech.edu/people/peter-freeman,L1 hybridization enrichment: a method for directly accessing de novo L1 insertions in the human germline,15,2011,https://scholar.google.com/citations?view_op=view_citation&hl=en&user=1kW15d8AAAAJ&pagesize=50&citation_for_view=1kW15d8AAAAJ:WA5NYHcadZ8C,"Long interspersed nuclear element 1 (L1) retrotransposons are the only autonomously mobile human transposable elements. L1 retrotransposition has shaped our genome via insertional mutagenesis, sequence transduction, pseudogene formation, and ectopic recombination. However, L1 germline retrotransposition dynamics are poorly understood because de novo insertions occur very rarely: the frequency of disease‐causing retrotransposon insertions suggests that one insertion event occurs in roughly 18–180 gametes. The method described here recovers full‐length L1 insertions by using hybridization enrichment to capture L1 sequences from multiplex PCR‐amplified DNA. Enrichment is achieved by hybridizing L1‐specific biotinylated oligonucleotides to complementary molecules, followed by capture on streptavidin‐coated paramagnetic beads. We show that multiplex, long‐range PCR can amplify single …"
Peter A. Freeman,https://scholar.google.com/citations?user=1kW15d8AAAAJ&hl=en,1kW15d8AAAAJ,"Georgia Tech, UC Irvine",4906,"software engineering, science policy, articificial intelligence",http://www.cc.gatech.edu/people/peter-freeman,A hierarchical modular design for treatment protocols,15,1980,https://scholar.google.com/citations?view_op=view_citation&hl=en&user=1kW15d8AAAAJ&pagesize=50&citation_for_view=1kW15d8AAAAJ:LO7wyVUgiFcC,"We view a treatment protocol as a hierarchical structure of therapeutic modules. The lowest level of this structure consists of individual therapeutic actions. Combinations of individual actions define higher level modules, which we call routines. Routines are designed to manage limited clinical problems, such as the routine for fluid loading to correct hypovolemia. Combinations of routines and additional actions, together with comments, questions, or precautions organized in a branching logic, in turn, define the treatment protocol for a given disorder. Adoption of this modular approach may facilitate the formulation of treatment protocols, since the physician is not required to prepare complex flow charts. This hierarchical approach also allows protocols to be updated and modified in a flexible manner. By use of such a standard format, individual components may be fitted together to create protocols for multiple …"
Peter A. Freeman,https://scholar.google.com/citations?user=1kW15d8AAAAJ&hl=en,1kW15d8AAAAJ,"Georgia Tech, UC Irvine",4906,"software engineering, science policy, articificial intelligence",http://www.cc.gatech.edu/people/peter-freeman,Software design representation: Analysis and improvements,15,1978,https://scholar.google.com/citations?view_op=view_citation&hl=en&user=1kW15d8AAAAJ&pagesize=50&citation_for_view=1kW15d8AAAAJ:5nxA0vEk-isC,"This paper analyses in detail the design representation described in the preceding paper. Two sets of dimensions are defined and both representations‐metacode and decision statements‐ are evaluated against them. Suggestions for improving design representations, both these and in general, are presented."
Peter A. Freeman,https://scholar.google.com/citations?user=1kW15d8AAAAJ&hl=en,1kW15d8AAAAJ,"Georgia Tech, UC Irvine",4906,"software engineering, science policy, articificial intelligence",http://www.cc.gatech.edu/people/peter-freeman,Software reliability and design: A survey,15,1976,https://scholar.google.com/citations?view_op=view_citation&hl=en&user=1kW15d8AAAAJ&pagesize=50&citation_for_view=1kW15d8AAAAJ:mVmsd5A6BfQC,"This paper begins with an examination of the nature of software reliability, noting that two facets of reliability (correctness and robustness) are often confused. A brief survey is given of current attempts to improve program correctness and develop mechanisms that provide robustness. Starting from a discussion of the distinction that should be (but often isn't) drawn between design and programming, we identify six trends in software design that can be expected to impact significantly our ability to achieve reliable software. The paper closes with a brief discussion of the impact of software design automation on reliability."
Peter A. Freeman,https://scholar.google.com/citations?user=1kW15d8AAAAJ&hl=en,1kW15d8AAAAJ,"Georgia Tech, UC Irvine",4906,"software engineering, science policy, articificial intelligence",http://www.cc.gatech.edu/people/peter-freeman,The Kernel approach to building software systems,15,1970,https://scholar.google.com/citations?view_op=view_citation&hl=en&user=1kW15d8AAAAJ&pagesize=50&citation_for_view=1kW15d8AAAAJ:u9iWguZQMMsC,"In this short essay we will discuss a possible approach to building software systems. Our interest in building systems is driven most directly by involvement in the construction of artificial intelligence systems. But building large systems of programs is a fundamental activity throughcut all of computing and has independent status as a central problem in computer science. The formidable difficulties that have emerged in producing third generation software systems well illustrate the problem.The scheme to be explored for creating software systems is based on growth from a small kernel of code and data. The approach responds to somewhat different considerations than the more widely used alternatives of macro-assemblers and higher level languages. A full treatment would require laying out the existing approaches, as currently understood, and providing a comparative analysis. The purpose of this paper, however, will be served by a characterization of what is involved in the kernel approach. We have been experimenting on the PDP-10 for some time with a succession of kernel systems: L*(A), L*(B) We must emphasize that the approach is highly experimental and that substantial issues remain unresolved so that we focus here on some of the implications of using the kernel approach to system building. L*(F), the version which has received the most polishing and use, 2 will serve as an example to make our points concrete. Its specifications are summarized briefly in the Appendix."
Peter A. Freeman,https://scholar.google.com/citations?user=1kW15d8AAAAJ&hl=en,1kW15d8AAAAJ,"Georgia Tech, UC Irvine",4906,"software engineering, science policy, articificial intelligence",http://www.cc.gatech.edu/people/peter-freeman,International Law and Internal Armed Conflicts: Clarifying the Interplay Between Human Rights and Humanitarian Protections,14,2000,https://scholar.google.com/citations?view_op=view_citation&hl=en&user=1kW15d8AAAAJ&pagesize=50&citation_for_view=1kW15d8AAAAJ:V3AGJWp-ZtQC,"In recent years, many international lawyers and scholars have noted a substantial convergence between international human rights law (“IHRL”) and international humanitarian law (“IHL”).[1] This convergence is due in large measure to the distressing proliferation of violent internal armed conflicts in many parts of the world.[2] Whether in Cambodia, El Salvador or Sierra Leone, these conflicts have served to highlight the chief inadequacies of IHRL and IHL and have, as a consequence, provoked discussion about how such inadequacies ought to be remedied so as to afford better protection to the millions of victims of such conflicts.[3] Among the chief concerns in this debate is the prevailing confusion about the proper application of IHRL and IHL in the context of such conflicts, since many people continue to think that IHRL only applies in times of peace, and that only IHL applies in times of war. This confusion is …"
Vladimir Kolesnikov,https://scholar.google.com/citations?user=1vwuDM4AAAAJ&hl=en,1vwuDM4AAAAJ,Georgia Institute of Technology,8780,"Cryptography, security, secure computation, zero knowledge proofs",https://www.cc.gatech.edu/~vlad/,Improved garbled circuit: Free XOR gates and applications,1136,2008,https://scholar.google.com/citations?view_op=view_citation&hl=en&user=1vwuDM4AAAAJ&pagesize=50&citation_for_view=1vwuDM4AAAAJ:u-x6o8ySG0sC,"We present a new garbled circuit construction for two-party secure function evaluation (SFE). In our one-round protocol, XOR gates are evaluated “for free”, which results in the corresponding improvement over the best garbled circuit implementations (e.g. Fairplay [19]).We build permutation networks [26] and Universal Circuits (UC) [25] almost exclusively of XOR gates; this results in a factor of up to 4 improvement (in both computation and communication) of their SFE. We also improve integer addition and equality testing by factor of up to 2.We rely on the Random Oracle (RO) assumption. Our constructions are proven secure in the semi-honest model."
Vladimir Kolesnikov,https://scholar.google.com/citations?user=1vwuDM4AAAAJ&hl=en,1vwuDM4AAAAJ,Georgia Institute of Technology,8780,"Cryptography, security, secure computation, zero knowledge proofs",https://www.cc.gatech.edu/~vlad/,A pragmatic introduction to secure multi-party computation,742,2018,https://scholar.google.com/citations?view_op=view_citation&hl=en&user=1vwuDM4AAAAJ&pagesize=50&citation_for_view=1vwuDM4AAAAJ:k8Z6L05lTy4C,"Secure multi-party computation (MPC) has evolved from a theoretical curiosity in the 1980s to a tool for building real systems today. Over the past decade, MPC has been one of the most active research areas in both theoretical and applied cryptography. This article introduces several important MPC protocols, and surveys methods for improving the efficiency of privacy-preserving applications built using MPC. Besides giving a broad overview of the field and the insights of the main constructions, we overview the most currently active areas of MPC research and aim to give readers insights into what problems are practically solvable using MPC today and how different threat models and assumptions impact the practicality of different approaches."
Vladimir Kolesnikov,https://scholar.google.com/citations?user=1vwuDM4AAAAJ&hl=en,1vwuDM4AAAAJ,Georgia Institute of Technology,8780,"Cryptography, security, secure computation, zero knowledge proofs",https://www.cc.gatech.edu/~vlad/,Efficient batched oblivious PRF with applications to private set intersection,600,2016,https://scholar.google.com/citations?view_op=view_citation&hl=en&user=1vwuDM4AAAAJ&pagesize=50&citation_for_view=1vwuDM4AAAAJ:_Ybze24A_UAC,"We describe a lightweight protocol for oblivious evaluation of a pseudorandom function (OPRF) in the presence of semihonest adversaries. In an OPRF protocol a receiver has an input r; the sender gets output s and the receiver gets output F(s; r), where F is a pseudorandom function and s is a random seed. Our protocol uses a novel adaptation of 1-out-of-2 OT-extension protocols, and is particularly efficient when used to generate a large batch of OPRF instances. The cost to realize m OPRF instances is roughly the cost to realize 3:5m instances of standard 1-out-of-2 OTs (using state-of-the-art OT extension). We explore in detail our protocol's application to semihonest secure private set intersection (PSI). The fastest state-of- the-art PSI protocol (Pinkas et al., Usenix 2015) is based on efficient OT extension. We observe that our OPRF can be used to remove their PSI protocol's dependence on the bit-length of the …"
Vladimir Kolesnikov,https://scholar.google.com/citations?user=1vwuDM4AAAAJ&hl=en,1vwuDM4AAAAJ,Georgia Institute of Technology,8780,"Cryptography, security, secure computation, zero knowledge proofs",https://www.cc.gatech.edu/~vlad/,Improved garbled circuit building blocks and applications to auctions and computing minima,359,2009,https://scholar.google.com/citations?view_op=view_citation&hl=en&user=1vwuDM4AAAAJ&pagesize=50&citation_for_view=1vwuDM4AAAAJ:2osOgNQ5qMEC,"We consider generic Garbled Circuit (GC)-based techniques for Secure Function Evaluation (SFE) in the semi-honest model.We describe efficient GC constructions for addition, subtraction, multiplication, and comparison functions. Our circuits for subtraction and comparison are approximately two times smaller (in terms of garbled tables) than previous constructions. This implies corresponding computation and communication improvements in SFE of functions using our efficient building blocks. The techniques rely on recently proposed “free XOR” GC technique.Further, we present concrete and detailed improved GC protocols for the problem of secure integer comparison, and related problems of auctions, minimum selection, and minimal distance. Performance improvement comes both from building on our efficient basic blocks and several problem-specific GC optimizations. We provide precise cost evaluation of …"
Vladimir Kolesnikov,https://scholar.google.com/citations?user=1vwuDM4AAAAJ&hl=en,1vwuDM4AAAAJ,Georgia Institute of Technology,8780,"Cryptography, security, secure computation, zero knowledge proofs",https://www.cc.gatech.edu/~vlad/,Blind seer: A scalable private DBMS,356,2014,https://scholar.google.com/citations?view_op=view_citation&hl=en&user=1vwuDM4AAAAJ&pagesize=50&citation_for_view=1vwuDM4AAAAJ:BrmTIyaxlBUC,"Query privacy in secure DBMS is an important feature, although rarely formally considered outside the theoretical community. Because of the high overheads of guaranteeing privacy in complex queries, almost all previous works addressing practical applications consider limited queries (e.g., just keyword search), or provide a weak guarantee of privacy. In this work, we address a major open problem in private DB: efficient sub linear search for arbitrary Boolean queries. We consider scalable DBMS with provable security for all parties, including protection of the data from both server (who stores encrypted data) and client (who searches it), as well as protection of the query, and access control for the query. We design, build, and evaluate the performance of a rich DBMS system, suitable for real-world deployment on today medium-to large-scale DBs. On a modern server, we are able to query a formula over 10TB …"
Vladimir Kolesnikov,https://scholar.google.com/citations?user=1vwuDM4AAAAJ&hl=en,1vwuDM4AAAAJ,Georgia Institute of Technology,8780,"Cryptography, security, secure computation, zero knowledge proofs",https://www.cc.gatech.edu/~vlad/,Improved non-interactive zero knowledge with applications to post-quantum signatures,353,2018,https://scholar.google.com/citations?view_op=view_citation&hl=en&user=1vwuDM4AAAAJ&pagesize=50&citation_for_view=1vwuDM4AAAAJ:g3aElNc5_aQC,"Recent work, including ZKBoo, ZKB++, and Ligero, has developed efficient non-interactive zero-knowledge proofs of knowledge (NIZKPoKs) for Boolean circuits based on symmetric-key primitives alone, using the ""MPC-in-the-head"" paradigm of Ishai et al. We show how to instantiate this paradigm with MPC protocols in the preprocessing model; once optimized, this results in an NIZKPoK with shorter proofs (and comparable computation) as in prior work for circuits containing roughly 300--100,000 AND~gates. In contrast to prior work, our NIZKPoK also supports witness-independent preprocessing, which allows the prover to shift most of its work to an offline phase before the witness is known. We use our NIZKPoK to construct a signature scheme based only on symmetric-key primitives (and hence with ""post-quantum"" security). The resulting scheme has shorter signatures than the scheme built using ZKB++ (and …"
Vladimir Kolesnikov,https://scholar.google.com/citations?user=1vwuDM4AAAAJ&hl=en,1vwuDM4AAAAJ,Georgia Institute of Technology,8780,"Cryptography, security, secure computation, zero knowledge proofs",https://www.cc.gatech.edu/~vlad/,Practical multi-party private set intersection from symmetric-key techniques,321,2017,https://scholar.google.com/citations?view_op=view_citation&hl=en&user=1vwuDM4AAAAJ&pagesize=50&citation_for_view=1vwuDM4AAAAJ:uc_IGeMz5qoC,"We present a new paradigm for multi-party private set intersection (PSI) that allows parties to compute the intersection of their datasets without revealing any additional information. We explore a variety of instantiations of this paradigm. Our protocols avoid computationally expensive public-key operations and are secure in the presence of any number of semi-honest participants (i.e., without an honest majority). We demonstrate the practicality of our protocols with an implementation. To the best of our knowledge, this is the first implementation of a multi-party PSI protocol. For 5 parties with data-sets of 220 items each, our protocol requires only 72 seconds. In an optimization achieving a slightly weaker variant of security (augmented semi-honest model), the same task requires only 22 seconds. The technical core of our protocol is oblivious evaluation of a programmable pseudorandom function (OPPRF), which we …"
Vladimir Kolesnikov,https://scholar.google.com/citations?user=1vwuDM4AAAAJ&hl=en,1vwuDM4AAAAJ,Georgia Institute of Technology,8780,"Cryptography, security, secure computation, zero knowledge proofs",https://www.cc.gatech.edu/~vlad/,Improved OT extension for transferring short secrets,306,2013,https://scholar.google.com/citations?view_op=view_citation&hl=en&user=1vwuDM4AAAAJ&pagesize=50&citation_for_view=1vwuDM4AAAAJ:8AbLer7MMksC,"We propose an optimization and generalization of OT extension of Ishai et al. of Crypto 2003. For computational security parameter k, our OT extension for short secrets offers O(logk) factor performance improvement in communication and computation, compared to prior work. In concrete terms, for today’s security parameters, this means approx. factor 2-3 improvement.This results in corresponding improvements in applications relying on such OT. In particular, for two-party semi-honest SFE, this results in O(logk) factor improvement in communication over state of the art Yao Garbled Circuit, and has the same asymptotic complexity as the recent multi-round construction of Kolesnikov and Kumaresan of SCN 2012. For multi-party semi-honest SFE, where their construction is inapplicable, our construction implies O(logk) factor communication and computation improvement over best previous constructions. As with our …"
Vladimir Kolesnikov,https://scholar.google.com/citations?user=1vwuDM4AAAAJ&hl=en,1vwuDM4AAAAJ,Georgia Institute of Technology,8780,"Cryptography, security, secure computation, zero knowledge proofs",https://www.cc.gatech.edu/~vlad/,Secure two-party computation in sublinear (amortized) time,226,2012,https://scholar.google.com/citations?view_op=view_citation&hl=en&user=1vwuDM4AAAAJ&pagesize=50&citation_for_view=1vwuDM4AAAAJ:ldfaerwXgEUC,"Traditional approaches to generic secure computation begin by representing the function f being computed as a circuit. If f depends on each of its input bits, this implies a protocol with complexity at least linear in the input size. In fact, linear running time is inherent for non-trivial functions since each party must ""touch"" every bit of their input lest information about the other party's input be leaked. This seems to rule out many applications of secure computation (e.g., database search) in scenarios where inputs are huge. Adapting and extending an idea of Ostrovsky and Shoup, we present an approach to secure two-party computation that yields protocols running in sublinear time, in an amortized sense, for functions that can be computed in sublinear time on a random-access machine (RAM). Moreover, each party is required to maintain state that is only (essentially) linear in its own input size. Our approach combines …"
Vladimir Kolesnikov,https://scholar.google.com/citations?user=1vwuDM4AAAAJ&hl=en,1vwuDM4AAAAJ,Georgia Institute of Technology,8780,"Cryptography, security, secure computation, zero knowledge proofs",https://www.cc.gatech.edu/~vlad/,A secure decentralized data-centric information infrastructure for smart grid,212,2010,https://scholar.google.com/citations?view_op=view_citation&hl=en&user=1vwuDM4AAAAJ&pagesize=50&citation_for_view=1vwuDM4AAAAJ:WF5omc3nYNoC,"In recent years the power grid has been undergoing transformative changes due to the greater penetration of renewable energy sources and increased focus on power demand shaping. These innovative transformations on the grid require a flexible IP-based communication grid that is reliable and secure. In this article we describe an IPbased decentralized and data-centric information infrastructure that can reliably, securely, and cost-effectively support the operation and innovative applications of the next generation grid. The proposed infrastructure differs from a typical distributed system since it addresses the specific requirements of power applications such as security, distributed data sources, latency sensitive data transactions and real time event updates. The work presented here paves the way for a future data-centric power network infrastructure."
Vladimir Kolesnikov,https://scholar.google.com/citations?user=1vwuDM4AAAAJ&hl=en,1vwuDM4AAAAJ,Georgia Institute of Technology,8780,"Cryptography, security, secure computation, zero knowledge proofs",https://www.cc.gatech.edu/~vlad/,Secure evaluation of private linear branching programs with medical applications,212,2009,https://scholar.google.com/citations?view_op=view_citation&hl=en&user=1vwuDM4AAAAJ&pagesize=50&citation_for_view=1vwuDM4AAAAJ:9yKSN-GCB0IC,"Diagnostic and classification algorithms play an important role in data analysis, with applications in areas such as health care, fault diagnostics, or benchmarking. Branching programs (BP) is a popular representation model for describing the underlying classification/diagnostics algorithms. Typical application scenarios involve a client who provides data and a service provider (server) whose diagnostic program is run on client’s data. Both parties need to keep their inputs private.We present new, more efficient privacy-protecting protocols for remote evaluation of such classification/diagnostic programs. In addition to efficiency improvements, we generalize previous solutions – we securely evaluate private linear branching programs (LBP), a useful generalization of BP that we introduce. We show practicality of our solutions: we apply our protocols to the privacy-preserving classification of medical ElectroCardioGram …"
Vladimir Kolesnikov,https://scholar.google.com/citations?user=1vwuDM4AAAAJ&hl=en,1vwuDM4AAAAJ,Georgia Institute of Technology,8780,"Cryptography, security, secure computation, zero knowledge proofs",https://www.cc.gatech.edu/~vlad/,Strong conditional oblivious transfer and computing on intervals,208,2004,https://scholar.google.com/citations?view_op=view_citation&hl=en&user=1vwuDM4AAAAJ&pagesize=50&citation_for_view=1vwuDM4AAAAJ:u5HHmVD_uO8C,"We consider the problem of securely computing the Greater Than (GT) predicate and its generalization – securely determining membership in a union of intervals. We approach these problems from the point of view of Q-Conditional Oblivious Transfer (Q-COT), introduced by Di Crescenzo, Ostrovsky and Rajagopalan [4]. Q-COT is an oblivious transfer that occurs iff predicate Q evaluates to true on the parties’ inputs. We are working in the semi-honest model with computationally unbounded receiver.In this paper, we propose: (i) a stronger, simple and intuitive definition of COT, which we call strong COT, or Q-SCOT. (ii) A simpler and more efficient one-round protocol for securely computing GT and GT-SCOT. (iii) A simple and efficient modular construction reducing SCOT based on membership in a union of intervals (UI-SCOT) to GT-SCOT, producing an efficient one-round UI-SCOT."
Vladimir Kolesnikov,https://scholar.google.com/citations?user=1vwuDM4AAAAJ&hl=en,1vwuDM4AAAAJ,Georgia Institute of Technology,8780,"Cryptography, security, secure computation, zero knowledge proofs",https://www.cc.gatech.edu/~vlad/,FleXOR: Flexible garbling for XOR gates that beats free-XOR,184,2014,https://scholar.google.com/citations?view_op=view_citation&hl=en&user=1vwuDM4AAAAJ&pagesize=50&citation_for_view=1vwuDM4AAAAJ:q3oQSFYPqjQC,"Most implementations of Yao’s garbled circuit approach for 2-party secure computation use the free-XOR optimization of Kolesnikov & Schneider (ICALP 2008). We introduce an alternative technique called flexible-XOR (fleXOR) that generalizes free-XOR and offers several advantages. First, fleXOR can be instantiated under a weaker hardness assumption on the underlying cipher/hash function (related-key security only, compared to related-key and circular security required for free-XOR) while maintaining most of the performance improvements that free-XOR offers. Alternatively, even though XOR gates are not always “free” in our approach, we show that the other (non-XOR) gates can be optimized more heavily than what is possible when using free-XOR. For many circuits of cryptographic interest, this can yield a significantly (over 30%) smaller garbled circuit than any other known techniques (including free-XOR …"
Vladimir Kolesnikov,https://scholar.google.com/citations?user=1vwuDM4AAAAJ&hl=en,1vwuDM4AAAAJ,Georgia Institute of Technology,8780,"Cryptography, security, secure computation, zero knowledge proofs",https://www.cc.gatech.edu/~vlad/,A practical universal circuit construction and secure evaluation of private functions,156,2008,https://scholar.google.com/citations?view_op=view_citation&hl=en&user=1vwuDM4AAAAJ&pagesize=50&citation_for_view=1vwuDM4AAAAJ:qjMakFHDy7sC,"We consider general secure function evaluation (SFE) of private functions (PF-SFE). Recall, privacy of functions is often most efficiently achieved by general SFE [18,19,10] of a Universal Circuit (UC).Our main contribution is a new simple and efficient UC construction. Our circuit UCk, universal for circuits of k gates, has size ~1.5 k log2k and depth ~k logk. It is up to 50% smaller than the best UC (of Valiant [16], of size ~19klogk) for circuits of size up to ≈ 5000 gates.Our improvement results in corresponding performance improvement of SFE of (small) private functions. Since, due to cost, only small circuits (i.e. < 5000 gates) are practical for PF-SFE, our construction appears to be the best fit for many practical PF-SFE.We implement PF-SFE based on our UC and Fairplay SFE system [11]."
Vladimir Kolesnikov,https://scholar.google.com/citations?user=1vwuDM4AAAAJ&hl=en,1vwuDM4AAAAJ,Georgia Institute of Technology,8780,"Cryptography, security, secure computation, zero knowledge proofs",https://www.cc.gatech.edu/~vlad/,Distributed security architecture for storage area networks,142,2002,https://scholar.google.com/citations?view_op=view_citation&hl=en&user=1vwuDM4AAAAJ&pagesize=50&citation_for_view=1vwuDM4AAAAJ:iH-uZ7U-co4C,"The invention relates to a method of transferring data between a host computer server and a secure network storage system via a data transfer architecture. The secure network storage system has a plurality of storage devices for storage of the data. The method comprises (a) authenticating (21) APPL NO; 10/269,934 the host computer server with a security system associated with the secure network storage system;(b) obtaining a (22) Filed;() CL 11, 2002 storage key from the security system after authentication; and (c) performing an encryption/decryption operation com (30) Foreign Application Priority Data prising at least one of encrypting and storing data on the secure network storage system, and (ii) retrieving and Oct. 12, 2001 (CA).......................................... 2,358,980 decrypting data stored on the secure network storage system."
Vladimir Kolesnikov,https://scholar.google.com/citations?user=1vwuDM4AAAAJ&hl=en,1vwuDM4AAAAJ,Georgia Institute of Technology,8780,"Cryptography, security, secure computation, zero knowledge proofs",https://www.cc.gatech.edu/~vlad/,Malicious-client security in blind seer: a scalable private DBMS,117,2015,https://scholar.google.com/citations?view_op=view_citation&hl=en&user=1vwuDM4AAAAJ&pagesize=50&citation_for_view=1vwuDM4AAAAJ:V3AGJWp-ZtQC,"The Blind Seer system (Oakland 2014) is an efficient and scalable DBMS that affords both client query privacy and server data protection. It also provides the ability to enforce authorization policies on the system, restricting client's queries while maintaining the privacy of both query and policy. Blind Seer supports a rich query set, including arbitrary boolean formulas, and is provably secure with respect to a controlled amount of search pattern leakage. No other system to date achieves this tradeoff of performance, generality, and provable privacy. A major shortcoming of Blind Seer is its reliance on semi-honest security, particularly for access control and data protection. A malicious client could easily cheat the query authorization policy and obtain any database records satisfying any query of its choice, thus violating basic security features of any standard DBMS. In sum, Blind Seer offers additional privacy to a client …"
Vladimir Kolesnikov,https://scholar.google.com/citations?user=1vwuDM4AAAAJ&hl=en,1vwuDM4AAAAJ,Georgia Institute of Technology,8780,"Cryptography, security, secure computation, zero knowledge proofs",https://www.cc.gatech.edu/~vlad/,Scalable private set union from symmetric-key techniques,104,2019,https://scholar.google.com/citations?view_op=view_citation&hl=en&user=1vwuDM4AAAAJ&pagesize=50&citation_for_view=1vwuDM4AAAAJ:a9-T7VOCCH8C,"We present a new efficient protocol for computing private set union (PSU). Here two semi-honest parties, each holding a dataset of known size (or of a known upper bound), wish to compute the union of their sets without revealing anything else to either party. Our protocol is in the OT hybrid model. Beyond OT extension, it is fully based on symmetric-key primitives. We motivate the PSU primitive by its direct application to network security and other areas.At the technical core of our PSU construction is the reverse private membership test (RPMT) protocol. In RPMT, the sender with input \documentclass[12pt]{minimal} \usepackage{amsmath} \usepackage{wasysym} \usepackage{amsfonts} \usepackage{amssymb} \usepackage{amsbsy} \usepackage{mathrsfs} \usepackage{upgreek} \setlength{\oddsidemargin}{-69pt} \begin{document}$$x^*$$\end{document} interacts with a receiver holding a set X …"
Vladimir Kolesnikov,https://scholar.google.com/citations?user=1vwuDM4AAAAJ&hl=en,1vwuDM4AAAAJ,Georgia Institute of Technology,8780,"Cryptography, security, secure computation, zero knowledge proofs",https://www.cc.gatech.edu/~vlad/,Amortizing garbled circuits,104,2014,https://scholar.google.com/citations?view_op=view_citation&hl=en&user=1vwuDM4AAAAJ&pagesize=50&citation_for_view=1vwuDM4AAAAJ:mvPsJ3kp5DgC,"We consider secure two-party computation in a multiple-execution setting, where two parties wish to securely evaluate the same circuit multiple times. We design efficient garbled-circuit-based two-party protocols secure against malicious adversaries. Recent works by Lindell (Crypto 2013) and Huang-Katz-Evans (Crypto 2013) have obtained optimal complexity for cut-and-choose performed over garbled circuits in the single execution setting. We show that it is possible to obtain much lower amortized overhead for cut-and-choose in the multiple-execution setting.Our efficiency improvements result from a novel way to combine a recent technique of Lindell (Crypto 2013) with LEGO-based cut-and-choose techniques (TCC 2009, Eurocrypt 2013). In concrete terms, for 40-bit statistical security we obtain a 2× improvement (per execution) in communication and computation for as few as 7 executions, and require only 8 …"
Vladimir Kolesnikov,https://scholar.google.com/citations?user=1vwuDM4AAAAJ&hl=en,1vwuDM4AAAAJ,Georgia Institute of Technology,8780,"Cryptography, security, secure computation, zero knowledge proofs",https://www.cc.gatech.edu/~vlad/,Stacked garbling for disjunctive zero-knowledge proofs,100,2020,https://scholar.google.com/citations?view_op=view_citation&hl=en&user=1vwuDM4AAAAJ&pagesize=50&citation_for_view=1vwuDM4AAAAJ:DUooU5lO8OsC,"Zero-knowledge (ZK) proofs (ZKP) have received wide attention, focusing on non-interactivity, short proof size, and fast verification time. We focus on the fastest total proof time, in particular for large Boolean circuits. Under this metric, Garbled Circuit (GC)-based ZKP (Jawurek et al., [JKO], CCS 2013) remained the state-of-the-art technique due to the low-constant linear scaling of computing the garbling.We improve GC-ZKP for proof statements with conditional clauses. Our communication is proportional to the longest branch rather than to the entire proof statement. This is most useful when the number \documentclass[12pt]{minimal} \usepackage{amsmath} \usepackage{wasysym} \usepackage{amsfonts} \usepackage{amssymb} \usepackage{amsbsy} \usepackage{mathrsfs} \usepackage{upgreek} \setlength{\oddsidemargin}{-69pt} \begin{document} $$m $$ \end{document} of branches is large …"
Vladimir Kolesnikov,https://scholar.google.com/citations?user=1vwuDM4AAAAJ&hl=en,1vwuDM4AAAAJ,Georgia Institute of Technology,8780,"Cryptography, security, secure computation, zero knowledge proofs",https://www.cc.gatech.edu/~vlad/,Tamper-resistant and scalable mutual authentication for machine-to-machine devices,99,2022,https://scholar.google.com/citations?view_op=view_citation&hl=en&user=1vwuDM4AAAAJ&pagesize=50&citation_for_view=1vwuDM4AAAAJ:Y5dfb0dijaUC,"An authentication request message is sent from a first computing device to a second computing device, wherein the first computing device and the second computing device communicate via a machine-to-machine communication protocol, and wherein the authentication request comprises a token issued by the second computing device and stored in a key obfuscation block of the first computing device. A challenge message is received at the first computing device from the second computing device. In response to the challenge message, a session key is computed at the key obfuscation block of the first computing device, wherein the session key is computed based on a secret shared between the first computing device and the second computing device. Upon generating the session key, the first computing device extracts a value from the challenge message and generates an authentication delegate based on the …"
Vladimir Kolesnikov,https://scholar.google.com/citations?user=1vwuDM4AAAAJ&hl=en,1vwuDM4AAAAJ,Georgia Institute of Technology,8780,"Cryptography, security, secure computation, zero knowledge proofs",https://www.cc.gatech.edu/~vlad/,System and method for providing secure virtual machines,95,2014,https://scholar.google.com/citations?view_op=view_citation&hl=en&user=1vwuDM4AAAAJ&pagesize=50&citation_for_view=1vwuDM4AAAAJ:9ZlFYXVOiuMC,"The present invention provides improved security in a virtual machine. By extending the capabilities of modern Secure processors, privacy of computation is provided from both the owner of the equipment and other users executing on the processor, which is an advantageous feature for rentable, secure computers. In addition to the hardware extensions required to secure a virtualizable computer, an infrastructure for the deployment of such processors is also provided. Fur thermore, a signaling flow to establish the various relation ships between the owner, user and manufacturer of the equip ment is disclosed."
Vladimir Kolesnikov,https://scholar.google.com/citations?user=1vwuDM4AAAAJ&hl=en,1vwuDM4AAAAJ,Georgia Institute of Technology,8780,"Cryptography, security, secure computation, zero knowledge proofs",https://www.cc.gatech.edu/~vlad/,Gate evaluation secret sharing and secure one-round two-party computation,93,2005,https://scholar.google.com/citations?view_op=view_citation&hl=en&user=1vwuDM4AAAAJ&pagesize=50&citation_for_view=1vwuDM4AAAAJ:UeHWp8X0CEIC,"We propose Gate Evaluation Secret Sharing (GESS) – a new kind of secret sharing, designed for use in secure function evaluation (SFE) with minimal interaction. The resulting simple and powerful GESS approach to SFE is a generalization of Yao’s garbled circuit technique.We give efficient GESS schemes for evaluating binary gates and prove (almost) matching lower bounds. We give a more efficient information-theoretic reduction of SFE of a boolean formula F to oblivious transfer. Its complexity is ≈ ∑ di2, where di is the depth of the i-th leaf of F."
Vladimir Kolesnikov,https://scholar.google.com/citations?user=1vwuDM4AAAAJ&hl=en,1vwuDM4AAAAJ,Georgia Institute of Technology,8780,"Cryptography, security, secure computation, zero knowledge proofs",https://www.cc.gatech.edu/~vlad/,Garbled Circuits for Leakage-Resilience: Hardware Implementation and Evaluation of One-Time Programs: (Full Version),75,2010,https://scholar.google.com/citations?view_op=view_citation&hl=en&user=1vwuDM4AAAAJ&pagesize=50&citation_for_view=1vwuDM4AAAAJ:Y0pCki6q_DkC,"The power of side-channel leakage attacks on cryptographic implementations is evident. Today’s practical defenses are typically attack-specific countermeasures against certain classes of side-channel attacks. The demand for a more general solution has given rise to the recent theoretical research that aims to build provably leakage-resilient cryptography. This direction is, however, very new and still largely lacks practitioners’ evaluation with regard to both efficiency and practical security. A recent approach, One-Time Programs (OTPs), proposes using Yao’s Garbled Circuit (GC) and very simple tamper-proof hardware to securely implement oblivious transfer, to guarantee leakage resilience.Our main contributions are (i) a generic architecture for using GC/ OTP modularly, and (ii) hardware implementation and efficiency analysis of GC/OTP evaluation. We implemented two FPGA-based prototypes: a system-on-a …"
Vladimir Kolesnikov,https://scholar.google.com/citations?user=1vwuDM4AAAAJ&hl=en,1vwuDM4AAAAJ,Georgia Institute of Technology,8780,"Cryptography, security, secure computation, zero knowledge proofs",https://www.cc.gatech.edu/~vlad/,SSTP: a scalable and secure transport protocol for smart grid data collection,71,2011,https://scholar.google.com/citations?view_op=view_citation&hl=en&user=1vwuDM4AAAAJ&pagesize=50&citation_for_view=1vwuDM4AAAAJ:M3NEmzRMIkIC,"Emerging smart grid networks are expected to have massive amounts of data continuously generated from various measuring devices (intelligent sensors, advanced meters, electric vehicle charging stations) which are embedded in the power grid. Data generated from these measuring devices must be delivered securely and reliably to utility control centers for wide-area monitoring and control and to estimate the overall grid status in a timely and precise manner. The collected data is also used for incentivizing consumer participation for improving power stability. Transport protocol requirements for such periodic grid measurement data are characterized as lifetime-lived, secure, and reliable delivery of short flows (usually less than 1.5 KB) over utility-Wide Area Networks (WANs). However, our survey shows that there is no well-known transport protocol that can support the above characteristics in a scalable and light …"
Vladimir Kolesnikov,https://scholar.google.com/citations?user=1vwuDM4AAAAJ&hl=en,1vwuDM4AAAAJ,Georgia Institute of Technology,8780,"Cryptography, security, secure computation, zero knowledge proofs",https://www.cc.gatech.edu/~vlad/,Fuzzy labeled private set intersection with applications to private {Real-Time} biometric search,65,2021,https://scholar.google.com/citations?view_op=view_citation&hl=en&user=1vwuDM4AAAAJ&pagesize=50&citation_for_view=1vwuDM4AAAAJ:HtS1dXgVpQUC,"The explosive growth of biometrics use (eg, in surveillance) poses a persistent challenge to keep biometric data private without sacrificing the apps’ functionality. We consider private querying of a real-life biometric scan (eg, a person’s face) against a private biometric database. The querier learns only the label (s) of a matching scan (s)(eg a person’s name), and the database server learns nothing. We formally define Fuzzy Labeled Private Set Intersection (FLPSI), a primitive computing the intersection of noisy input sets by considering closeness/similarity instead of equality. Our FLPSI protocol’s communication is sublinear in database size and is concretely efficient. We implement it and apply it to facial search by integrating with our fine-tuned toolchain that maps face images into Hamming space. We have implemented and extensively tested our system, achieving high performance with concretely small network usage: for a 10K-row database, the query response time over WAN (resp. fast LAN) is 146ms (resp. 47ms), transferring 12.1 MB; offline precomputation (with no communication) time is 0.94 s. FLPSI scales well: for a 1M-row database, online time is 1.66 s (WAN) and 1.46 s (fast LAN) with 40.8 MB of data transfer in online phase and 37.5 s in offline precomputation. This improves the state-of-the-art work (SANNS) by 9− 25×(on WAN) and 1.2− 4×(on fast LAN). Our false non-matching rate is 0.75% for at most 10 false matches over 1M-row DB, which is comparable to underlying plaintext matching algorithm."
Vladimir Kolesnikov,https://scholar.google.com/citations?user=1vwuDM4AAAAJ&hl=en,1vwuDM4AAAAJ,Georgia Institute of Technology,8780,"Cryptography, security, secure computation, zero knowledge proofs",https://www.cc.gatech.edu/~vlad/,A systematic approach to practically efficient general two-party secure function evaluation protocols and their modular design,64,2013,https://scholar.google.com/citations?view_op=view_citation&hl=en&user=1vwuDM4AAAAJ&pagesize=50&citation_for_view=1vwuDM4AAAAJ:abG-DnoFyZgC,"General two-party Secure Function Evaluation (SFE) allows mutually distrusting parties to correctly compute any function on their private input data, without revealing the inputs. Two-party SFE can benefit almost any client-server interaction where privacy is required, such as privacy-preserving credit checking, medical classification, or face recognition. Today, SFE is a subject of immense amount of research in a variety of directions and is not easy to navigate.In this article, we systematize the most practically important works of the vast research knowledge on general SFE. We argue that in many cases the most efficient SFE protocols are obtained by combining several basic techniques, e.g., garbled circuits and (additively) homomorphic encryption.As a valuable methodological contribution, we present a framework in which today's most efficient techniques for general SFE can be viewed as building blocks with well …"
Vladimir Kolesnikov,https://scholar.google.com/citations?user=1vwuDM4AAAAJ&hl=en,1vwuDM4AAAAJ,Georgia Institute of Technology,8780,"Cryptography, security, secure computation, zero knowledge proofs",https://www.cc.gatech.edu/~vlad/,Truly efficient string oblivious transfer using resettable tamper-proof tokens,64,2010,https://scholar.google.com/citations?view_op=view_citation&hl=en&user=1vwuDM4AAAAJ&pagesize=50&citation_for_view=1vwuDM4AAAAJ:zYLM7Y9cAGgC,"SFE requires expensive public key operations for each input bit of the function. This cost can be avoided by using tamper-proof hardware. However, all known efficient techniques require the hardware to have long-term secure storage and to be resistant to reset or duplication attacks. This is due to the intrinsic use of counters or erasures. Known techniques that use resettable tokens rely on expensive primitives, such as generic concurrent ZK, and are out of reach of practice.We propose a truly efficient String Oblivious Transfer (OT) technique relying on resettable (actually, stateless) tamper-proof token. Our protocols require between 6 and 27 symmetric key operations, depending on the model. Our OT is secure against covert sender and malicious receiver, and is sequentially composable.If the token is semi-honest (e.g. if it is provided by a trusted entity, but adversarily initialized), then our protocol is secure against …"
Vladimir Kolesnikov,https://scholar.google.com/citations?user=1vwuDM4AAAAJ&hl=en,1vwuDM4AAAAJ,Georgia Institute of Technology,8780,"Cryptography, security, secure computation, zero knowledge proofs",https://www.cc.gatech.edu/~vlad/,Embedded SFE: Offloading server and network using hardware tokens,64,2010,https://scholar.google.com/citations?view_op=view_citation&hl=en&user=1vwuDM4AAAAJ&pagesize=50&citation_for_view=1vwuDM4AAAAJ:IjCSPb-OGe4C,"We consider Secure Function Evaluation (SFE) in the client-server setting where the server issues a secure token to the client. The token is not trusted by the client and is not a trusted third party.We show how to take advantage of the token to drastically reduce the communication complexity of SFE and computation load of the server.Our main contribution is the detailed consideration of design decisions, optimizations, and trade-offs, associated with the setting and its strict hardware requirements for practical deployment. In particular, we model the token as a computationally weak device with small constant-size memory and limit communication between client and server.We consider semi-honest, covert, and malicious adversaries. We show the feasibility of our protocols based on a FPGA implementation."
Vladimir Kolesnikov,https://scholar.google.com/citations?user=1vwuDM4AAAAJ&hl=en,1vwuDM4AAAAJ,Georgia Institute of Technology,8780,"Cryptography, security, secure computation, zero knowledge proofs",https://www.cc.gatech.edu/~vlad/,Secure multi-user identity module key exchange,62,2012,https://scholar.google.com/citations?view_op=view_citation&hl=en&user=1vwuDM4AAAAJ&pagesize=50&citation_for_view=1vwuDM4AAAAJ:qxL8FJ1GzNcC,"An apparatus in one example, where the apparatus comprises a communication device component that performs an authen tication key agreement protocol by receiving a first random nonce (RAND) and an authentication token, wherein the communication device component is configured with a shared secret key. The communication device component generates a derivation key by applying a pseudo random function to the RAND and the shared secret key. The com munication device component generates a first set of session keys based on a second random nonce (RANDC) and the derivation key where the first set of session keys are used in encrypting communications."
Vladimir Kolesnikov,https://scholar.google.com/citations?user=1vwuDM4AAAAJ&hl=en,1vwuDM4AAAAJ,Georgia Institute of Technology,8780,"Cryptography, security, secure computation, zero knowledge proofs",https://www.cc.gatech.edu/~vlad/,Conditional encrypted mapping and comparing encrypted numbers,53,2006,https://scholar.google.com/citations?view_op=view_citation&hl=en&user=1vwuDM4AAAAJ&pagesize=50&citation_for_view=1vwuDM4AAAAJ:d1gkVwhDpl0C,"We consider the problem of comparing two encrypted numbers and its extension – transferring one of the two secrets, depending on the result of comparison. We show how to efficiently apply our solutions to practical settings, such as auctions with the semi-honest auctioneer, proxy selling, etc. We propose a new primitive, Conditional Encrypted Mapping, which captures common security properties of one round protocols in a variety of settings, which may be of independent interest."
Vladimir Kolesnikov,https://scholar.google.com/citations?user=1vwuDM4AAAAJ&hl=en,1vwuDM4AAAAJ,Georgia Institute of Technology,8780,"Cryptography, security, secure computation, zero knowledge proofs",https://www.cc.gatech.edu/~vlad/,"Covert security with public verifiability: Faster, leaner, and simpler",51,2019,https://scholar.google.com/citations?view_op=view_citation&hl=en&user=1vwuDM4AAAAJ&pagesize=50&citation_for_view=1vwuDM4AAAAJ:lmc2jWPfTJgC,"The notion of covert security for secure two-party computation serves as a compromise between the traditional semi-honest and malicious security definitions. Roughly, covert security ensures that cheating behavior is detected by the honest party with reasonable probability (say, 1/2). It provides more realistic guarantees than semi-honest security with significantly less overhead than is required by malicious security.The rationale for covert security is that it dissuades cheating by parties that care about their reputation and do not want to risk being caught. But a much stronger disincentive is obtained if the honest party can generate a publicly verifiable certificate when cheating is detected. While the corresponding notion of publicly verifiable covert (PVC) security has been explored, existing PVC protocols are complex and less efficient than the best covert protocols, and have impractically large certificates.We propose …"
Vladimir Kolesnikov,https://scholar.google.com/citations?user=1vwuDM4AAAAJ&hl=en,1vwuDM4AAAAJ,Georgia Institute of Technology,8780,"Cryptography, security, secure computation, zero knowledge proofs",https://www.cc.gatech.edu/~vlad/,"Geri-bell labs smart grid research focus: economic modeling, networking, and security & privacy",49,2010,https://scholar.google.com/citations?view_op=view_citation&hl=en&user=1vwuDM4AAAAJ&pagesize=50&citation_for_view=1vwuDM4AAAAJ:fQNAKQ3IYiAC,"In this paper, we outline the Grid 2.0 Research, a collaborative Smart Grid research program between Gachon Energy Research Institute (GERI) of Kyungwon University and Bell Labs of Alcatel-Lucent. Salient features of the Grid 2.0 Research are the active role of distributed fixed and mobile energy storage, distributed renewable energy sources, and active load-side participation. Our focus is not on the energy storage itself but rather on the supporting infrastructure including communication network, security, and economics of the Smart Grid. Grid 2.0 Research views the Smart Grid as an ecosystem. In this regard, we pay close attention to the components and systems which require significant fundamental advancement or systems which do not exist today, thus requiring innovative solutions or greater sophistication. In order to realize a functioning ecosystem, critical components and tools of the envisioned Smart …"
Vladimir Kolesnikov,https://scholar.google.com/citations?user=1vwuDM4AAAAJ&hl=en,1vwuDM4AAAAJ,Georgia Institute of Technology,8780,"Cryptography, security, secure computation, zero knowledge proofs",https://www.cc.gatech.edu/~vlad/,DUPLO: Unifying cut-and-choose for garbled circuits,48,2017,https://scholar.google.com/citations?view_op=view_citation&hl=en&user=1vwuDM4AAAAJ&pagesize=50&citation_for_view=1vwuDM4AAAAJ:uJ-U7cs_P_0C,"Cut-and-choose (CC) is the standard approach to making Yao's garbled circuit two-party computation (2PC) protocol secure against malicious adversaries. Traditional cut-and-choose operates at the level of entire circuits, whereas the LEGO paradigm (Nielsen & Orlandi, TCC 2009) achieves asymptotic improvements by performing cut-and-choose at the level of individual gates. In this work we propose a unified approach called DUPLO that spans the entire continuum between these two extremes. The cut-and-choose step in our protocol operates on the level of arbitrary circuit ""components,"" which can range in size from a single gate to the entire circuit itself. With this entire continuum of parameter values at our disposal, we find that the best way to scale 2PC to computations of realistic size is to use CC components of intermediate size, and not at the extremes. On computations requiring several millions of gates or …"
Vladimir Kolesnikov,https://scholar.google.com/citations?user=1vwuDM4AAAAJ&hl=en,1vwuDM4AAAAJ,Georgia Institute of Technology,8780,"Cryptography, security, secure computation, zero knowledge proofs",https://www.cc.gatech.edu/~vlad/,Stacked garbling: Garbled circuit proportional to longest execution path,46,2020,https://scholar.google.com/citations?view_op=view_citation&hl=en&user=1vwuDM4AAAAJ&pagesize=50&citation_for_view=1vwuDM4AAAAJ:_5tno0g5mFcC,"Secure two party computation (2PC) of arbitrary programs can be efficiently achieved using garbled circuits (GC). The bottleneck of GC efficiency is communication. It is widely believed that it is necessary to transmit the entire GC during 2PC, even for conditional branches that are not taken.This folklore belief is false.We propose a novel GC technique, stacked garbling, that eliminates the communication cost of inactive conditional branches. We extend the ideas of conditional GC evaluation explored in (Kolesnikov, Asiacrypt 18) and (Heath and Kolesnikov, Eurocrypt 20). Unlike these works, ours is for general 2PC where no player knows which conditional branch is taken.Our garbling scheme, \documentclass[12pt]{minimal} \usepackage{amsmath} \usepackage{wasysym} \usepackage{amsfonts} \usepackage{amssymb} \usepackage{amsbsy} \usepackage{mathrsfs} \usepackage{upgreek} \setlength …"
Vladimir Kolesnikov,https://scholar.google.com/citations?user=1vwuDM4AAAAJ&hl=en,1vwuDM4AAAAJ,Georgia Institute of Technology,8780,"Cryptography, security, secure computation, zero knowledge proofs",https://www.cc.gatech.edu/~vlad/,Method and apparatus for resilient end-to-end message protection for large-scale cyber-physical system communications,45,2015,https://scholar.google.com/citations?view_op=view_citation&hl=en&user=1vwuDM4AAAAJ&pagesize=50&citation_for_view=1vwuDM4AAAAJ:AXPGKjj_ei8C,"To address the security requirements for cyber-physical sys tems, embodiments of the present invention include a resilient end-to-end message protection framework, termed Resilient End-to End Message Protection or REMP, exploiting the notion of the long-term key that is given on per node basis. This long term key is assigned during the node authentication phase and is Subsequently used to derive encryption keys from a random number per-message sent. Compared with conventional Schemes, REMP improves privacy, message authentication, and key exposure, and without compromising scalability and end-to-end security. The tradeoff is a slight increase in computation time for message decryption and message authentication."
Vladimir Kolesnikov,https://scholar.google.com/citations?user=1vwuDM4AAAAJ&hl=en,1vwuDM4AAAAJ,Georgia Institute of Technology,8780,"Cryptography, security, secure computation, zero knowledge proofs",https://www.cc.gatech.edu/~vlad/,Efficient privacy-preserving classification of ECG signals,42,2009,https://scholar.google.com/citations?view_op=view_citation&hl=en&user=1vwuDM4AAAAJ&pagesize=50&citation_for_view=1vwuDM4AAAAJ:Tyk-4Ss8FVUC,"We describe a privacy-preserving system where a server can classify an electrocardiogram (ECG) signal without learning any information about the ECG signal and the client is prevented from gaining knowledge about the classification algorithm used by the server. The system relies on the concept of linear branching programs (LBP) and a recently proposed cryptographic protocol for secure evaluation of private LBPs. We study the trade-off between signal representation accuracy and system complexity both from practical and theoretical perspective. As a result, the inputs to the system are represented with the minimum number of bits ensuring the same classification accuracy of a plain implementation. We show how the overall system complexity can be strongly reduced by modifying the original ECG classification algorithm. Two alternatives of the underlying cryptographic protocol are implemented and their …"
Vladimir Kolesnikov,https://scholar.google.com/citations?user=1vwuDM4AAAAJ&hl=en,1vwuDM4AAAAJ,Georgia Institute of Technology,8780,"Cryptography, security, secure computation, zero knowledge proofs",https://www.cc.gatech.edu/~vlad/,On the limits of privacy provided by order-preserving encryption,41,2012,https://scholar.google.com/citations?view_op=view_citation&hl=en&user=1vwuDM4AAAAJ&pagesize=50&citation_for_view=1vwuDM4AAAAJ:D03iK_w7-QYC,"Much of the value of cloud services lies in leveraging client data, which often conflicts with the client's desire to keep that data private. Reconciling these contradictory requirements is an important research and engineering problem, whose efficient solution would have a far-reaching business impact. Generic theoretical approaches, such as fully-homomorphic encryption, are inefficient. Ad hoc approaches, such as order-preserving encryption (OPE), provide solutions to a limited class of problems (e.g., evaluating encrypted range queries). Security achieved in real systems, even if an “ideal OPE” is employed, is hard to evaluate, and is often only illusory, since the ability to order ciphertexts may reveal a lot about the underlying plaintexts. We concentrate on a typical application of OPE, encrypted searchable webmail service. We describe how the use of OPE in this setting may divulge information and discuss …"
Vladimir Kolesnikov,https://scholar.google.com/citations?user=1vwuDM4AAAAJ&hl=en,1vwuDM4AAAAJ,Georgia Institute of Technology,8780,"Cryptography, security, secure computation, zero knowledge proofs",https://www.cc.gatech.edu/~vlad/,A 2.1 KHz zero-knowledge processor with BubbleRAM,37,2020,https://scholar.google.com/citations?view_op=view_citation&hl=en&user=1vwuDM4AAAAJ&pagesize=50&citation_for_view=1vwuDM4AAAAJ:mlAyqtXpCwEC,"Zero-Knowledge (ZK) proofs (ZKP) are foundational in cryptography. Most recent ZK research focuses on non-interactive proofs (NIZK) of small statements, useful in blockchain scenarios. Another line, and our focus, instead targets proofs of large statements that are useful, e.g., in proving properties of programs in ZK. We specify a zero-knowledge processor that executes arbitrary programs written in a simple instruction set, and proves in ZK the correctness of the execution. Such an approach is well-suited for constructing ZK proofs of large statements as it efficiently supports complex programming constructs, such as loops and RAM access. Critically, we propose several novel ZK improvements that make our approach concretely efficient: (1) an efficient arithmetic representation with conversions to/from Boolean, (2) an efficient read-only memory that uses OTs per access, and (3) an efficient read-write memory, øurram, which uses …"
Vladimir Kolesnikov,https://scholar.google.com/citations?user=1vwuDM4AAAAJ&hl=en,1vwuDM4AAAAJ,Georgia Institute of Technology,8780,"Cryptography, security, secure computation, zero knowledge proofs",https://www.cc.gatech.edu/~vlad/,Scales: Mpc with small clients and larger ephemeral servers,36,2022,https://scholar.google.com/citations?view_op=view_citation&hl=en&user=1vwuDM4AAAAJ&pagesize=50&citation_for_view=1vwuDM4AAAAJ:Aul-kAQHnToC,"The recently proposed YOSO model is a groundbreaking approach to MPC, executable on a public blockchain, circumventing adaptive player corruption by hiding the corruption targets until they are worthless. Players are selected unpredictably from a large pool to perform MPC subtasks, in which each selected player sends a single message (and reveals their identity). While YOSO MPC has attractive asymptotic complexity, unfortunately, it is concretely prohibitively expensive due to the cost of its building blocks.We propose a modification to the YOSO model that preserves resilience to adaptive server corruption, but allows for much more efficient protocols. In SCALES (Small Clients And Larger Ephemeral Servers) only the servers facilitating the MPC computation are ephemeral (unpredictably selected and “speak once”). Input providers (clients) publish problem instance and collect the output, but do not otherwise …"
Vladimir Kolesnikov,https://scholar.google.com/citations?user=1vwuDM4AAAAJ&hl=en,1vwuDM4AAAAJ,Georgia Institute of Technology,8780,"Cryptography, security, secure computation, zero knowledge proofs",https://www.cc.gatech.edu/~vlad/,One hot garbling,36,2021,https://scholar.google.com/citations?view_op=view_citation&hl=en&user=1vwuDM4AAAAJ&pagesize=50&citation_for_view=1vwuDM4AAAAJ:ODE9OILHJdcC,"Garbled Circuit (GC) is the main practical 2PC technique, yet despite great interest in its performance, GC notoriously resists improvement. Essentially, we only know how to evaluate GC functions gate-by-gate using encrypted truth tables; given input labels, the GC evaluator decrypts the corresponding output label. Interactive protocols enjoy more sophisticated techniques. For example, we can expose to a party a (masked) private value. The party can then perform useful local computation and feed the resulting cleartext value back into the MPC. Such techniques are not known to work for GC. We show that it is, in fact, possible to improve GC efficiency, while keeping its round complexity, by exposing masked private values to the evaluator. %without introducing rounds of communication. Our improvements use garbled one-hot encodings of values. By using this encoding we improve a number of interesting functions …"
Vladimir Kolesnikov,https://scholar.google.com/citations?user=1vwuDM4AAAAJ&hl=en,1vwuDM4AAAAJ,Georgia Institute of Technology,8780,"Cryptography, security, secure computation, zero knowledge proofs",https://www.cc.gatech.edu/~vlad/,Zero knowledge for everything and everyone: Fast ZK processor with cached ORAM for ANSI C programs,36,2021,https://scholar.google.com/citations?view_op=view_citation&hl=en&user=1vwuDM4AAAAJ&pagesize=50&citation_for_view=1vwuDM4AAAAJ:yFnVuubrUp4C,"We build a complete and efficient ZK toolchain that handles proof statements encoded as arbitrary ANSI C programs.Zero-Knowledge (ZK) proofs are foundational in cryptography. Recent ZK research has focused intensely on non-interactive proofs of small statements, useful in blockchain scenarios. We instead target large statements that are useful, e.g., in proving properties of programs.Recent work (Heath and Kolesnikov, CCS 2020 [HK20a]) designed an efficient proof-of-concept ZK machine (ZKM). Their machine executes arbitrary programs over a minimal instruction set, authenticating in ZK the program execution. In this work, we significantly extend this research thrust, both in terms of efficiency and generality. Our contributions include:• A rich and performance-oriented architecture for representing arbitrary ZK proofs as programs.• A complete compiler toolchain providing full support for ANSI C95 programs …"
Vladimir Kolesnikov,https://scholar.google.com/citations?user=1vwuDM4AAAAJ&hl=en,1vwuDM4AAAAJ,Georgia Institute of Technology,8780,"Cryptography, security, secure computation, zero knowledge proofs",https://www.cc.gatech.edu/~vlad/,Public verifiability in the covert model (almost) for free,36,2015,https://scholar.google.com/citations?view_op=view_citation&hl=en&user=1vwuDM4AAAAJ&pagesize=50&citation_for_view=1vwuDM4AAAAJ:JoZmwDi-zQgC,"The covert security model (Aumann and Lindell, TCC 2007) offers an important security/efficiency trade-off: a covert player may arbitrarily cheat, but is caught with a certain fixed probability. This permits more efficient protocols than the malicious setting while still giving meaningful security guarantees. However, one drawback is that cheating cannot be proven to a third party, which prevents the use of covert protocols in many practical settings. Recently, Asharov and Orlandi (ASIACRYPT 2012) enhanced the covert model by allowing the honest player to generate a proof of cheating, checkable by any third party. Their model, which we call the PVC (publicly verifiable covert) model, offers a very compelling trade-off.Asharov and Orlandi (AO) propose a practical protocol in the PVC model, which, however, relies on a specific expensive oblivious transfer (OT) protocol incompatible with OT extension. In this work, we …"
Vladimir Kolesnikov,https://scholar.google.com/citations?user=1vwuDM4AAAAJ&hl=en,1vwuDM4AAAAJ,Georgia Institute of Technology,8780,"Cryptography, security, secure computation, zero knowledge proofs",https://www.cc.gatech.edu/~vlad/,Resilient end-to-end message protection for large-scale cyber-physical system communications,36,2012,https://scholar.google.com/citations?view_op=view_citation&hl=en&user=1vwuDM4AAAAJ&pagesize=50&citation_for_view=1vwuDM4AAAAJ:xtRiw3GOFMkC,"Essential features of cyber-physical systems such as Smart Grid are real-time analysis of high-resolution data, which a massive number of embedded devices periodically generate, and the effective and timely response to specific analytic results obtained from the data. Therefore, mission-critical data and control messages exchanged among machines in the cyber-physical systems must be strongly protected to prevent the infrastructures from becoming vulnerable. Specifically, the protection mechanism used must be scalable, secured from an end-to-end perspective, and key exposure resilient. Moreover, there may be privacy protection required among devices that generate data, e.g., smart metering. In this paper, we show that, for large-scale cyber-physical system communications, most well-known point-to-point security schemes such as IPsec [1], TLS [2], or SRTP [3] cannot meet the scalability, extensibility, and …"
Vladimir Kolesnikov,https://scholar.google.com/citations?user=1vwuDM4AAAAJ&hl=en,1vwuDM4AAAAJ,Georgia Institute of Technology,8780,"Cryptography, security, secure computation, zero knowledge proofs",https://www.cc.gatech.edu/~vlad/,How to Combine Homomorphic Encryption and Garbled Circuits Improved Circuits and Computing the Minimum Distance Efficiently,36,2009,https://scholar.google.com/citations?view_op=view_citation&hl=en&user=1vwuDM4AAAAJ&pagesize=50&citation_for_view=1vwuDM4AAAAJ:0EnyYjriUFMC,
Vladimir Kolesnikov,https://scholar.google.com/citations?user=1vwuDM4AAAAJ&hl=en,1vwuDM4AAAAJ,Georgia Institute of Technology,8780,"Cryptography, security, secure computation, zero knowledge proofs",https://www.cc.gatech.edu/~vlad/,Using clamping to modify scrolling,34,2019,https://scholar.google.com/citations?view_op=view_citation&hl=en&user=1vwuDM4AAAAJ&pagesize=50&citation_for_view=1vwuDM4AAAAJ:BwyfMAYsbu0C,"In one embodiment, a method includes providing for display to a user content including multiple content objects that each has a boundary defining a two-dimensional area. A two dimensional scroll region for user scrolling within the con tent is determined. The two-dimensional scroll region is independent of the two-dimensional areas of the content objects. User input to scroll within the content in one or both of the two dimensions across one or more of the boundaries is received. The method includes scrolling within the content according to the user input, the scrolling being continuous across the boundaries."
Vladimir Kolesnikov,https://scholar.google.com/citations?user=1vwuDM4AAAAJ&hl=en,1vwuDM4AAAAJ,Georgia Institute of Technology,8780,"Cryptography, security, secure computation, zero knowledge proofs",https://www.cc.gatech.edu/~vlad/,Swim: Secure wildcard pattern matching from ot extension,34,2018,https://scholar.google.com/citations?view_op=view_citation&hl=en&user=1vwuDM4AAAAJ&pagesize=50&citation_for_view=1vwuDM4AAAAJ:Z5m8FVwuT1cC,"Suppose a server holds a long text string and a receiver holds a short pattern string. Secure pattern matching allows the receiver to learn the locations in the long text where the pattern appears, while leaking nothing else to either party besides the length of their inputs. In this work we consider secure wildcard pattern matching (WPM), where the receiver’s pattern is allowed to contain wildcards that match to any character.We present SWiM, a simple and fast protocol for WPM that is heavily based on oblivious transfer (OT) extension. As such, the protocol requires only a small constant number of public-key operations and otherwise uses only very fast symmetric-key primitives. SWiM is secure against semi-honest adversaries. We implemented a prototype of our protocol to demonstrate its practicality. We can perform WPM on a DNA text (4-character alphabet) of length \documentclass[12pt]{minimal} \usepackage …"
Vladimir Kolesnikov,https://scholar.google.com/citations?user=1vwuDM4AAAAJ&hl=en,1vwuDM4AAAAJ,Georgia Institute of Technology,8780,"Cryptography, security, secure computation, zero knowledge proofs",https://www.cc.gatech.edu/~vlad/,Method and apparatus for a scalable and secure transport protocol for sensor data collection,34,2015,https://scholar.google.com/citations?view_op=view_citation&hl=en&user=1vwuDM4AAAAJ&pagesize=50&citation_for_view=1vwuDM4AAAAJ:P5F9QuxV20EC,"(57) ABSTRACT A new approach for a transport protocol for sensor data col lection, Such as a Smart grid is described. In one embodiment of the invention, each server avoids keeping security and communication state per client through the notion of a secure“state-token'. The state token is issued with each server mes sage and is Subsequently attached to corresponding client messages delivered to the server. An implementation is pro vided in which the server encrypts and authenticates the asso ciated session state, and then gives the resulting encryption for the client to temporarily store and return to the server with a next message. In this way, a server does not keep session state after sending the encryption back to a client and can quickly restore session state when the next message from the client arrives."
Vladimir Kolesnikov,https://scholar.google.com/citations?user=1vwuDM4AAAAJ&hl=en,1vwuDM4AAAAJ,Georgia Institute of Technology,8780,"Cryptography, security, secure computation, zero knowledge proofs",https://www.cc.gatech.edu/~vlad/,Secure private database querying system with content hiding bloom filters,33,2017,https://scholar.google.com/citations?view_op=view_citation&hl=en&user=1vwuDM4AAAAJ&pagesize=50&citation_for_view=1vwuDM4AAAAJ:HE397vMXCloC,"Secure Anonymous Database Searching has been employed when different parties possess data of mutual interest. See, for example, M. Raykova et al.,“Secure Anonymous Database Search. Cloud Computing Security Workshop (CCSW)(Nov. 2009); and V. Pappas et al.,“Private Search in the Real World, Proc. of the 27th Annual Computer Security Applications Conference (ACSAC)(Dec. 2011). Generally, secure anonymous database search ing techniques allow a client to search information residing on a server without revealing the identity of the client or the content of the query to the server. At the same time, the server is protected in that the query capability is only granted to authorized clients and the clients do not learn anything unrelated to the query. In one exemplary implementation, the server S encrypts the database with a separate key for each entry and provides the encrypted database to an index server …"
Vladimir Kolesnikov,https://scholar.google.com/citations?user=1vwuDM4AAAAJ&hl=en,1vwuDM4AAAAJ,Georgia Institute of Technology,8780,"Cryptography, security, secure computation, zero knowledge proofs",https://www.cc.gatech.edu/~vlad/,MAC aggregation resilient to DoS attacks,33,2011,https://scholar.google.com/citations?view_op=view_citation&hl=en&user=1vwuDM4AAAAJ&pagesize=50&citation_for_view=1vwuDM4AAAAJ:maZDTaKrznsC,"In today's and future building management systems, scores of cheap low-power sensors report measurements, such as temperature, electricity consumption and other parameters, to a control node. To save power and reduce deployment costs, it is often the case that data is sent wirelessly, and sensors serve as relay nodes that retransmit messages from other, more remote sensors. To prevent en route accidental and malicious data corruption, each message is authenticated with a MAC (Message Authentication Code), keyed with a key known to the generating sensor and the control node. Because transmission channel capacity is often small, MACs represent a significant overhead. Indeed, a typical 128-bit MAC is as much as an order of magnitude larger than the data it authenticates a temperature or consumption reading, even with a timestamp, can be stored in 10-15 bits. To mitigate these overheads, methods to …"
Vladimir Kolesnikov,https://scholar.google.com/citations?user=1vwuDM4AAAAJ&hl=en,1vwuDM4AAAAJ,Georgia Institute of Technology,8780,"Cryptography, security, secure computation, zero knowledge proofs",https://www.cc.gatech.edu/~vlad/,Resilient end-to-end message protection for cyber-physical system communications,31,2016,https://scholar.google.com/citations?view_op=view_citation&hl=en&user=1vwuDM4AAAAJ&pagesize=50&citation_for_view=1vwuDM4AAAAJ:oNZyr7d5Mn4C,"Cyber-physical system (CPS) communications for safely and effectively operating a mission-critical infrastructure must be securely protected to prevent the infrastructure from becoming vulnerable. The protection scheme used must be resilient and light-weighted for CPS field devices having constrained computing and communicating resources, and also scalable for control servers associating with a large number of the field devices. In addition, CPS applications such as smart metering require end-to-end privacy protection. However, as shown in this paper, none of conventional security schemes comprehensively meets the above requirements; group security schemes scale well for a massive number of devices but are weak in terms of privacy protection and resilience; point-to-point security schemes such as IPsec inherently have resilience but are limited to address scalability and thinness requirements. Motivated …"
Shamkant B Navathe,https://scholar.google.com/citations?user=_Z12v2IAAAAJ&hl=en,_Z12v2IAAAAJ,"Professor of Computer Science, Georgia Institute of Technology",34624,Database Systems,Homepage not specified,Fundamentals of database systems,10520,2008,https://scholar.google.com/citations?view_op=view_citation&hl=en&user=_Z12v2IAAAAJ&pagesize=50&citation_for_view=_Z12v2IAAAAJ:FGlqWXlxCNkC,"T his book introduces the fundamental concepts necessary for designing, using, and implementing database systems and applications. Our presentation stresses the fundamentals of database modeling and design, the languages and facilities provided by the database management systems, and system implementation techniques. The book is meant to be used as a textbook for a one-or two-semester course in database systems at the junior, senior, or graduate level, and as a reference book. We assume that readers are familiar with elementary programming and data-structuring concepts and that they have had some exposure to the basics of computer organization.We start in Part 1 with an introduction and a presentation of the basic concepts and terminology, and database conceptual modeling principles. We conclude in Parts 7 and 8 with an introduction to emerging technologies, such as data mining, XML, security, and Web databases. Along the way-in Parts 2 through 6-we provide an in-depth treatment of the most important aspects of database fundamentals."
Shamkant B Navathe,https://scholar.google.com/citations?user=_Z12v2IAAAAJ&hl=en,_Z12v2IAAAAJ,"Professor of Computer Science, Georgia Institute of Technology",34624,Database Systems,Homepage not specified,An E cient Algorithm for Mining Association Rules in Large Databases,3086,1995,https://scholar.google.com/citations?view_op=view_citation&hl=en&user=_Z12v2IAAAAJ&pagesize=50&citation_for_view=_Z12v2IAAAAJ:u-x6o8ySG0sC,"Mining for association rules between items in a large database of sales transactions has been described as an important database mining problem. In this paper we present an e cient algorithm for mining association rules that is fundamentally di erent from known algorithms. Compared to the previous algorithms, our algorithm reduces both CPU and I/O overheads. In our experimental study it was found that for large databases, the CPU overhead was reduced by as much as a factor of seven and I/O was reduced by almost an order of magnitude. Hence this algorithm is especially suitable for very large size databases. The algorithm is also ideally suited for parallelization. We have performed extensive experiments and compared the performance of the algorithm with one of the best existing algorithms."
Shamkant B Navathe,https://scholar.google.com/citations?user=_Z12v2IAAAAJ&hl=en,_Z12v2IAAAAJ,"Professor of Computer Science, Georgia Institute of Technology",34624,Database Systems,Homepage not specified,A comparative analysis of methodologies for database schema integration,2970,1986,https://scholar.google.com/citations?view_op=view_citation&hl=en&user=_Z12v2IAAAAJ&pagesize=50&citation_for_view=_Z12v2IAAAAJ:u5HHmVD_uO8C,"One of the fundamental principles of the database approach is that a database allows a nonredundant, unified representation of all data managed in an organization. This is achieved only when methodologies are available to support integration across organizational and application boundaries. Methodologies for database design usually perform the design activity by separately producing several schemas, representing parts of the application, which are subsequently merged. Database schema integration is the activity of integrating the schemas of existing or proposed databases into a global, unified schema. The aim of the paper is to provide first a unifying framework for the problem of schema integration, then a comparative review of the work done thus far in this area. Such a framework, with the associated analysis of the existing approaches, provides a basis for identifying strengths and weaknesses of …"
Shamkant B Navathe,https://scholar.google.com/citations?user=_Z12v2IAAAAJ&hl=en,_Z12v2IAAAAJ,"Professor of Computer Science, Georgia Institute of Technology",34624,Database Systems,Homepage not specified,Conceptual database design: an entity-relationship approach,2123,1991,https://scholar.google.com/citations?view_op=view_citation&hl=en&user=_Z12v2IAAAAJ&pagesize=50&citation_for_view=_Z12v2IAAAAJ:d1gkVwhDpl0C,"Conceptual database design | Guide books skip to main content ACM Digital Library home ACM Association for Computing Machinery corporate logo Premium Edition acm open access logo FELD M GmbH Sign in Register Advanced Search Journals Magazines Proceedings Books SIGs Conferences Institutions People More SearchSearch Search ACM Digital Library SearchSearch Advanced Search Browse Browse Digital Library Collections More Export Citations Select Citation format Please download or close your previous search result export first before starting a new bulk export. Preview is not available. By clicking download,a status dialog will open to start the export process. The process may takea few minutes but once it finishes a file will be downloadable from your browser. You may continue to browse the DL while the export process is in progress. Download citation Copy citation Conceptual database …"
Shamkant B Navathe,https://scholar.google.com/citations?user=_Z12v2IAAAAJ&hl=en,_Z12v2IAAAAJ,"Professor of Computer Science, Georgia Institute of Technology",34624,Database Systems,Homepage not specified,Sistemas de banco de dados,1041,2005,https://scholar.google.com/citations?view_op=view_citation&hl=en&user=_Z12v2IAAAAJ&pagesize=50&citation_for_view=_Z12v2IAAAAJ:UeHWp8X0CEIC,"Este livro introduz os conceitos fundamentais necessários para projetar, usar e implementar os sistemas de banco de dados e suas aplicações. Nossas apresentações abordam com profundidade os fundamentos da modelagem e projeto de bancos de dados, suas linguagens e as funcionalidades dos sistemas de gerenciamento de bancos de dados e as técnicas de implementação desses sistemas. O livro foi projetado para ser usado como um livro-texto para os cursos de um ou dois semestres em sistemas de banco de dados nos níveis introdutório, avançado, de graduação ou de pós-graduação, e como um livro de referência. Pressupomos que os leitores estejam familiarizados com a programação elementar e com os conceitos de estruturação de dados, e que tenham tido algum contato com a organização básica de computadores."
Shamkant B Navathe,https://scholar.google.com/citations?user=_Z12v2IAAAAJ&hl=en,_Z12v2IAAAAJ,"Professor of Computer Science, Georgia Institute of Technology",34624,Database Systems,Homepage not specified,Vertical partitioning algorithms for database design,693,1984,https://scholar.google.com/citations?view_op=view_citation&hl=en&user=_Z12v2IAAAAJ&pagesize=50&citation_for_view=_Z12v2IAAAAJ:2osOgNQ5qMEC,"This paper addresses the vertical partitioning of a set of logical records or a relation into fragments. The rationale behind vertical partitioning is to produce fragments, groups of attribute columns, that “closely match” the requirements of transactions. Vertical partitioning is applied in three contexts: a database stored on devices of a single type, a database stored in different memory levels, and a distributed database. In a two-level memory hierarchy, most transactions should be processed using the fragments in primary memory. In distributed databases, fragment allocation should maximize the amount of local transaction processing. Fragments may be nonoverlapping or overlapping. A two-phase approach for the determination of fragments is proposed; in the first phase, the design is driven by empirical objective functions which do not require specific cost information. The second phase performs cost optimization by …"
Shamkant B Navathe,https://scholar.google.com/citations?user=_Z12v2IAAAAJ&hl=en,_Z12v2IAAAAJ,"Professor of Computer Science, Georgia Institute of Technology",34624,Database Systems,Homepage not specified,MITOMAP: a human mitochondrial genome database—2004 update,579,2005,https://scholar.google.com/citations?view_op=view_citation&hl=en&user=_Z12v2IAAAAJ&pagesize=50&citation_for_view=_Z12v2IAAAAJ:Tyk-4Ss8FVUC,"MITOMAP ( http://www.MITOMAP.org ), a database for the human mitochondrial genome, has grown rapidly in data content over the past several years as interest in the role of mitochondrial DNA (mtDNA) variation in human origins, forensics, degenerative diseases, cancer and aging has increased dramatically. To accommodate this information explosion, MITOMAP has implemented a new relational database and an improved search engine, and all programs have been rewritten. System administrative changes have been made to improve security and efficiency, and to make MITOMAP compatible with a new automatic mtDNA sequence analyzer known as Mitomaster."
Shamkant B Navathe,https://scholar.google.com/citations?user=_Z12v2IAAAAJ&hl=en,_Z12v2IAAAAJ,"Professor of Computer Science, Georgia Institute of Technology",34624,Database Systems,Homepage not specified,A theory of attributed equivalence in databases with application to schema integration,574,2002,https://scholar.google.com/citations?view_op=view_citation&hl=en&user=_Z12v2IAAAAJ&pagesize=50&citation_for_view=_Z12v2IAAAAJ:9yKSN-GCB0IC,"The authors present a common foundation for integrating pairs of entity sets, pairs of relationship sets, and an entity set with a relationship set. This common foundation is based on the basic principle of integrating attributes. Any pair of objects whose identifying attributes can be integrated can themselves be integrated. Several definitions of attribute equivalence are presented. These definitions can be used to specify the exact nature of the relationship between a pair of attributes. Based on these definitions, several strategies for attribute integration are presented and evaluated.<>"
Shamkant B Navathe,https://scholar.google.com/citations?user=_Z12v2IAAAAJ&hl=en,_Z12v2IAAAAJ,"Professor of Computer Science, Georgia Institute of Technology",34624,Database Systems,Homepage not specified,Fundamentos de sistemas de bases de datos,503,2007,https://scholar.google.com/citations?view_op=view_citation&hl=en&user=_Z12v2IAAAAJ&pagesize=50&citation_for_view=_Z12v2IAAAAJ:5nxA0vEk-isC,"OBJETIVOSUn administrador de bases de datos cumple una misión crucial: conseguir que la base de datos funcione correctamente y de forma óptima, debiendo responder a la aparición de problemas y, si es posible, adelantarse a ellos.En este curso se pretende que el alumno adquiera los conocimientos y habilidades que le permitan desarrollar esta tarea de forma eficiente. Se estudiará la arquitectura de una base de datos, su funcionamiento (integridad de los datos, accesos concurrentes, transacciones, copias de seguridad), la seguridad en el acceso, y la forma de evaluar el rendimiento de la base datos, y cómo afinarla."
Shamkant B Navathe,https://scholar.google.com/citations?user=_Z12v2IAAAAJ&hl=en,_Z12v2IAAAAJ,"Professor of Computer Science, Georgia Institute of Technology",34624,Database Systems,Homepage not specified,Mining for strong negative associations in a large database of customer transactions,485,1998,https://scholar.google.com/citations?view_op=view_citation&hl=en&user=_Z12v2IAAAAJ&pagesize=50&citation_for_view=_Z12v2IAAAAJ:qjMakFHDy7sC,Mining for association rules is considered an important data mining problem. Many different variations of this problem have been described in the literature. We introduce the problem of mining for negative associations. A naive approach to finding negative associations leads to a very large number of rules with low interest measures. We address this problem by combining previously discovered positive associations with domain knowledge to constrain the search space such that fewer but more interesting negative rules are mined. We describe an algorithm that efficiently finds all such negative associations and present the experimental results.
Shamkant B Navathe,https://scholar.google.com/citations?user=_Z12v2IAAAAJ&hl=en,_Z12v2IAAAAJ,"Professor of Computer Science, Georgia Institute of Technology",34624,Database Systems,Homepage not specified,Vertical partitioning for database design: a graphical algorithm,373,1989,https://scholar.google.com/citations?view_op=view_citation&hl=en&user=_Z12v2IAAAAJ&pagesize=50&citation_for_view=_Z12v2IAAAAJ:Y0pCki6q_DkC,"Vertical partitioning is the process of subdividing the attributes of a relation or a record type, creating fragments. Previous approaches have used an iterative binary partitioning method which is based on clustering algorithms and mathematical cost functions. In this paper, however, we propose a new vertical partitioning algorithm using a graphical technique. This algorithm starts from the attribute affinity matrix by considering it as a complete graph. Then, forming a linearly connected spanning tree, it generates all meaningful fragments simultaneously by considering a cycle as a fragment. We show its computational superiority. It provides a cleaner alternative without arbitrary objective functions and provides an improvement over our previous work on vertical partitioning."
Shamkant B Navathe,https://scholar.google.com/citations?user=_Z12v2IAAAAJ&hl=en,_Z12v2IAAAAJ,"Professor of Computer Science, Georgia Institute of Technology",34624,Database Systems,Homepage not specified,Integrating user views in database design,365,1986,https://scholar.google.com/citations?view_op=view_citation&hl=en&user=_Z12v2IAAAAJ&pagesize=50&citation_for_view=_Z12v2IAAAAJ:zYLM7Y9cAGgC,"We feel that view integration can be accomplished only with interactive design tools and a continuous dialog with the designer. Integration is thus somewhat subjective, with the de-% snerhelping to resolve semantic con-fIl. The main goal in view integrationl aid the designer in identifying possiblays of integration and to help him resolve inconsistencies while working with large, real-life problems. The best mode of operation is an in-teractive design tool environment in which the system is strictlyanaid. The Incod system2 is an example ofsuch an environment."
Shamkant B Navathe,https://scholar.google.com/citations?user=_Z12v2IAAAAJ&hl=en,_Z12v2IAAAAJ,"Professor of Computer Science, Georgia Institute of Technology",34624,Database Systems,Homepage not specified,Database synchronization and organization system and method,346,2001,https://scholar.google.com/citations?view_op=view_citation&hl=en&user=_Z12v2IAAAAJ&pagesize=50&citation_for_view=_Z12v2IAAAAJ:LkGwnXOMwfcC,"5,276,901 1/1994 Howell et al............................ 707? o system. When a client computer System accesses the server, 5,490.270* 2/1996 Devarakonda et al. 707/201 the client computer System sends changes made to its local 5,491,820 2/1996 Belove et al............................ 707/3 database to the Sever. The Server updates its database with 5,551,027* 8/1996 Choy et al.... 707/201 these changes. After making the updates to its database, the 5,574,904 11/1996 Yunoki et al..... 707/4 Server determines which groups share in the changes made, 5,630,124* 5/1997 Coyle, Jr. et al..... 707/103 and creates modification files for these groups. The clients s:: 6.9. GE--------2E3. download the modification files for the groups to which they"
Shamkant B Navathe,https://scholar.google.com/citations?user=_Z12v2IAAAAJ&hl=en,_Z12v2IAAAAJ,"Professor of Computer Science, Georgia Institute of Technology",34624,Database Systems,Homepage not specified,A temporal relational model and a query language,337,1989,https://scholar.google.com/citations?view_op=view_citation&hl=en&user=_Z12v2IAAAAJ&pagesize=50&citation_for_view=_Z12v2IAAAAJ:IjCSPb-OGe4C,"This paper proposes an extension of the relational data model for incorporating temporal semantics of the real world into a database. In this temporal relational model (TRM), the attributes are categorized as synchronous and asynchronous. This categorization leads to the notions of temporal dependency and time normal form. The imposition of time normal form avoids redundancy and retrieval and update anomalies. New relational algebra operations for this model are also discussed. A temporal query language called tsql, which is a superset of sql, has been proposed to retrieve information from time-varying relations. tsql has several new features, which provide extremely powerful query processing capabilities for time-varying relations. The model and the language have numerous applications, where data in their historical form are important."
Shamkant B Navathe,https://scholar.google.com/citations?user=_Z12v2IAAAAJ&hl=en,_Z12v2IAAAAJ,"Professor of Computer Science, Georgia Institute of Technology",34624,Database Systems,Homepage not specified,MITOMAP: a human mitochondrial genome database,294,1996,https://scholar.google.com/citations?view_op=view_citation&hl=en&user=_Z12v2IAAAAJ&pagesize=50&citation_for_view=_Z12v2IAAAAJ:_kc_bZDykSQC,"We have developed a comprehensive database (MITOMAP) for the human mitochondrial DNA (mtDNA), the first component of the human genome to be completely sequenced [Anderson et al. (1981) Nature 290, 457–465]. MITOMAP uses the mtDNA sequence as the unifying element for bringing together information on mitochondrial genome structure and function, pathogenic mutations and their clinical characteristics, population associated variation, and gene-gene interactions. As increasingly larger regions of the human genome are sequenced and characterized, the need for integrating such information will grow. Consequently, MITOMAP not only provides a valuable reference for the mitochondrial biologist, it may also provide a model for the development of information storage and retrieval systems for other components of the human genome."
Shamkant B Navathe,https://scholar.google.com/citations?user=_Z12v2IAAAAJ&hl=en,_Z12v2IAAAAJ,"Professor of Computer Science, Georgia Institute of Technology",34624,Database Systems,Homepage not specified,Evolution of data modeling for databases,286,1992,https://scholar.google.com/citations?view_op=view_citation&hl=en&user=_Z12v2IAAAAJ&pagesize=50&citation_for_view=_Z12v2IAAAAJ:YsMSGLbcyi4C,"e discipline of data modeling initially became established because it provided way for specifying the structures of data* in actual file systems followed by~ atabase management systems (DBMSs). This led to the introduction of the network and the hierarchical models in the 1960s exemplified by the DBMSs called Integrated Data Store (IDS) of Honeywell (network model) and Information Management System (IMS) of IBM (hierarchical model). The relational model was then proposed as a mathematical basis for the analysis and modeling of data [16], providing data independence and addressing a variety of problems related to databases. It also provided a way for addressing redundancy as well as estimating the goodness of database structures in a formal way. The relational model made it possible to deal with integrity constraints, security schemes, distribution of data, and replication of data which could not be …"
Shamkant B Navathe,https://scholar.google.com/citations?user=_Z12v2IAAAAJ&hl=en,_Z12v2IAAAAJ,"Professor of Computer Science, Georgia Institute of Technology",34624,Database Systems,Homepage not specified,"Fundamentals of database systems, Redwood City",272,1994,https://scholar.google.com/citations?view_op=view_citation&hl=en&user=_Z12v2IAAAAJ&pagesize=50&citation_for_view=_Z12v2IAAAAJ:6H908wyzF9cC,
Shamkant B Navathe,https://scholar.google.com/citations?user=_Z12v2IAAAAJ&hl=en,_Z12v2IAAAAJ,"Professor of Computer Science, Georgia Institute of Technology",34624,Database Systems,Homepage not specified,Fundamentals Af Database Systems,258,1998,https://scholar.google.com/citations?view_op=view_citation&hl=en&user=_Z12v2IAAAAJ&pagesize=50&citation_for_view=_Z12v2IAAAAJ:hCrLmN-GePgC,
Shamkant B Navathe,https://scholar.google.com/citations?user=_Z12v2IAAAAJ&hl=en,_Z12v2IAAAAJ,"Professor of Computer Science, Georgia Institute of Technology",34624,Database Systems,Homepage not specified,Distribution design of logical database schemas,233,2006,https://scholar.google.com/citations?view_op=view_citation&hl=en&user=_Z12v2IAAAAJ&pagesize=50&citation_for_view=_Z12v2IAAAAJ:W7OEmFMy1HYC,"The optimal distribution of a database schema over a number of sites in a distributed network is considered. The database is modeled in terms of objects (relations or record sets) and links (predefined joins or CODASYL sets). The design is driven by user-supplied information about data distribution. The inputs required by the optimization model are: 1) cardinality and size information about objects and links, 2) a set of candidate horizontal partitions of relations into fragments and the allocations of the fragments, and 3) the specification of all important transactions, their frequencies, and their sites of origin."
Shamkant B Navathe,https://scholar.google.com/citations?user=_Z12v2IAAAAJ&hl=en,_Z12v2IAAAAJ,"Professor of Computer Science, Georgia Institute of Technology",34624,Database Systems,Homepage not specified,Sistemas de bases de datos: conceptos fundamentales,220,1997,https://scholar.google.com/citations?view_op=view_citation&hl=en&user=_Z12v2IAAAAJ&pagesize=50&citation_for_view=_Z12v2IAAAAJ:3eo-xq64HD0C,"Description: Sistemas de bases de datos : conceptos fundamentales / Skip to content SIDALC SIDALC SIDALC Home About SIDALC 0 items Language English Español Français Português (Brasil) Login Donate Find Advanced Search Options Browse Alphabetically Browse the Catalog Explore Channels New Items Search Tips Ask a Librarian Frequently asked questions and answers Search History Total resources 3919891 Full text 3820152 Partners 131 Libraries 173 Countries 31 Sistemas de bases de datos : c... Cite this Print Export Record Export to RefWorks Export to EndNoteWeb Export to EndNote Export to BibTeX Export to RIS Share Save to List Permanent link Request Physical Resource Sistemas de bases de datos : conceptos fundamentales / Sistemas de bases de datos : conceptos fundamentales / Saved in: Bibliographic Details Main Authors: Elmasri, Ramez 4147, Navathe, Shamkant 9489 Format: …"
Shamkant B Navathe,https://scholar.google.com/citations?user=_Z12v2IAAAAJ&hl=en,_Z12v2IAAAAJ,"Professor of Computer Science, Georgia Institute of Technology",34624,Database Systems,Homepage not specified,Hospital readmission and social risk factors identified from physician notes,207,2018,https://scholar.google.com/citations?view_op=view_citation&hl=en&user=_Z12v2IAAAAJ&pagesize=50&citation_for_view=_Z12v2IAAAAJ:bFFifWiqnPAC,"Objective To evaluate the prevalence of seven social factors using physician notes as compared to claims and structured electronic health records (EHRs) data and the resulting association with 30‐day readmissions. Study Setting A multihospital academic health system in southeastern Massachusetts. Study Design An observational study of 49,319 patients with cardiovascular disease admitted from January 1, 2011, to December 31, 2013, using multivariable logistic regression to adjust for patient characteristics. Data Collection/Extraction Methods All‐payer claims, EHR data, and physician notes extracted from a centralized clinical registry. Principal Findings All seven social characteristics were identified at the highest rates in physician notes. For example, we identified 14,872 patient admissions with poor social support in physician notes, increasing the prevalence from 0.4 percent using ICD‐9 codes and …"
Shamkant B Navathe,https://scholar.google.com/citations?user=_Z12v2IAAAAJ&hl=en,_Z12v2IAAAAJ,"Professor of Computer Science, Georgia Institute of Technology",34624,Database Systems,Homepage not specified,"C-FAR, change favorable representation",190,2000,https://scholar.google.com/citations?view_op=view_citation&hl=en&user=_Z12v2IAAAAJ&pagesize=50&citation_for_view=_Z12v2IAAAAJ:RHpTSmoSYBkC,"In this paper, a methodology called Change Favorable Representation (C-FAR) is presented and explored. This methodology uses existing product data information to capture possible change consequences to a product. C-FAR uses this existing product information model to facilitate change representation, propagation, and qualitative evaluation. The information model schema's main elements are entities, relations among entities, and attributes that describe the entities. C-FAR facilitates change and change evaluation at the attribute level. C-FAR has been evaluated using case studies in structural analysis bumper design, injection molding and printed wiring board thermal analysis. Results show that C-FAR is capable of representing change and provides a reasonable qualitative evaluation of the change consequences."
Shamkant B Navathe,https://scholar.google.com/citations?user=_Z12v2IAAAAJ&hl=en,_Z12v2IAAAAJ,"Professor of Computer Science, Georgia Institute of Technology",34624,Database Systems,Homepage not specified,MITOMAP: a human mitochondrial genome database—1998 update,185,1998,https://scholar.google.com/citations?view_op=view_citation&hl=en&user=_Z12v2IAAAAJ&pagesize=50&citation_for_view=_Z12v2IAAAAJ:eQOLeE2rZwMC,"We have continued to develop MITOMAP ( http://www.gen.emory.edu/MITOMAP ), a comprehensive database for the human mitochondrial DNA (mtDNA). MITOMAP uses the mtDNA sequence as the unifying element for bringing together information on mitochondrial genome structure and function, pathogenic mutations and their clinical characteristics, population associated variation, and gene-gene interactions. Over the past year we have increased the degree of interlinking of MITOMAP information available on the web page, by using our generalized information management system, GENOME. As increasingly larger regions of the human genome are sequenced and characterized, the need for integrating such information is growing. Consequently, MITOMAP and GENOME provide a valuable reference for the mitochondrial biologist, in addition to being a model for the development of …"
Shamkant B Navathe,https://scholar.google.com/citations?user=_Z12v2IAAAAJ&hl=en,_Z12v2IAAAAJ,"Professor of Computer Science, Georgia Institute of Technology",34624,Database Systems,Homepage not specified,"Database systems: models, languages, design, and application programming",176,2006,https://scholar.google.com/citations?view_op=view_citation&hl=en&user=_Z12v2IAAAAJ&pagesize=50&citation_for_view=_Z12v2IAAAAJ:ClCfbGk0d_YC,""" Fundamentals of"""" DATABASE SYSTEMS,"" Fifth Edition Ramez Elmasri,"" University of Texas at Arlington"" Shamkant B. Navathe,"" Georgia Institute of Technology"" ISBN 0-321-36957-2"" Fundamentals of Database Systems"" is a leading example of a database text that approaches the subject from the technical, rather than the business perspective. It offers instructors more than enough material to choose from as they seek to balance coverage of theoretical with practical material, design with programming, application concerns with implementation issues, and items of historical interest with a view of cutting edge topics.""""""-Henry A. Etlinger, Rochester Institute of Technology"""""""""" This is an outstanding, up-to-date database book, appropriate for both undergraduate and graduate courses. It contains good examples, and clearly describes how to design good, operable databases as well as retrieve and manipulate data from an existing database.""""""-Peter Ng, The University of Texas-Pan American"""""" With clear explanations of theory and design, broad coverage of models and real systems, and an up-to-date introduction to modern database technologies, Elmasri and Navathe's text continues to be the leading introduction to database systems. Current, practical examples keep readers engaged while new end-of-chapter exercises and a new lab manual provide hands-on experience building database applications with modern technologies like Oracle (R), MySQL (R), and SQLServer (R). This Fifth Edition stays fresh with coverage of the latest, most popular database topics, including: Mobile databases, GIS and Genome Databases under emerging …"
Shamkant B Navathe,https://scholar.google.com/citations?user=_Z12v2IAAAAJ&hl=en,_Z12v2IAAAAJ,"Professor of Computer Science, Georgia Institute of Technology",34624,Database Systems,Homepage not specified,Efficient data allocation over multiple channels at broadcast servers,169,2002,https://scholar.google.com/citations?view_op=view_citation&hl=en&user=_Z12v2IAAAAJ&pagesize=50&citation_for_view=_Z12v2IAAAAJ:8k81kl-MbHgC,"Broadcast is a scalable way of disseminating data because broadcasting an item satisfies all outstanding client requests for it. However, because the transmission medium is shared, individual requests may have high response times. In this paper, we show how to minimize the average response time given multiple broadcast channels by optimally partitioning data among them. We also offer an approximation algorithm that is less complex than the optimal and show that its performance is near-optimal for a wide range of parameters. Finally, we briefly discuss the extensibility of our work with two simple, yet seldom researched extensions, namely, handling varying sized items and generating single channel schedules."
Shamkant B Navathe,https://scholar.google.com/citations?user=_Z12v2IAAAAJ&hl=en,_Z12v2IAAAAJ,"Professor of Computer Science, Georgia Institute of Technology",34624,Database Systems,Homepage not specified,A tool for integrating conceptual schemas and user views,168,1988,https://scholar.google.com/citations?view_op=view_citation&hl=en&user=_Z12v2IAAAAJ&pagesize=50&citation_for_view=_Z12v2IAAAAJ:_FxGoFyzp5QC,"Schena integration is important in two contexts, logical database design (in centralized DBMS) and global schema design (in distributed DBMS). Performing an integration on real-life schemas without a tool can be very difficult, tedious and error prone. We have developed an interactive tool to assist database designers and administrators (DDA) in integrating schemas. It collects the infor-mation required for integration from a DDA, performs essential bookkeeping, and integrates schemas according to the semantics provided. This paper presents the capabilities of this tool by discussing the integration methodology and the user interface of the tool."
Shamkant B Navathe,https://scholar.google.com/citations?user=_Z12v2IAAAAJ&hl=en,_Z12v2IAAAAJ,"Professor of Computer Science, Georgia Institute of Technology",34624,Database Systems,Homepage not specified,Managing vulnerabilities of information systems to security incidents,153,2003,https://scholar.google.com/citations?view_op=view_citation&hl=en&user=_Z12v2IAAAAJ&pagesize=50&citation_for_view=_Z12v2IAAAAJ:9ZlFYXVOiuMC,"Information security-conscious managers of organizations have the responsibility to advise their senior management of the level of risks faced by the information systems. This requires managers to conduct vulnerability assessment as the first step of a risk analysis approach. However, a lack of real world data classification of security threats and develops a three-axis view of the threat space. It develops a scheme for probabilistic evaluation of impact of the security threats and proposes a risk management system consisting of a five-step approach. The goal is to assess the expected damages due to attacks, and managing the risk of attacks."
Shamkant B Navathe,https://scholar.google.com/citations?user=_Z12v2IAAAAJ&hl=en,_Z12v2IAAAAJ,"Professor of Computer Science, Georgia Institute of Technology",34624,Database Systems,Homepage not specified,Abstracting relational and hierarchical data with a semantic data model,153,1987,https://scholar.google.com/citations?view_op=view_citation&hl=en&user=_Z12v2IAAAAJ&pagesize=50&citation_for_view=_Z12v2IAAAAJ:Se3iqnhoufwC,Lee C Yoo C Chang O (2005) An object structure extraction technique for object reusability improvement based on legacy system interface Proceedings of the 2005 international conference on Computational Science and Its Applications-Volume Part III 10.1007/11424857_83 (758-768) Online publication date: 9-May-2005
Shamkant B Navathe,https://scholar.google.com/citations?user=_Z12v2IAAAAJ&hl=en,_Z12v2IAAAAJ,"Professor of Computer Science, Georgia Institute of Technology",34624,Database Systems,Homepage not specified,Classification as a query processing technique in the CANDIDE semantic data model,152,1989,https://scholar.google.com/citations?view_op=view_citation&hl=en&user=_Z12v2IAAAAJ&pagesize=50&citation_for_view=_Z12v2IAAAAJ:WF5omc3nYNoC,"The use of classification and subsumption to process database queries is discussed. The data model, called CANDIDE, is essentially an extended version of the FL-1, KANDOR and BACK, frame-based knowledge representation languages. A novel feature of the approach is that the data-description language and data-manipulation language are identical, thus providing uniform treatment of data objects, query objects and view objects. The classification algorithm find the correct placement for a query object in a given object taxonomy. Tractability issues are explored, and the expressiveness of queries is compared with relational algebra. This data model has been implemented in POPLOG as the basis for a knowledge-base management system that includes an integrated natural-language query system.<>"
Shamkant B Navathe,https://scholar.google.com/citations?user=_Z12v2IAAAAJ&hl=en,_Z12v2IAAAAJ,"Professor of Computer Science, Georgia Institute of Technology",34624,Database Systems,Homepage not specified,A management perspective on risk of security threats to information systems,148,2005,https://scholar.google.com/citations?view_op=view_citation&hl=en&user=_Z12v2IAAAAJ&pagesize=50&citation_for_view=_Z12v2IAAAAJ:j3f4tGmQtD8C,"Electronic commerce and the Internet have enabled businesses to reduce costs, attain greater market reach, and develop closer partner and customer relationships. However, using the Internet has led to new risks and concerns. This paper provides a management perspective on the issues confronting CIO’s and IT managers: it outlines the current state of the art for security in e-commerce, the important issues confronting managers, security enforcement measure/techniques, and potential threats and attacks. It develops a scheme for probabilistic evaluation of the impact of security threats with some illustrative examples. This methodology may be used to assess the probability of success of attacks on information assets in organizations, and to evaluate the expected damages of these attacks. The paper also outlines some possible remedies, suggested controls and countermeasures. Finally, it proposes the …"
Shamkant B Navathe,https://scholar.google.com/citations?user=_Z12v2IAAAAJ&hl=en,_Z12v2IAAAAJ,"Professor of Computer Science, Georgia Institute of Technology",34624,Database Systems,Homepage not specified,Knowledge mining by imprecise querying: A classification-based approach,142,1992,https://scholar.google.com/citations?view_op=view_citation&hl=en&user=_Z12v2IAAAAJ&pagesize=50&citation_for_view=_Z12v2IAAAAJ:UebtZRa9Y70C,"Knowledge mining is the process of discovering knowledge that is hitherto unknown. An approach to knowledge mining by imprecise querying that utilizes conceptual clustering techniques is presented. The query processor has both a deductive and an inductive component. The deductive component finds precise matches in the traditional sense, and the inductive component identifies ways in which imprecise matches may be considered similar. Ranking on similarity is done by using the database taxonomy, by which similar instances become members of the same class. Relative similarity is determined by depth in the taxonomy. The conceptual clustering algorithm, its use in query processing, and an example are presented.<>"
Shamkant B Navathe,https://scholar.google.com/citations?user=_Z12v2IAAAAJ&hl=en,_Z12v2IAAAAJ,"Professor of Computer Science, Georgia Institute of Technology",34624,Database Systems,Homepage not specified,Methodology for view integration in logical database design,141,1981,https://scholar.google.com/citations?view_op=view_citation&hl=en&user=_Z12v2IAAAAJ&pagesize=50&citation_for_view=_Z12v2IAAAAJ:roLk4NBRz8UC,"This paper is based on a conceptual framework for the design of databases consisting of view modeling, view integration, schema analysis and mapping and physical design and optimization. View modeling involves the modeling of the user views using a conceptual/semantic data model; the view integration phase merges user views into a global model which is then mapped to an existing database environment and subsequently optimized. Here we use the data model proposed by Navathe and Schkolnick to model user views and develop a methodology for view integration. View integration issues are examined in detail; operations for merging views are defined and an approach to automating the view integration process is described. The proposed approach is being partially implemented at the University of Florida."
Shamkant B Navathe,https://scholar.google.com/citations?user=_Z12v2IAAAAJ&hl=en,_Z12v2IAAAAJ,"Professor of Computer Science, Georgia Institute of Technology",34624,Database Systems,Homepage not specified,A mixed fragmentation methodology for initial distributed database design,140,1995,https://scholar.google.com/citations?view_op=view_citation&hl=en&user=_Z12v2IAAAAJ&pagesize=50&citation_for_view=_Z12v2IAAAAJ:3fE2CSJIrl8C,We de ne mixed fragmentation as a process of simultaneously applying the horizontal and vertical fragmentation on a relation. It can be achieved in one of two ways: by performing horizontal fragmentation followed by vertical fragmentation or by performing vertical fragmentation followed by horizontal fragmentation. The need for mixed fragmentation arises in distributed databases because database users usually access subsets of data which are vertical and horizontal fragments of global relations and there is a need to process queries or transactions that would access these fragments optimally. We present algorithms for generating candidate vertical and horizontal fragmentation schemes and propose a methodology for distributed database design using these fragmentation schemes. When applied together these schemes form a grid. This grid consisting of cells is then merged to form mixed fragments so as to minimize the number of disk accesses required to process the distributed transactions. We have implemented the vertical and horizontal fragmentation algorithms and are developing a Distributed Database Design Tool to support the proposed methodology.
Shamkant B Navathe,https://scholar.google.com/citations?user=_Z12v2IAAAAJ&hl=en,_Z12v2IAAAAJ,"Professor of Computer Science, Georgia Institute of Technology",34624,Database Systems,Homepage not specified,Grundlagen von Datenbanksystemen,138,2002,https://scholar.google.com/citations?view_op=view_citation&hl=en&user=_Z12v2IAAAAJ&pagesize=50&citation_for_view=_Z12v2IAAAAJ:0izLItjtcgwC,"Grundlagen von Datenbanksystemen Page 1 Ramez Elmasri Shamkant B. Navathe Grundlagen von Datenbanksystemen 3., überarbeitete Auflage Pearson Studium ein Imprint der Pearson Education Deutschland GmbH Page 2 Inhaltsverzeichnis Vorwort Über die Autoren 13 19 Teil 1 Grundkonzepte Kapitel 1 Datenbanken und Datenbanknutzer 23 1.1 Einführung 24 1.2 Ein Beispiel 25 1.3 Merkmale des Datenbankansatzes 28 1.4 Akteure auf der Bühne 32 1.5 Akteure hinter der Bühne 34 1.6 Vorteile eines DBMS 35 1.7 Vorteile des Datenbankeinsatzes 39 1.8 Wann ein DBMS nicht benutzt werden sollte 40 1.9 Zusammenfassung 41 Kapitel 2 Datenbanksystemkonzepte und Architektur 45 2.1 Datenmodelle, Schemas und Instanzen 46 2.2 DBMS-Architektur und Datenunabhängigkeit 49 2.3 Datenbanksprachen und -Schnittstellen 52 2.4 Die Datenbanksystemumgebung 55 2.5 Klassifikation von …"
Shamkant B Navathe,https://scholar.google.com/citations?user=_Z12v2IAAAAJ&hl=en,_Z12v2IAAAAJ,"Professor of Computer Science, Georgia Institute of Technology",34624,Database Systems,Homepage not specified,Fundamentals of Databases,135,2010,https://scholar.google.com/citations?view_op=view_citation&hl=en&user=_Z12v2IAAAAJ&pagesize=50&citation_for_view=_Z12v2IAAAAJ:PQm_lTwdG-sC,
Shamkant B Navathe,https://scholar.google.com/citations?user=_Z12v2IAAAAJ&hl=en,_Z12v2IAAAAJ,"Professor of Computer Science, Georgia Institute of Technology",34624,Database Systems,Homepage not specified,TSQL: A Language Interface for History Databases.,133,1987,https://scholar.google.com/citations?view_op=view_citation&hl=en&user=_Z12v2IAAAAJ&pagesize=50&citation_for_view=_Z12v2IAAAAJ:0EnyYjriUFMC,
Shamkant B Navathe,https://scholar.google.com/citations?user=_Z12v2IAAAAJ&hl=en,_Z12v2IAAAAJ,"Professor of Computer Science, Georgia Institute of Technology",34624,Database Systems,Homepage not specified,Diseño conceptual de bases de datos: un enfoque de entidades-interrelaciones,128,1994,https://scholar.google.com/citations?view_op=view_citation&hl=en&user=_Z12v2IAAAAJ&pagesize=50&citation_for_view=_Z12v2IAAAAJ:LgRImbQfgY4C,"AntecedentesEl diseño de bases de datos es el proceso por el que se determina la organización de una base de datos, incluidos su estructura, contenido y las aplicaciones por desarrollar. Durante mucho tiempo, el diseño de bases de datos fue considerado una tarea para expertos: más un arte que una ciencia. Sin embargo, se ha progresado mucho en el diseño de bases de datos y éste se considera ahora una disciplina estable, con métodos y técnicas propios. Debido a la creciente aceptación de las bases de datos por parte de la industria y el gobierno en el plano comercial, ya una variedad de aplicaciones científicas y técnicas, el diseño de bases de datos desempeña un papel central en el empleo de los recursos de información de la mayoría de las organizaciones. El diseño de bases de datos ha pasado a constituir parte de la formación general de los informáticos, en el mismo nivel que la capacidad de construir algoritmos usando un lenguaje de programación convencional.El diseño de bases de datos se realiza por lo general en tres fases. La primera fase, llamada de diseño conceptual, produce una representación abstracta y de alto nivel de la realidad. La segunda fase, llamada de diseño lógico, convierte esta representación en especificaciones que pueden implantarse en un sistema de cómputo y ser procesadas por él. La tercera fase, llamada de diseño físico, determina las estructuras de almacenamiento físico y los métodos de consulta requeridos para un acceso eficaz a los contenidos de una base de datos a partir de dispositivos de almacenamiento secundario. Este libro trata las dos primeras fases del diseño de bases …"
Shamkant B Navathe,https://scholar.google.com/citations?user=_Z12v2IAAAAJ&hl=en,_Z12v2IAAAAJ,"Professor of Computer Science, Georgia Institute of Technology",34624,Database Systems,Homepage not specified,On automatic reasoning for schema integration,128,1993,https://scholar.google.com/citations?view_op=view_citation&hl=en&user=_Z12v2IAAAAJ&pagesize=50&citation_for_view=_Z12v2IAAAAJ:hqOjcs7Dif8C,"Success in database schema integration depends on the ability to capture real world semantics of the schema objects, and to reason about the semantics. Earlier schema integration approaches mainly rely on heuristics and human reasoning. In this paper, we discuss an approach to automate a significant part of the schema integration process. Our approach consists of three phases. An attribute hierarchy is generated in the first phase. This involves identifying relationships (equality, disjointness and inclusion) among attributes. We discuss a strategy based on user-specified semantic clustering. In the second phase, a classification algorithm based on the semantics of class subsumption is applied to the class definitions and the attribute hierarchy to automatically generate a class taxonomy. This class taxonomy represents a partially integrated schema. In the third phase, the user may employ a set of well …"
Shamkant B Navathe,https://scholar.google.com/citations?user=_Z12v2IAAAAJ&hl=en,_Z12v2IAAAAJ,"Professor of Computer Science, Georgia Institute of Technology",34624,Database Systems,Homepage not specified,Grundlagen von Datenbanksystemen,118,2009,https://scholar.google.com/citations?view_op=view_citation&hl=en&user=_Z12v2IAAAAJ&pagesize=50&citation_for_view=_Z12v2IAAAAJ:ufrVoPGSRksC,"Wurde als gekürzte und preiswerte Ausgabe-Grundstudium des 1.100 Seiten starken, alle thematischen Aspekte umfassenden Lehrbuchs der Autoren gleichen Titels (zuletzt 3. Auflage 2002, hier nicht angezeigt) bereits in ID 12/05 besprochen (lag zum Vergleich leider nicht vor). Da das zugrundeliegende Werk in der Zwischenzeit nicht neu aufgelegt wurde und dem vorliegenden Band eine Aktualisierung (zB anhand des Literaturverzeichnisses oder Berücksichtigung aktueller fachlicher Entwicklungen) nicht direkt zu entnehmen ist, bleibt zu vermuten, dass der Verlag lediglich das Wort Grundstudium im Titel der Ausgabe 2005 gegen Bachelor ausgetauscht hat. Da sich der empfehlenswerte, leicht zugängliche Band auf grundlegende Dinge wie Datenmodelle, Datenbanksprachen, Vorgehensweisen beim Datenbankentwurf, Transaktionsverarbeitung, Nebenläufigkeit oder Datensicherheit konzentriert, ist Aktualität nicht der entscheidende Kaufaspekt.... neben H. Faeskorn-Woyke (ID 33/07), A. Kemper (ID 32/06) oder G. Saake (ID 10/08) empfohlen.(3)"
Shamkant B Navathe,https://scholar.google.com/citations?user=_Z12v2IAAAAJ&hl=en,_Z12v2IAAAAJ,"Professor of Computer Science, Georgia Institute of Technology",34624,Database Systems,Homepage not specified,A temporal query system for protocol-directed decision support,117,1994,https://scholar.google.com/citations?view_op=view_citation&hl=en&user=_Z12v2IAAAAJ&pagesize=50&citation_for_view=_Z12v2IAAAAJ:LqrXEw5M15gC,"Chronus is a query system that supports temporal extensions to the Structured Query Language (SQL) for relational databases. Although the relational data model can store time-stamped data and can permit simple temporal-comparison operations, it does not provide either a closed or a sufficient algebra for manipulating temporal data. In this paper, we outline an algebra that maintains a consistent relational representation of temporal data and that allows the type of temporal queries needed for protocol-directed decision support. We also discuss how Chronus can translate between our temporal algebra and the relational algebra used for SQL queries. We have applied our system to the task of screening patients for clinical trials. Our results demonstrate that Chronus can express sufficiently all required temporal queries, and that the search time of such queries is similar to that of standard SQL."
Shamkant B Navathe,https://scholar.google.com/citations?user=_Z12v2IAAAAJ&hl=en,_Z12v2IAAAAJ,"Professor of Computer Science, Georgia Institute of Technology",34624,Database Systems,Homepage not specified,An objective function for vertically partitioning relations in distributed databases and its analysis,115,1994,https://scholar.google.com/citations?view_op=view_citation&hl=en&user=_Z12v2IAAAAJ&pagesize=50&citation_for_view=_Z12v2IAAAAJ:7PzlFSSx8tAC,"Partitioning and allocation of relations is an important component of the distributed database design. Several approaches (and algorithms) have been proposed for clustering data for pattern classification and for partitioning relations in distributed databases. Most of the approaches used for classification use square-error criterion. In contrast, most of the approaches proposed for partitioning of relations are eitherad hoc solutions or solutions for special cases (e.g., binary vertical partitioning).In this paper, we first highlight the differences between the approaches taken for pattern classification and for distributed databases. Then an objective function for vertical partitioning of relations is derived using the square-error criterion commonly used in data clustering. The objective function derived generalizes and subsumes earlier work on vertical partitioning. Furthermore, the approach proposed in this paper is shown to be …"
Shamkant B Navathe,https://scholar.google.com/citations?user=_Z12v2IAAAAJ&hl=en,_Z12v2IAAAAJ,"Professor of Computer Science, Georgia Institute of Technology",34624,Database Systems,Homepage not specified,Adaptive and automated index selection in RDBMS,108,1992,https://scholar.google.com/citations?view_op=view_citation&hl=en&user=_Z12v2IAAAAJ&pagesize=50&citation_for_view=_Z12v2IAAAAJ:M3ejUd6NZC8C,We present a novel approach for a tool that assists the database administrator in designing an index configuration for a relational database system. A new methodology for collecting usage statistics at run time is developed which lets the optimizer estimate query execution costs for alternative index configurations. Defining the workload specification required by existing index design tools may be very complex for a large integrated database system. Our tool automatically derives the workload statistics. These statistics are then used to efficiently compute an index configuration. Execution of a prototype of the tool against a sample database demonstrates that the proposed index configuration is reasonably close to the optimum for test query sets.
Shamkant B Navathe,https://scholar.google.com/citations?user=_Z12v2IAAAAJ&hl=en,_Z12v2IAAAAJ,"Professor of Computer Science, Georgia Institute of Technology",34624,Database Systems,Homepage not specified,Click traffic analysis of short url spam on twitter,107,2013,https://scholar.google.com/citations?view_op=view_citation&hl=en&user=_Z12v2IAAAAJ&pagesize=50&citation_for_view=_Z12v2IAAAAJ:HtS1dXgVpQUC,"With an average of 80% length reduction, the URL shorteners have become the norm for sharing URLs on Twitter, mainly due to the 140-character limit per message. Unfortunately, spammers have also adopted the URL shorteners to camouflage and improve the user click-through of their spam URLs. In this paper, we measure the misuse of the short URLs and analyze the characteristics of the spam and non-spam short URLs. We utilize these measurements to enable the detection of spam short URLs. To achieve this, we collected short URLs from Twitter and retrieved their click traffic data from Bitly, a popular URL shortening system. We first investigate the creators of over 600,000 Bitly short URLs to characterize short URL spammers. We then analyze the click traffic generated from various countries and referrers, and determine the top click sources for spam and non-spam short URLs. Our results show that the …"
Shamkant B Navathe,https://scholar.google.com/citations?user=_Z12v2IAAAAJ&hl=en,_Z12v2IAAAAJ,"Professor of Computer Science, Georgia Institute of Technology",34624,Database Systems,Homepage not specified,Version management of composite objects in CAD databases,107,1991,https://scholar.google.com/citations?view_op=view_citation&hl=en&user=_Z12v2IAAAAJ&pagesize=50&citation_for_view=_Z12v2IAAAAJ:4TOpqqG69KYC,"There are essentially two characteristic of design objects, which impact upon the iterative and exploratory y nature of the design process. First, they are hierarchically formed assemblies of component objects. Second, they go through phases of design giving rise to multiple versions. This paper addresses a broad spectrum of modeling and operational approaches related to these two aspects in computeraided design databases.A classification of composite object attributes into intrinsic interface attributes and nonintrinsic internal assembly attributes provides an insight into their behavior and functionality. The design process is studied with respect to these classes of attributes. A d~ ign evolves in discrete states through mutation and derivation and may cause version proliferation. A notion of version equivalence, based on invariant attributes and value-acquisition, is used to prevent version proliferation. States of …"
Shamkant B Navathe,https://scholar.google.com/citations?user=_Z12v2IAAAAJ&hl=en,_Z12v2IAAAAJ,"Professor of Computer Science, Georgia Institute of Technology",34624,Database Systems,Homepage not specified,Temporal Extensions to the Relational Model and SQL.,101,1993,https://scholar.google.com/citations?view_op=view_citation&hl=en&user=_Z12v2IAAAAJ&pagesize=50&citation_for_view=_Z12v2IAAAAJ:Zph67rFs4hoC,
Shamkant B Navathe,https://scholar.google.com/citations?user=_Z12v2IAAAAJ&hl=en,_Z12v2IAAAAJ,"Professor of Computer Science, Georgia Institute of Technology",34624,Database Systems,Homepage not specified,Fundamentals of database systems seventh edition,98,2016,https://scholar.google.com/citations?view_op=view_citation&hl=en&user=_Z12v2IAAAAJ&pagesize=50&citation_for_view=_Z12v2IAAAAJ:mVcUxdmZzz4C,viii Preface we will describe them later in the preface when we discuss the organization of the seventh edition.
Shamkant B Navathe,https://scholar.google.com/citations?user=_Z12v2IAAAAJ&hl=en,_Z12v2IAAAAJ,"Professor of Computer Science, Georgia Institute of Technology",34624,Database Systems,Homepage not specified,Natural language query filtration in the conceptual query language,96,1997,https://scholar.google.com/citations?view_op=view_citation&hl=en&user=_Z12v2IAAAAJ&pagesize=50&citation_for_view=_Z12v2IAAAAJ:u_35RYKgDlwC,"Natural language (NL) interfaces for database query formulation have always been recognized as a much needed enhancement for end-users. Poor performances with earlier NL systems had led to a lull in research in this field. However, latter-day experiments and systems appear to be sufficiently more promising to warrant continued and further research in this area. This paper proposes an experimental query interface that filters NL query statements for search predicates that are derived from constructs on conceptual schemas, thereby avoiding the computational difficulty with full-fledged NL parsing. A prototype of the Conceptual Query Language (CQL) exists as a front-end to an Oracle relational DBMS."
Shamkant B Navathe,https://scholar.google.com/citations?user=_Z12v2IAAAAJ&hl=en,_Z12v2IAAAAJ,"Professor of Computer Science, Georgia Institute of Technology",34624,Database Systems,Homepage not specified,Attribute relationships: An impediment in automating schema integration,96,1989,https://scholar.google.com/citations?view_op=view_citation&hl=en&user=_Z12v2IAAAAJ&pagesize=50&citation_for_view=_Z12v2IAAAAJ:YOwf2qJgpHMC,"1. Background The problem of schema integration is very difficult if a significant part of the integration process is to be performed automatically. In fact, a completely automatic process is pragmatically impossible because it would require that all semantics of the components in a schema be completely specified. This in turn is not possible because, among other reasons,(1) the current semantic (or other) data models are unable to completely capture a real world state,(2) it will be necessary to capture much more information than is typically captured in a schema, and (3) there can be multiple views and interpretation of a real world state, and the interpretations change with time.The survey paper [Batini et al 86] discusses and compares twelve methodologies for schema integration work. Subsequently, at least three tools have also been developed [Souza 86, Sheth et al 88, Hayes and Ram 90].[Batini et al 86] divide the …"
Shamkant B Navathe,https://scholar.google.com/citations?user=_Z12v2IAAAAJ&hl=en,_Z12v2IAAAAJ,"Professor of Computer Science, Georgia Institute of Technology",34624,Database Systems,Homepage not specified,1978 New Orleans data base design workshop report,94,1979,https://scholar.google.com/citations?view_op=view_citation&hl=en&user=_Z12v2IAAAAJ&pagesize=50&citation_for_view=_Z12v2IAAAAJ:ULOm3_A8WrAC,"This is a summary of a bigger report based on the results arrived at the New Orleans data base design workshop. This paper outlines the four major areas of data base design. It discusses the important issues, some of the results which have been achieved and future research problems."
Shamkant B Navathe,https://scholar.google.com/citations?user=_Z12v2IAAAAJ&hl=en,_Z12v2IAAAAJ,"Professor of Computer Science, Georgia Institute of Technology",34624,Database Systems,Homepage not specified,Issues in Distribution Design of Object-Oriented Databases.,92,1992,https://scholar.google.com/citations?view_op=view_citation&hl=en&user=_Z12v2IAAAAJ&pagesize=50&citation_for_view=_Z12v2IAAAAJ:KlAtU1dfN6UC,"Design of distributed databases enhances the performance of the applications in two ways: by reducing the amount of irrelevant data accessed by the applications and by reducing the amount of data transferred in processing the applications. This is done by fragmenting the class of objects (fragmentation scheme) and by allocating these fragments (allocation scheme) to various sites respectively. The distribution design consists of a fragmentation and an allocation scheme. The semantics of the processing done by the application, structural and behavioral properties of the database governs the distribution design for an object oriented database. In order to come up with a good distribution design we need to have a good understanding of the issues involved in distribution design. This paper evaluates some general characteristics of the distributed object oriented database systems pertinent to the distribution design problem and presents the complexity of the problem, issues involved and some possible approaches for designing the fragmentation and allocation algorithms."
Alex Endert,https://scholar.google.com/citations?user=_ZIAy3cAAAAJ&hl=en,_ZIAy3cAAAAJ,"Associate Professor, Georgia Tech",7731,"human-computer interaction, information visualization, visual analytics",http://va.gatech.edu/endert,Space to think: large high-resolution displays for sensemaking,507,2010,https://scholar.google.com/citations?view_op=view_citation&hl=en&user=_ZIAy3cAAAAJ&pagesize=50&citation_for_view=_ZIAy3cAAAAJ:u5HHmVD_uO8C,"Space supports human cognitive abilities in a myriad of ways. The note attached to the side of the monitor, the papers spread out on the desk, diagrams scrawled on a whiteboard, and even the keys left out on the counter are all examples of using space to recall, reveal relationships, and think. Technological advances have made it possible to construct large display environments in which space has real meaning. This paper examines how increased space affects the way displays are regarded and used within the context of the cognitively demanding task of sensemaking. A pair of studies were conducted demonstrating how the spatial environment supports sensemaking by becoming part of the distributed cognitive process, providing both external memory and a semantic layer."
Alex Endert,https://scholar.google.com/citations?user=_ZIAy3cAAAAJ&hl=en,_ZIAy3cAAAAJ,"Associate Professor, Georgia Tech",7731,"human-computer interaction, information visualization, visual analytics",http://va.gatech.edu/endert,Characterizing provenance in visualization and data analysis: an organizational framework of provenance types and purposes,364,2015,https://scholar.google.com/citations?view_op=view_citation&hl=en&user=_ZIAy3cAAAAJ&pagesize=50&citation_for_view=_ZIAy3cAAAAJ:maZDTaKrznsC,"While the primary goal of visual analytics research is to improve the quality of insights and findings, a substantial amount of research in provenance has focused on the history of changes and advances throughout the analysis process. The term, provenance, has been used in a variety of ways to describe different types of records and histories related to visualization. The existing body of provenance research has grown to a point where the consolidation of design knowledge requires cross-referencing a variety of projects and studies spanning multiple domain areas. We present an organizational framework of the different types of provenance information and purposes for why they are desired in the field of visual analytics. Our organization is intended to serve as a framework to help researchers specify types of provenance and coordinate design knowledge across projects. We also discuss the relationships between …"
Alex Endert,https://scholar.google.com/citations?user=_ZIAy3cAAAAJ&hl=en,_ZIAy3cAAAAJ,"Associate Professor, Georgia Tech",7731,"human-computer interaction, information visualization, visual analytics",http://va.gatech.edu/endert,The state of the art in integrating machine learning into visual analytics,341,2017,https://scholar.google.com/citations?view_op=view_citation&hl=en&user=_ZIAy3cAAAAJ&pagesize=50&citation_for_view=_ZIAy3cAAAAJ:DquSII9TDu4C,"Visual analytics systems combine machine learning or other analytic techniques with interactive data visualization to promote sensemaking and analytical reasoning. It is through such techniques that people can make sense of large, complex data. While progress has been made, the tactful combination of machine learning and data visualization is still under‐explored. This state‐of‐the‐art report presents a summary of the progress that has been made by highlighting and synthesizing select research advances. Further, it presents opportunities and challenges to enhance the synergy between machine learning and visual analytics for impactful future research directions."
Alex Endert,https://scholar.google.com/citations?user=_ZIAy3cAAAAJ&hl=en,_ZIAy3cAAAAJ,"Associate Professor, Georgia Tech",7731,"human-computer interaction, information visualization, visual analytics",http://va.gatech.edu/endert,Semantic interaction for visual text analytics,327,2012,https://scholar.google.com/citations?view_op=view_citation&hl=en&user=_ZIAy3cAAAAJ&pagesize=50&citation_for_view=_ZIAy3cAAAAJ:Se3iqnhoufwC,"Visual analytics emphasizes sensemaking of large, complex datasets through interactively exploring visualizations generated by statistical models. For example, dimensionality reduction methods use various similarity metrics to visualize textual document collections in a spatial metaphor, where similarities between documents are approximately represented through their relative spatial distances to each other in a 2D layout. This metaphor is designed to mimic analysts' mental models of the document collection and support their analytic processes, such as clustering similar documents together. However, in current methods, users must interact with such visualizations using controls external to the visual metaphor, such as sliders, menus, or text fields, to directly control underlying model parameters that they do not understand and that do not relate to their analytic process occurring within the visual metaphor. In this …"
Alex Endert,https://scholar.google.com/citations?user=_ZIAy3cAAAAJ&hl=en,_ZIAy3cAAAAJ,"Associate Professor, Georgia Tech",7731,"human-computer interaction, information visualization, visual analytics",http://va.gatech.edu/endert,Augmenting visualizations with interactive data facts to facilitate interpretation and communication,298,2018,https://scholar.google.com/citations?view_op=view_citation&hl=en&user=_ZIAy3cAAAAJ&pagesize=50&citation_for_view=_ZIAy3cAAAAJ:3MwzVuqRcA0C,"Recently, an increasing number of visualization systems have begun to incorporate natural language generation (NLG) capabilities into their interfaces. NLG-based visualization systems typically leverage a suite of statistical functions to automatically extract key facts about the underlying data and surface them as natural language sentences alongside visualizations. With current systems, users are typically required to read the system-generated sentences and mentally map them back to the accompanying visualization. However, depending on the features of the visualization (e.g., visualization type, data density) and the complexity of the data fact, mentally mapping facts to visualizations can be a challenging task. Furthermore, more than one visualization could be used to illustrate a single data fact. Unfortunately, current tools provide little or no support for users to explore such alternatives. In this paper, we explore …"
Alex Endert,https://scholar.google.com/citations?user=_ZIAy3cAAAAJ&hl=en,_ZIAy3cAAAAJ,"Associate Professor, Georgia Tech",7731,"human-computer interaction, information visualization, visual analytics",http://va.gatech.edu/endert,Task-based effectiveness of basic visualizations,287,2018,https://scholar.google.com/citations?view_op=view_citation&hl=en&user=_ZIAy3cAAAAJ&pagesize=50&citation_for_view=_ZIAy3cAAAAJ:wuD5JclIwkYC,"Visualizations of tabular data are widely used; understanding their effectiveness in different task and data contexts is fundamental to scaling their impact. However, little is known about how basic tabular data visualizations perform across varying data analysis tasks. In this paper, we report results from a crowdsourced experiment to evaluate the effectiveness of five small scale (5-34 data points) two-dimensional visualization types-Table, Line Chart, Bar Chart, Scatterplot, and Pie Chart-across ten common data analysis tasks using two datasets. We find the effectiveness of these visualization types significantly varies across task, suggesting that visualization design would benefit from considering context-dependent effectiveness. Based on our findings, we derive recommendations on which visualizations to choose based on different tasks. We finally train a decision tree on the data we collected to drive a …"
Alex Endert,https://scholar.google.com/citations?user=_ZIAy3cAAAAJ&hl=en,_ZIAy3cAAAAJ,"Associate Professor, Georgia Tech",7731,"human-computer interaction, information visualization, visual analytics",http://va.gatech.edu/endert,The human is the loop: new directions for visual analytics,258,2014,https://scholar.google.com/citations?view_op=view_citation&hl=en&user=_ZIAy3cAAAAJ&pagesize=50&citation_for_view=_ZIAy3cAAAAJ:7PzlFSSx8tAC,"Visual analytics is the science of marrying interactive visualizations and analytic algorithms to support exploratory knowledge discovery in large datasets. We argue for a shift from a ‘human in the loop’ philosophy for visual analytics to a ‘human is the loop’ viewpoint, where the focus is on recognizing analysts’ work processes, and seamlessly fitting analytics into that existing interactive process. We survey a range of projects that provide visual analytic support contextually in the sensemaking loop, and outline a research agenda along with future challenges."
Alex Endert,https://scholar.google.com/citations?user=_ZIAy3cAAAAJ&hl=en,_ZIAy3cAAAAJ,"Associate Professor, Georgia Tech",7731,"human-computer interaction, information visualization, visual analytics",http://va.gatech.edu/endert,"Information visualization on large, high-resolution displays: Issues, challenges, and opportunities",245,2011,https://scholar.google.com/citations?view_op=view_citation&hl=en&user=_ZIAy3cAAAAJ&pagesize=50&citation_for_view=_ZIAy3cAAAAJ:eQOLeE2rZwMC,"Larger, higher-resolution displays are becoming accessible to a greater number of users as display technologies decrease in cost and software for the displays improves. The additional pixels are especially useful for information visualization where scalability has typically been limited by the number of pixels available on a display. But how will visualizations for larger displays need to fundamentally differ from visualizations on desktop displays? Are the basic visualization design principles different? With this potentially new design paradigm comes questions such as whether the relative effectiveness of various graphical encodings are different on large displays, which visualizations and datasets benefit the most, and how interaction with visualizations on large, high-resolution displays will need to change. As we explore these possibilities, we shift away from the technical limitations of scalability imposed by …"
Alex Endert,https://scholar.google.com/citations?user=_ZIAy3cAAAAJ&hl=en,_ZIAy3cAAAAJ,"Associate Professor, Georgia Tech",7731,"human-computer interaction, information visualization, visual analytics",http://va.gatech.edu/endert,Semantic interaction for sensemaking: inferring analytical reasoning for model steering,206,2012,https://scholar.google.com/citations?view_op=view_citation&hl=en&user=_ZIAy3cAAAAJ&pagesize=50&citation_for_view=_ZIAy3cAAAAJ:kNdYIx-mwKoC,"Visual analytic tools aim to support the cognitively demanding task of sensemaking. Their success often depends on the ability to leverage capabilities of mathematical models, visualization, and human intuition through flexible, usable, and expressive interactions. Spatially clustering data is one effective metaphor for users to explore similarity and relationships between information, adjusting the weighting of dimensions or characteristics of the dataset to observe the change in the spatial layout. Semantic interaction is an approach to user interaction in such spatializations that couples these parametric modifications of the clustering model with usersÊ¼ analytic operations on the data (e.g., direct document movement in the spatialization, highlighting text, search, etc.). In this paper, we present results of a user study exploring the ability of semantic interaction in a visual analytic prototype, ForceSPIRE, to support …"
Alex Endert,https://scholar.google.com/citations?user=_ZIAy3cAAAAJ&hl=en,_ZIAy3cAAAAJ,"Associate Professor, Georgia Tech",7731,"human-computer interaction, information visualization, visual analytics",http://va.gatech.edu/endert,"Warning, bias may occur: A proposed approach to detecting cognitive bias in interactive visual analytics",204,2017,https://scholar.google.com/citations?view_op=view_citation&hl=en&user=_ZIAy3cAAAAJ&pagesize=50&citation_for_view=_ZIAy3cAAAAJ:q1zXlPLtbUIC,"Visual analytic tools combine the complementary strengths of humans and machines in human-in-the-loop systems. Humans provide invaluable domain expertise and sensemaking capabilities to this discourse with analytic models; however, little consideration has yet been given to the ways inherent human biases might shape the visual analytic process. In this paper, we establish a conceptual framework for considering bias assessment through human-in-the-loop systems and lay the theoretical foundations for bias measurement. We propose six preliminary metrics to systematically detect and quantify bias from user interactions and demonstrate how the metrics might be implemented in an existing visual analytic system, InterAxis. We discuss how our proposed metrics could be used by visual analytic systems to mitigate the negative effects of cognitive biases by making users aware of biased processes …"
Alex Endert,https://scholar.google.com/citations?user=_ZIAy3cAAAAJ&hl=en,_ZIAy3cAAAAJ,"Associate Professor, Georgia Tech",7731,"human-computer interaction, information visualization, visual analytics",http://va.gatech.edu/endert,Finding waldo: Learning about users from their interactions,203,2014,https://scholar.google.com/citations?view_op=view_citation&hl=en&user=_ZIAy3cAAAAJ&pagesize=50&citation_for_view=_ZIAy3cAAAAJ:mB3voiENLucC,"Visual analytics is inherently a collaboration between human and computer. However, in current visual analytics systems, the computer has limited means of knowing about its users and their analysis processes. While existing research has shown that a user's interactions with a system reflect a large amount of the user's reasoning process, there has been limited advancement in developing automated, real-time techniques that mine interactions to learn about the user. In this paper, we demonstrate that we can accurately predict a user's task performance and infer some user personality traits by using machine learning techniques to analyze interaction data. Specifically, we conduct an experiment in which participants perform a visual search task, and apply well-known machine learning algorithms to three encodings of the users' interaction data. We achieve, depending on algorithm and encoding, between 62% and …"
Alex Endert,https://scholar.google.com/citations?user=_ZIAy3cAAAAJ&hl=en,_ZIAy3cAAAAJ,"Associate Professor, Georgia Tech",7731,"human-computer interaction, information visualization, visual analytics",http://va.gatech.edu/endert,Observation-level interaction with statistical models for visual analytics,203,2011,https://scholar.google.com/citations?view_op=view_citation&hl=en&user=_ZIAy3cAAAAJ&pagesize=50&citation_for_view=_ZIAy3cAAAAJ:2osOgNQ5qMEC,"In visual analytics, sensemaking is facilitated through interactive visual exploration of data. Throughout this dynamic process, users combine their domain knowledge with the dataset to create insight. Therefore, visual analytic tools exist that aid sensemaking by providing various interaction techniques that focus on allowing users to change the visual representation through adjusting parameters of the underlying statistical model. However, we postulate that the process of sensemaking is not focused on a series of parameter adjustments, but instead, a series of perceived connections and patterns within the data. Thus, how can models for visual analytic tools be designed, so that users can express their reasoning on observations (the data), instead of directly on the model or tunable parameters? Observation level (and thus “observation”) in this paper refers to the data points within a visualization. In this paper, we explore two possible observation-level interactions, namely exploratory and expressive, within the context of three statistical methods, Probabilistic Principal Component Analysis (PPCA), Multidimensional Scaling (MDS), and Generative Topographic Mapping (GTM). We discuss the importance of these two types of observation level interactions, in terms of how they occur within the sensemaking process. Further, we present use cases for GTM, MDS, and PPCA, illustrating how observation level interaction can be incorporated into visual analytic tools."
Alex Endert,https://scholar.google.com/citations?user=_ZIAy3cAAAAJ&hl=en,_ZIAy3cAAAAJ,"Associate Professor, Georgia Tech",7731,"human-computer interaction, information visualization, visual analytics",http://va.gatech.edu/endert,Beyond usability and performance: A review of user experience-focused evaluations in visualization,185,2016,https://scholar.google.com/citations?view_op=view_citation&hl=en&user=_ZIAy3cAAAAJ&pagesize=50&citation_for_view=_ZIAy3cAAAAJ:gV6rEsy15s0C,"Traditionally, studies of data visualization techniques and systems have evaluated visualizations with respect to usability goals such as effectiveness and efficiency. These studies assess performance-related metrics such as time and correctness of participants completing analytic tasks. Alternatively, several studies in InfoVis recently have evaluated visualizations by investigating user experience goals such as memorability, engagement, enjoyment and fun. These studies employ somewhat different evaluation methodologies to assess these other goals. The growing number of these studies, their alternative methodologies, and disagreements concerning their importance have motivated us to more carefully examine them. In this article, we review this growing collection of visualization evaluations that examine user experience goals and we discuss multiple issues regarding the studies including questions about …"
Alex Endert,https://scholar.google.com/citations?user=_ZIAy3cAAAAJ&hl=en,_ZIAy3cAAAAJ,"Associate Professor, Georgia Tech",7731,"human-computer interaction, information visualization, visual analytics",http://va.gatech.edu/endert,A heuristic approach to value-driven evaluation of visualizations,151,2018,https://scholar.google.com/citations?view_op=view_citation&hl=en&user=_ZIAy3cAAAAJ&pagesize=50&citation_for_view=_ZIAy3cAAAAJ:9LpHyFPp1DQC,"Recently, an approach for determining the value of a visualization was proposed, one moving beyond simple measurements of task accuracy and speed. The value equation contains components for the time savings a visualization provides, the insights and insightful questions it spurs, the overall essence of the data it conveys, and the confidence about the data and its domain it inspires. This articulation of value is purely descriptive, however, providing no actionable method of assessing a visualization's value. In this work, we create a heuristic-based evaluation methodology to accompany the value equation for assessing interactive visualizations. We refer to the methodology colloquially as ICE-T, based on an anagram of the four value components. Our approach breaks the four components down into guidelines, each of which is made up of a small set of low-level heuristics. Evaluators who have knowledge of …"
Alex Endert,https://scholar.google.com/citations?user=_ZIAy3cAAAAJ&hl=en,_ZIAy3cAAAAJ,"Associate Professor, Georgia Tech",7731,"human-computer interaction, information visualization, visual analytics",http://va.gatech.edu/endert,Analytic provenance: process+ interaction+ insight,149,2011,https://scholar.google.com/citations?view_op=view_citation&hl=en&user=_ZIAy3cAAAAJ&pagesize=50&citation_for_view=_ZIAy3cAAAAJ:zYLM7Y9cAGgC,"Visual analytics is the science of analytical reasoning facilitated by interactive visual interfaces. One key aspect that separates visual analytics from other related fields (InfoVis, SciVis, HCI) is the focus on analytical reasoning. While the final products generated at from an analytical process are of great value, research has shown that the processes of the analysis themselves are just as important if not more so. These processes not only contain information on individual insights discovered, but also how the users arrive at these insights. This area of research that focuses on understanding a user's reasoning process through the study of their interactions with a visualization is called Analytic Provenance, and has demonstrated great potential in becoming a foundation of the science of visual analytics. The goal of this workshop is to provide a forum for researchers and practitioners from academia, national labs, and …"
Alex Endert,https://scholar.google.com/citations?user=_ZIAy3cAAAAJ&hl=en,_ZIAy3cAAAAJ,"Associate Professor, Georgia Tech",7731,"human-computer interaction, information visualization, visual analytics",http://va.gatech.edu/endert,Podium: Ranking data using mixed-initiative visual analytics,146,2017,https://scholar.google.com/citations?view_op=view_citation&hl=en&user=_ZIAy3cAAAAJ&pagesize=50&citation_for_view=_ZIAy3cAAAAJ:7VEv-pLvLSsC,"People often rank and order data points as a vital part of making decisions. Multi-attribute ranking systems are a common tool used to make these data-driven decisions. Such systems often take the form of a table-based visualization in which users assign weights to the attributes representing the quantifiable importance of each attribute to a decision, which the system then uses to compute a ranking of the data. However, these systems assume that users are able to quantify their conceptual understanding of how important particular attributes are to a decision. This is not always easy or even possible for users to do. Rather, people often have a more holistic understanding of the data. They form opinions that data point A is better than data point B but do not necessarily know which attributes are important. To address these challenges, we present a visual analytic application to help people rank multi-variate data …"
Alex Endert,https://scholar.google.com/citations?user=_ZIAy3cAAAAJ&hl=en,_ZIAy3cAAAAJ,"Associate Professor, Georgia Tech",7731,"human-computer interaction, information visualization, visual analytics",http://va.gatech.edu/endert,Interaxis: Steering scatterplot axes via observation-level interaction,126,2015,https://scholar.google.com/citations?view_op=view_citation&hl=en&user=_ZIAy3cAAAAJ&pagesize=50&citation_for_view=_ZIAy3cAAAAJ:k_IJM867U9cC,"Scatterplots are effective visualization techniques for multidimensional data that use two (or three) axes to visualize data items as a point at its corresponding x and y Cartesian coordinates. Typically, each axis is bound to a single data attribute. Interactive exploration occurs by changing the data attributes bound to each of these axes. In the case of using scatterplots to visualize the outputs of dimension reduction techniques, the x and y axes are combinations of the true, high-dimensional data. For these spatializations, the axes present usability challenges in terms of interpretability and interactivity. That is, understanding the axes and interacting with them to make adjustments can be challenging. In this paper, we present InterAxis, a visual analytics technique to properly interpret, define, and change an axis in a user-driven manner. Users are given the ability to define and modify axes by dragging data items to either …"
Alex Endert,https://scholar.google.com/citations?user=_ZIAy3cAAAAJ&hl=en,_ZIAy3cAAAAJ,"Associate Professor, Georgia Tech",7731,"human-computer interaction, information visualization, visual analytics",http://va.gatech.edu/endert,Visualization by demonstration: An interaction paradigm for visual data exploration,119,2016,https://scholar.google.com/citations?view_op=view_citation&hl=en&user=_ZIAy3cAAAAJ&pagesize=50&citation_for_view=_ZIAy3cAAAAJ:tBlTYpvFGQIC,"Although data visualization tools continue to improve, during the data exploration process many of them require users to manually specify visualization techniques, mappings, and parameters. In response, we present the Visualization by Demonstration paradigm, a novel interaction method for visual data exploration. A system which adopts this paradigm allows users to provide visual demonstrations of incremental changes to the visual representation. The system then recommends potential transformations (Visual Representation, Data Mapping, Axes, and View Specification transformations) from the given demonstrations. The user and the system continue to collaborate, incrementally producing more demonstrations and refining the transformations, until the most effective possible visualization is created. As a proof of concept, we present VisExemplar, a mixed-initiative prototype that allows users to explore their …"
Alex Endert,https://scholar.google.com/citations?user=_ZIAy3cAAAAJ&hl=en,_ZIAy3cAAAAJ,"Associate Professor, Georgia Tech",7731,"human-computer interaction, information visualization, visual analytics",http://va.gatech.edu/endert,Visualizing cyber security: Usable workspaces,117,2009,https://scholar.google.com/citations?view_op=view_citation&hl=en&user=_ZIAy3cAAAAJ&pagesize=50&citation_for_view=_ZIAy3cAAAAJ:u-x6o8ySG0sC,"The goal of cyber security visualization is to help analysts increase the safety and soundness of our digital infrastructures by providing effective tools and workspaces. Visualization researchers must make visual tools more usable and compelling than the text-based tools that currently dominate cyber analysts' tool chests. A cyber analytics work environment should enable multiple, simultaneous investigations and information foraging, as well as provide a solution space for organizing data. We describe our study of cyber-security professionals and visualizations in a large, high-resolution display work environment and the analytic tasks this environment can support. We articulate a set of design principles for usable cyber analytic workspaces that our studies have brought to light. Finally, we present prototypes designed to meet our guidelines and a usability evaluation of the environment."
Alex Endert,https://scholar.google.com/citations?user=_ZIAy3cAAAAJ&hl=en,_ZIAy3cAAAAJ,"Associate Professor, Georgia Tech",7731,"human-computer interaction, information visualization, visual analytics",http://va.gatech.edu/endert,A survey of human‐centered evaluations in human‐centered machine learning,111,2021,https://scholar.google.com/citations?view_op=view_citation&hl=en&user=_ZIAy3cAAAAJ&pagesize=50&citation_for_view=_ZIAy3cAAAAJ:ujxm2eEBZHIC,"Visual analytics systems integrate interactive visualizations and machine learning to enable expert users to solve complex analysis tasks. Applications combine techniques from various fields of research and are consequently not trivial to evaluate. The result is a lack of structure and comparability between evaluations. In this survey, we provide a comprehensive overview of evaluations in the field of human‐centered machine learning. We particularly focus on human‐related factors that influence trust, interpretability, and explainability. We analyze the evaluations presented in papers from top conferences and journals in information visualization and human‐computer interaction to provide a systematic review of their setup and findings. From this survey, we distill design dimensions for structured evaluations, identify evaluation gaps, and derive future research opportunities."
Alex Endert,https://scholar.google.com/citations?user=_ZIAy3cAAAAJ&hl=en,_ZIAy3cAAAAJ,"Associate Professor, Georgia Tech",7731,"human-computer interaction, information visualization, visual analytics",http://va.gatech.edu/endert,Axisketcher: Interactive nonlinear axis mapping of visualizations through user drawings,93,2016,https://scholar.google.com/citations?view_op=view_citation&hl=en&user=_ZIAy3cAAAAJ&pagesize=50&citation_for_view=_ZIAy3cAAAAJ:PVqtIyvKoSUC,"Visual analytics techniques help users explore high-dimensional data. However, it is often challenging for users to express their domain knowledge in order to steer the underlying data model, especially when they have little attribute-level knowledge. Furthermore, users' complex, high-level domain knowledge, compared to low-level attributes, posits even greater challenges. To overcome these challenges, we introduce a technique to interpret a user's drawings with an interactive, nonlinear axis mapping approach called AxiSketcher. This technique enables users to impose their domain knowledge on a visualization by allowing interaction with data entries rather than with data attributes. The proposed interaction is performed through directly sketching lines over the visualization. Using this technique, users can draw lines over selected data points, and the system forms the axes that represent a nonlinear, weighted …"
Alex Endert,https://scholar.google.com/citations?user=_ZIAy3cAAAAJ&hl=en,_ZIAy3cAAAAJ,"Associate Professor, Georgia Tech",7731,"human-computer interaction, information visualization, visual analytics",http://va.gatech.edu/endert,Visual to parametric interaction (v2pi),90,2013,https://scholar.google.com/citations?view_op=view_citation&hl=en&user=_ZIAy3cAAAAJ&pagesize=50&citation_for_view=_ZIAy3cAAAAJ:YOwf2qJgpHMC,"Typical data visualizations result from linear pipelines that start by characterizing data using a model or algorithm to reduce the dimension and summarize structure, and end by displaying the data in a reduced dimensional form. Sensemaking may take place at the end of the pipeline when users have an opportunity to observe, digest, and internalize any information displayed. However, some visualizations mask meaningful data structures when model or algorithm constraints (e.g., parameter specifications) contradict information in the data. Yet, due to the linearity of the pipeline, users do not have a natural means to adjust the displays. In this paper, we present a framework for creating dynamic data displays that rely on both mechanistic data summaries and expert judgement. The key is that we develop both the theory and methods of a new human-data interaction to which we refer as “ Visual to Parametric Interaction” (V2PI). With V2PI, the pipeline becomes bi-directional in that users are embedded in the pipeline; users learn from visualizations and the visualizations adjust to expert judgement. We demonstrate the utility of V2PI and a bi-directional pipeline with two examples."
Alex Endert,https://scholar.google.com/citations?user=_ZIAy3cAAAAJ&hl=en,_ZIAy3cAAAAJ,"Associate Professor, Georgia Tech",7731,"human-computer interaction, information visualization, visual analytics",http://va.gatech.edu/endert,EmoCo: Visual Analysis of Emotion Coherence in Presentation Videos,89,2019,https://scholar.google.com/citations?view_op=view_citation&hl=en&user=_ZIAy3cAAAAJ&pagesize=50&citation_for_view=_ZIAy3cAAAAJ:NtGNdKbuCngC,"Emotions play a key role in human communication and public presentations. Human emotions are usually expressed through multiple modalities. Therefore, exploring multimodal emotions and their coherence is of great value for understanding emotional expressions in presentations and improving presentation skills. However, manually watching and studying presentation videos is often tedious and time-consuming. There is a lack of tool support to help conduct an efficient and in-depth multi-level analysis. Thus, in this paper, we introduce EmoCo, an interactive visual analytics system to facilitate efficient analysis of emotion coherence across facial, text, and audio modalities in presentation videos. Our visualization system features a channel coherence view and a sentence clustering view that together enable users to obtain a quick overview of emotion coherence and its temporal evolution. In addition, a detail …"
Alex Endert,https://scholar.google.com/citations?user=_ZIAy3cAAAAJ&hl=en,_ZIAy3cAAAAJ,"Associate Professor, Georgia Tech",7731,"human-computer interaction, information visualization, visual analytics",http://va.gatech.edu/endert,VIGOR: interactive visual exploration of graph query results,85,2017,https://scholar.google.com/citations?view_op=view_citation&hl=en&user=_ZIAy3cAAAAJ&pagesize=50&citation_for_view=_ZIAy3cAAAAJ:8uzoZH4hB9AC,"Finding patterns in graphs has become a vital challenge in many domains from biological systems, network security, to finance (e.g., finding money laundering rings of bankers and business owners). While there is significant interest in graph databases and querying techniques, less research has focused on helping analysts make sense of underlying patterns within a group of subgraph results. Visualizing graph query results is challenging, requiring effective summarization of a large number of subgraphs, each having potentially shared node-values, rich node features, and flexible structure across queries. We present VIGOR, a novel interactive visual analytics system, for exploring and making sense of query results. VIGOR uses multiple coordinated views, leveraging different data representations and organizations to streamline analysts sensemaking process. VIGOR contributes: (1) an exemplar-based interaction …"
Alex Endert,https://scholar.google.com/citations?user=_ZIAy3cAAAAJ&hl=en,_ZIAy3cAAAAJ,"Associate Professor, Georgia Tech",7731,"human-computer interaction, information visualization, visual analytics",http://va.gatech.edu/endert,Large high resolution displays for co-located collaborative sensemaking: Display usage and territoriality,79,2013,https://scholar.google.com/citations?view_op=view_citation&hl=en&user=_ZIAy3cAAAAJ&pagesize=50&citation_for_view=_ZIAy3cAAAAJ:4DMP91E08xMC,"From an exploratory user study using a fictional textual intelligence analysis task on a large, high-resolution vertical display, we investigated how pairs of users interact with the display to construct spatial schemas and externalize information, as well as how they establish shared and private territories. We investigated users' space management strategies depending on the design philosophy of the user interface (visualization- or document-centric). We classified the types of territorial behavior exhibited in terms of how the users interacted with information on the display (integrated or independent workspaces). Next, we examined how territorial behavior impacted the common ground between the pairs of users. Finally, we offer design suggestions for building future co-located collaborative visual analytics tools for use on large, high-resolution vertical displays."
Alex Endert,https://scholar.google.com/citations?user=_ZIAy3cAAAAJ&hl=en,_ZIAy3cAAAAJ,"Associate Professor, Georgia Tech",7731,"human-computer interaction, information visualization, visual analytics",http://va.gatech.edu/endert,Toward a design space for mitigating cognitive bias in vis,78,2019,https://scholar.google.com/citations?view_op=view_citation&hl=en&user=_ZIAy3cAAAAJ&pagesize=50&citation_for_view=_ZIAy3cAAAAJ:8RAEygVn5_EC,"The use of cognitive heuristics often leads to fast and effective decisions. However, they can also systematically and predictably lead to errors known as cognitive biases. Strategies for minimizing or mitigating these biases, however, remain largely non-technological (e.g., training courses). The growing use of visual analytic (VA) tools for analysis and decision making enables a new class of bias mitigation strategies. In this work, we explore the ways in which the design of visualizations (vis) may be used to mitigate cognitive biases. We derive a design space comprised of 8 dimensions that can be manipulated to impact a user’s cognitive and analytic processes and describe them through an example hiring scenario. This design space can be used to guide and inform future vis systems that may integrate cognitive processes more closely."
Alex Endert,https://scholar.google.com/citations?user=_ZIAy3cAAAAJ&hl=en,_ZIAy3cAAAAJ,"Associate Professor, Georgia Tech",7731,"human-computer interaction, information visualization, visual analytics",http://va.gatech.edu/endert,A user‐based visual analytics workflow for exploratory model analysis,75,2019,https://scholar.google.com/citations?view_op=view_citation&hl=en&user=_ZIAy3cAAAAJ&pagesize=50&citation_for_view=_ZIAy3cAAAAJ:a2necdfpwlEC,"Many visual analytics systems allow users to interact with machine learning models towards the goals of data exploration and insight generation on a given dataset. However, in some situations, insights may be less important than the production of an accurate predictive model for future use. In that case, users are more interested in generating of diverse and robust predictive models, verifying their performance on holdout data, and selecting the most suitable model for their usage scenario. In this paper, we consider the concept of Exploratory Model Analysis (EMA), which is defined as the process of discovering and selecting relevant models that can be used to make predictions on a data source. We delineate the differences between EMA and the well‐known term exploratory data analysis in terms of the desired outcome of the analytic process: insights into the data or a set of deployable models. The contributions …"
Alex Endert,https://scholar.google.com/citations?user=_ZIAy3cAAAAJ&hl=en,_ZIAy3cAAAAJ,"Associate Professor, Georgia Tech",7731,"human-computer interaction, information visualization, visual analytics",http://va.gatech.edu/endert,Beyond control panels: Direct manipulation for visual analytics,75,2013,https://scholar.google.com/citations?view_op=view_citation&hl=en&user=_ZIAy3cAAAAJ&pagesize=50&citation_for_view=_ZIAy3cAAAAJ:qxL8FJ1GzNcC,"To tackle the onset of big data, visual analytics seeks to marry the human intuition of visualization with mathematical models' analytical horsepower. A critical question is, how will humans interact with and steer these complex models? Initially, users applied direct manipulation to such models the same way they applied it to simpler visualizations in the premodel era--using control panels to directly manipulate model parameters. However, opportunities are arising for direct manipulation of the model outputs, where the users' thought processes take place, rather than the inputs. This article presents this new agenda for direct manipulation for visual analytics."
Alex Endert,https://scholar.google.com/citations?user=_ZIAy3cAAAAJ&hl=en,_ZIAy3cAAAAJ,"Associate Professor, Georgia Tech",7731,"human-computer interaction, information visualization, visual analytics",http://va.gatech.edu/endert,Co-located collaborative sensemaking on a large high-resolution display with multiple input devices,75,2011,https://scholar.google.com/citations?view_op=view_citation&hl=en&user=_ZIAy3cAAAAJ&pagesize=50&citation_for_view=_ZIAy3cAAAAJ:d1gkVwhDpl0C,"This study adapts existing tools (Jigsaw and a text editor) to support multiple input devices, which were then used in a co-located collaborative intelligence analysis study conducted on a large, high-resolution display. Exploring the sensemaking process and user roles in pairs of analysts, the two-hour study used a fictional data set composed of 50 short textual documents that contained a terrorist plot and subject pairs who had experience working together. The large display facilitated the paired sensemaking process, allowing teams to spatially arrange information and conduct individual work as needed. We discuss how the space and the tools affected the approach to the analysis, how the teams collaborated, and the user roles that developed. Using these findings, we suggest design guidelines for future co-located collaborative tools."
Alex Endert,https://scholar.google.com/citations?user=_ZIAy3cAAAAJ&hl=en,_ZIAy3cAAAAJ,"Associate Professor, Georgia Tech",7731,"human-computer interaction, information visualization, visual analytics",http://va.gatech.edu/endert,Four perspectives on human bias in visual analytics,73,2018,https://scholar.google.com/citations?view_op=view_citation&hl=en&user=_ZIAy3cAAAAJ&pagesize=50&citation_for_view=_ZIAy3cAAAAJ:Oo1CbQkBAzEC,"Visual analytic systems, especially mixed-initiative systems, can steer analytical models and adapt views by making inferences from users’ behavioral patterns with the system. Because such systems rely on incorporating implicit and explicit user feedback, they are particularly susceptible to the injection and propagation of human biases. To ultimately guard against the potentially negative effects of systems biased by human users, we must first qualify what we mean by the term bias. Thus, in this chapter we describe four different perspectives on human bias that are particularly relevant to visual analytics. We discuss the interplay of human and computer system biases, particularly their roles in mixed-initiative systems. Given that the term bias is used to describe several different concepts, our goal is to facilitate a common language in research and development efforts by encouraging researchers to mindfully choose …"
Alex Endert,https://scholar.google.com/citations?user=_ZIAy3cAAAAJ&hl=en,_ZIAy3cAAAAJ,"Associate Professor, Georgia Tech",7731,"human-computer interaction, information visualization, visual analytics",http://va.gatech.edu/endert,Evaluating interactive graphical encodings for data visualization,70,2017,https://scholar.google.com/citations?view_op=view_citation&hl=en&user=_ZIAy3cAAAAJ&pagesize=50&citation_for_view=_ZIAy3cAAAAJ:CMvovTBb2okC,"User interfaces for data visualization often consist of two main components: control panels for user interaction and visual representation. A recent trend in visualization is directly embedding user interaction into the visual representations. For example, instead of using control panels to adjust visualization parameters, users can directly adjust basic graphical encodings (e.g., changing distances between points in a scatterplot) to perform similar parameterizations. However, enabling embedded interactions for data visualization requires a strong understanding of how user interactions influence the ability to accurately control and perceive graphical encodings. In this paper, we study the effectiveness of these graphical encodings when serving as the method for interaction. Our user study includes 12 interactive graphical encodings. We discuss the results in terms of task performance and interaction effectiveness metrics."
Alex Endert,https://scholar.google.com/citations?user=_ZIAy3cAAAAJ&hl=en,_ZIAy3cAAAAJ,"Associate Professor, Georgia Tech",7731,"human-computer interaction, information visualization, visual analytics",http://va.gatech.edu/endert,Designing large high-resolution display workspaces,63,2012,https://scholar.google.com/citations?view_op=view_citation&hl=en&user=_ZIAy3cAAAAJ&pagesize=50&citation_for_view=_ZIAy3cAAAAJ:0EnyYjriUFMC,"Large, high-resolution displays have enormous potential to aid in scenarios beyond their current usage. Their current usages are primarily limited to presentations, visualization demonstrations, or conducting experiments. In this paper, we present a new usage for such systems: an everyday workspace. We discuss how seemingly small large-display design decisions can have significant impacts on users' perceptions of these workspaces, and thus the usage of the space. We describe the effects that various physical configurations have on the overall usability and perception of the display. We present conclusions on how to broaden the usage scenarios of large, high-resolution displays to enable frequent and effective usage as everyday workspaces while still allowing transformation to collaborative or presentation spaces."
Alex Endert,https://scholar.google.com/citations?user=_ZIAy3cAAAAJ&hl=en,_ZIAy3cAAAAJ,"Associate Professor, Georgia Tech",7731,"human-computer interaction, information visualization, visual analytics",http://va.gatech.edu/endert,"Left, right, and gender: Exploring interaction traces to mitigate human biases",62,2021,https://scholar.google.com/citations?view_op=view_citation&hl=en&user=_ZIAy3cAAAAJ&pagesize=50&citation_for_view=_ZIAy3cAAAAJ:IHkkN1K1AlAC,"Human biases impact the way people analyze data and make decisions. Recent work has shown that some visualization designs can better support cognitive processes and mitigate cognitive biases (i.e., errors that occur due to the use of mental “shortcuts”). In this work, we explore how visualizing a user's interaction history (i.e., which data points and attributes a user has interacted with) can be used to mitigate potential biases that drive decision making by promoting conscious reflection of one's analysis process. Given an interactive scatterplot-based visualization tool, we showed interaction history in real-time while exploring data (by coloring points in the scatterplot that the user has interacted with), and in a summative format after a decision has been made (by comparing the distribution of user interactions to the underlying distribution of the data). We conducted a series of in-lab experiments and a crowd-sourced …"
Alex Endert,https://scholar.google.com/citations?user=_ZIAy3cAAAAJ&hl=en,_ZIAy3cAAAAJ,"Associate Professor, Georgia Tech",7731,"human-computer interaction, information visualization, visual analytics",http://va.gatech.edu/endert,The role of interactive visualization in fostering trust in AI,59,2021,https://scholar.google.com/citations?view_op=view_citation&hl=en&user=_ZIAy3cAAAAJ&pagesize=50&citation_for_view=_ZIAy3cAAAAJ:It0W0vAlS5QC,"The increasing use of artificial intelligence (AI) technologies across application domains has prompted our society to pay closer attention to AI's trustworthiness, fairness, interpretability, and accountability. In order to foster trust in AI, it is important to consider the potential of interactive visualization, and how such visualizations help build trust in AI systems. This manifesto discusses the relevance of interactive visualizations and makes the following four claims: i) trust is not a technical problem, ii) trust is dynamic, iii) visualization cannot address all aspects of trust, and iv) visualization is crucial for human agency in AI."
Alex Endert,https://scholar.google.com/citations?user=_ZIAy3cAAAAJ&hl=en,_ZIAy3cAAAAJ,"Associate Professor, Georgia Tech",7731,"human-computer interaction, information visualization, visual analytics",http://va.gatech.edu/endert,Visage: Interactive visual graph querying,59,2016,https://scholar.google.com/citations?view_op=view_citation&hl=en&user=_ZIAy3cAAAAJ&pagesize=50&citation_for_view=_ZIAy3cAAAAJ:u3T1itk59dMC,"Extracting useful patterns from large network datasets has become a fundamental challenge in many domains. We present Visage, an interactive visual graph querying approach that empowers users to construct expressive queries, without writing complex code (e.g., finding money laundering rings of bankers and business owners). Our contributions are as follows: (1) we introduce graph autocomplete, an interactive approach that guides users to construct and refine queries, preventing over-specification; (2) Visage guides the construction of graph queries using a data-driven approach, enabling users to specify queries with varying levels of specificity, from concrete and detailed (e.g., query by example), to abstract (e.g., with ""wildcard"" nodes of any types), to purely structural matching; (3) a twelve-participant, within-subject user study demonstrates Visage's ease of use and the ability to construct graph queries …"
Alex Endert,https://scholar.google.com/citations?user=_ZIAy3cAAAAJ&hl=en,_ZIAy3cAAAAJ,"Associate Professor, Georgia Tech",7731,"human-computer interaction, information visualization, visual analytics",http://va.gatech.edu/endert,Semantic interaction: Coupling cognition and computation through usable interactive analytics,59,2015,https://scholar.google.com/citations?view_op=view_citation&hl=en&user=_ZIAy3cAAAAJ&pagesize=50&citation_for_view=_ZIAy3cAAAAJ:isC4tDSrTZIC,"The success of visual analytics is predicated on the ability of users to interactively explore information. Humans think about their data through interactive visual exploration, including testing hypotheses, exploring anomalies, and other cognitive processes of building understanding from data. The claim that these insights are generated as a result of the interaction led the attendees at the Pacific Northwest National Laboratory (PNNL) workshop on ""Semantic Interaction: Coupling Cognition and Computation through Usable Interactive Analytics"" to posit that user interaction must play a more central role in visual analytics systems, serving as the method for coupling cognition and computation. The claims and design principles discussed in this workshop report present research directions to advance visual analytics via a user interaction approach called semantic interaction."
Alex Endert,https://scholar.google.com/citations?user=_ZIAy3cAAAAJ&hl=en,_ZIAy3cAAAAJ,"Associate Professor, Georgia Tech",7731,"human-computer interaction, information visualization, visual analytics",http://va.gatech.edu/endert,Characterizing automated data insights,58,2020,https://scholar.google.com/citations?view_op=view_citation&hl=en&user=_ZIAy3cAAAAJ&pagesize=50&citation_for_view=_ZIAy3cAAAAJ:GiYFt9mpioMC,"Many researchers have explored tools that aim to recommend data insights to users. These tools automatically communicate a rich diversity of data insights and offer such insights for many different purposes. However, there is a lack of structured understanding concerning what researchers of these tools mean by ""insight"" and what tasks in the analysis workflow these tools aim to support. We conducted a systematic review of existing systems that seek to recommend data insights. Grounded in the review, we propose 12 types of automated insights and four purposes of automating insights. We further discuss the design opportunities emerged from our analysis."
Alex Endert,https://scholar.google.com/citations?user=_ZIAy3cAAAAJ&hl=en,_ZIAy3cAAAAJ,"Associate Professor, Georgia Tech",7731,"human-computer interaction, information visualization, visual analytics",http://va.gatech.edu/endert,The semantics of clustering: analysis of user-generated spatializations of text documents,56,2012,https://scholar.google.com/citations?view_op=view_citation&hl=en&user=_ZIAy3cAAAAJ&pagesize=50&citation_for_view=_ZIAy3cAAAAJ:UebtZRa9Y70C,"Analyzing complex textual datasets consists of identifying connections and relationships within the data based on users' intuition and domain expertise. In a spatial workspace, users can do so implicitly by spatially arranging documents into clusters to convey similarity or relationships. Algorithms exist that spatialize and cluster such information mathematically based on similarity metrics. However, analysts often find inconsistencies in these generated clusters based on their expertise. Therefore, to support sensemaking, layouts must be co-created by the user and the model. In this paper, we present the results of a study observing individual users performing a sensemaking task in a spatial workspace. We examine the users' interactions during their analytic process, and also the clusters the users manually created. We found that specific interactions can act as valuable indicators of important structure within a dataset …"
Alex Endert,https://scholar.google.com/citations?user=_ZIAy3cAAAAJ&hl=en,_ZIAy3cAAAAJ,"Associate Professor, Georgia Tech",7731,"human-computer interaction, information visualization, visual analytics",http://va.gatech.edu/endert,"Beames: Interactive multimodel steering, selection, and inspection for regression tasks",54,2019,https://scholar.google.com/citations?view_op=view_citation&hl=en&user=_ZIAy3cAAAAJ&pagesize=50&citation_for_view=_ZIAy3cAAAAJ:BW2nPTmhBn4C,"Interactive model steering helps people incrementally build machine learning models that are tailored to their domain and task. Existing visual analytic tools allow people to steer a single model (e.g., assignment attribute weights used by a dimension reduction model). However, the choice of model is critical in such situations. What if the model chosen is suboptimal for the task, dataset, or question being asked? What if instead of parameterizing and steering this model, a different model provides a better fit? This paper presents a technique to allow users to inspect and steer multiple machine learning models. The technique steers and samples models from a broader set of learning algorithms and model types. We incorporate this technique into a visual analytic prototype, BEAMES, that allows users to perform regression tasks via multimodel steering. This paper demonstrates the effectiveness of BEAMES via a use …"
Alex Endert,https://scholar.google.com/citations?user=_ZIAy3cAAAAJ&hl=en,_ZIAy3cAAAAJ,"Associate Professor, Georgia Tech",7731,"human-computer interaction, information visualization, visual analytics",http://va.gatech.edu/endert,Visual encodings that support physical navigation on large displays.,53,2011,https://scholar.google.com/citations?view_op=view_citation&hl=en&user=_ZIAy3cAAAAJ&pagesize=50&citation_for_view=_ZIAy3cAAAAJ:9yKSN-GCB0IC,"Visual encodings are the medium through which information is displayed, perceived, interpreted, and finally transferred from a visualization to the user. Traditionally, such encodings display information as representations of length, color, size, slope, position, and other glyphs. Guidelines for such encodings have been proposed, but they generally assume a small display, small datasets, and a relatively static user. Large, high-resolution visualizations are able to display far more information simultaneously, allowing users to leverage physical navigation (movement) as an effective interaction through which to explore the data space. In this paper, we analyze if and how the choice of visual encodings for large, high-resolution visualizations affects physical navigation, and ultimately task performance for a spatial information visualization task."
Alex Endert,https://scholar.google.com/citations?user=_ZIAy3cAAAAJ&hl=en,_ZIAy3cAAAAJ,"Associate Professor, Georgia Tech",7731,"human-computer interaction, information visualization, visual analytics",http://va.gatech.edu/endert,Architext: Interactive hierarchical topic modeling,51,2020,https://scholar.google.com/citations?view_op=view_citation&hl=en&user=_ZIAy3cAAAAJ&pagesize=50&citation_for_view=_ZIAy3cAAAAJ:oldoQiaHq2UC,"Human-in-the-loop topic modeling allows users to explore and steer the process to produce better quality topics that align with their needs. When integrated into visual analytic systems, many existing automated topic modeling algorithms are given interactive parameters to allow users to tune or adjust them. However, this has limitations when the algorithms cannot be easily adapted to changes, and it is difficult to realize interactivity closely supported by underlying algorithms. Instead, we emphasize the concept of tight integration, which advocates for the need to co-develop interactive algorithms and interactive visual analytic systems in parallel to allow flexibility and scalability. In this article, we describe design goals for efficiently and effectively executing the concept of tight integration among computation, visualization, and interaction for hierarchical topic modeling of text data. We propose computational base …"
Alex Endert,https://scholar.google.com/citations?user=_ZIAy3cAAAAJ&hl=en,_ZIAy3cAAAAJ,"Associate Professor, Georgia Tech",7731,"human-computer interaction, information visualization, visual analytics",http://va.gatech.edu/endert,Understanding law enforcement strategies and needs for combating human trafficking,51,2019,https://scholar.google.com/citations?view_op=view_citation&hl=en&user=_ZIAy3cAAAAJ&pagesize=50&citation_for_view=_ZIAy3cAAAAJ:ShjGdcaqzI0C,"In working to rescue victims of human trafficking, law enforcement officers face a host of challenges. Working in complex, layered organizational structures, they face challenges of collaboration and communication. Online information is central to every phase of a human-trafficking investigation. With terabytes of available data such as sex work ads, policing is increasingly a big-data research problem. In this study, we interview sixteen law enforcement officers working to rescue victims of human trafficking to try to understand their computational needs. We highlight three major areas where future work in human-computer interaction can help. First, combating human trafficking requires advances in information visualization of large, complex, geospatial data, as victims are frequently forcibly moved across jurisdictions. Second, the need for unified information databases raises critical research issues of usable security …"
Alex Endert,https://scholar.google.com/citations?user=_ZIAy3cAAAAJ&hl=en,_ZIAy3cAAAAJ,"Associate Professor, Georgia Tech",7731,"human-computer interaction, information visualization, visual analytics",http://va.gatech.edu/endert,Mixed-initiative visual analytics using task-driven recommendations,51,2015,https://scholar.google.com/citations?view_op=view_citation&hl=en&user=_ZIAy3cAAAAJ&pagesize=50&citation_for_view=_ZIAy3cAAAAJ:M3NEmzRMIkIC,"Visual data analysis is composed of a collection of cognitive actions and tasks to decompose, internalize, and recombine data to produce knowledge and insight. Visual analytic tools provide interactive visual interfaces to data to support discovery and sensemaking tasks, including forming hypotheses, asking questions, and evaluating and organizing evidence. Myriad analytic models can be incorporated into visual analytic systems at the cost of increasing complexity in the analytic discourse between user and system. Techniques exist to increase the usability of interacting with analytic models, such as inferring data models from user interactions to steer the underlying models of the system via semantic interaction, shielding users from having to do so explicitly. Such approaches are often also referred to as mixed-initiative systems. Sensemaking researchers have called for development of tools that facilitate analytic …"
Alex Endert,https://scholar.google.com/citations?user=_ZIAy3cAAAAJ&hl=en,_ZIAy3cAAAAJ,"Associate Professor, Georgia Tech",7731,"human-computer interaction, information visualization, visual analytics",http://va.gatech.edu/endert,7 key challenges for visualization in cyber network defense,50,2014,https://scholar.google.com/citations?view_op=view_citation&hl=en&user=_ZIAy3cAAAAJ&pagesize=50&citation_for_view=_ZIAy3cAAAAJ:R3hNpaxXUhUC,"What does it take to be a successful visualization in cyber security? This question has been explored for some time, resulting in many potential solutions being developed and offered to the cyber security community. However, when one reflects upon the successful visualizations in this space they are left wondering where all those offerings have gone. Excel and Grep are still the kings of cyber security defense tools; there is a great opportunity to help in this domain, yet many visualizations fall short and are not utilized. In this paper we present seven challenges, informed by two user studies, to be considered when developing a visualization for cyber security purposes. Cyber security visualizations must go beyond isolated solutions and ""pretty picture"" visualizations in order to impact users. We provide an example prototype that addresses the challenges with a description of how they are met. Our aim is to assist in …"
Alex Endert,https://scholar.google.com/citations?user=_ZIAy3cAAAAJ&hl=en,_ZIAy3cAAAAJ,"Associate Professor, Georgia Tech",7731,"human-computer interaction, information visualization, visual analytics",http://va.gatech.edu/endert,Bixplorer: Visual analytics with biclusters,50,2013,https://scholar.google.com/citations?view_op=view_citation&hl=en&user=_ZIAy3cAAAAJ&pagesize=50&citation_for_view=_ZIAy3cAAAAJ:aqlVkmm33-oC,A prototype visual analytics tool uses data mining algorithms to find patterns in textual datasets and then supports exploration of these patterns in the form of biclusters on a high-resolution display.
Alex Endert,https://scholar.google.com/citations?user=_ZIAy3cAAAAJ&hl=en,_ZIAy3cAAAAJ,"Associate Professor, Georgia Tech",7731,"human-computer interaction, information visualization, visual analytics",http://va.gatech.edu/endert,Lumos: Increasing awareness of analytic behavior during visual data analysis,45,2021,https://scholar.google.com/citations?view_op=view_citation&hl=en&user=_ZIAy3cAAAAJ&pagesize=50&citation_for_view=_ZIAy3cAAAAJ:j8pvxH-kN2QC,"Visual data analysis tools provide people with the agency and flexibility to explore data using a variety of interactive functionalities. However, this flexibility may introduce potential consequences in situations where users unknowingly overemphasize or underemphasize specific subsets of the data or attribute space they are analyzing. For example, users may overemphasize specific attributes and/or their values (e.g., Gender is always encoded on the X axis), underemphasize others (e.g., Religion is never encoded), ignore a subset of the data (e.g., older people are filtered out), etc. In response, we present Lumos, a visual data analysis tool that captures and shows the interaction history with data to increase awareness of such analytic behaviors. Using in-situ (at the place of interaction) and ex-situ (in an external view) visualization techniques, Lumos provides real-time feedback to users for them to reflect on their …"
Alex Endert,https://scholar.google.com/citations?user=_ZIAy3cAAAAJ&hl=en,_ZIAy3cAAAAJ,"Associate Professor, Georgia Tech",7731,"human-computer interaction, information visualization, visual analytics",http://va.gatech.edu/endert,Causalvis: Visualizations for causal inference,41,2023,https://scholar.google.com/citations?view_op=view_citation&hl=en&user=_ZIAy3cAAAAJ&pagesize=50&citation_for_view=_ZIAy3cAAAAJ:xa5BkEQK8BgC,"Causal inference is a statistical paradigm for quantifying causal effects using observational data. It is a complex process, requiring multiple steps, iterations, and collaborations with domain experts. Analysts often rely on visualizations to evaluate the accuracy of each step. However, existing visualization toolkits are not designed to support the entire causal inference process within computational environments familiar to analysts. In this paper, we address this gap with Causalvis, a Python visualization package for causal inference. Working closely with causal inference experts, we adopted an iterative design process to develop four interactive visualization modules to support causal inference analysis tasks. The modules are then presented back to the experts for feedback and evaluation. We found that Causalvis effectively supported the iterative causal inference process. We discuss the implications of our findings …"
Alex Endert,https://scholar.google.com/citations?user=_ZIAy3cAAAAJ&hl=en,_ZIAy3cAAAAJ,"Associate Professor, Georgia Tech",7731,"human-computer interaction, information visualization, visual analytics",http://va.gatech.edu/endert,CAVA: A visual analytics system for exploratory columnar data augmentation using knowledge graphs,41,2020,https://scholar.google.com/citations?view_op=view_citation&hl=en&user=_ZIAy3cAAAAJ&pagesize=50&citation_for_view=_ZIAy3cAAAAJ:hKjooKYXoHIC,"Most visual analytics systems assume that all foraging for data happens before the analytics process; once analysis begins, the set of data attributes considered is fixed. Such separation of data construction from analysis precludes iteration that can enable foraging informed by the needs that arise in-situ during the analysis. The separation of the foraging loop from the data analysis tasks can limit the pace and scope of analysis. In this paper, we present CAVA, a system that integrates data curation and data augmentation with the traditional data exploration and analysis tasks, enabling information foraging in-situ during analysis. Identifying attributes to add to the dataset is difficult because it requires human knowledge to determine which available attributes will be helpful for the ensuing analytical tasks. CAVA crawls knowledge graphs to provide users with a a broad set of attributes drawn from external data to …"
Alex Endert,https://scholar.google.com/citations?user=_ZIAy3cAAAAJ&hl=en,_ZIAy3cAAAAJ,"Associate Professor, Georgia Tech",7731,"human-computer interaction, information visualization, visual analytics",http://va.gatech.edu/endert,A formative study of interactive bias metrics in visual analytics using anchoring bias,41,2019,https://scholar.google.com/citations?view_op=view_citation&hl=en&user=_ZIAy3cAAAAJ&pagesize=50&citation_for_view=_ZIAy3cAAAAJ:zzCxg_vo7cAC,"Interaction is the cornerstone of how people perform tasks and gain insight in visual analytics. However, people’s inherent cognitive biases impact their behavior and decision making during their interactive visual analytic process. Understanding how bias impacts the visual analytic process, how it can be measured, and how its negative effects can be mitigated is a complex problem space. Nonetheless, recent work has begun to approach this problem by proposing theoretical computational metrics that are applied to user interaction sequences to measure bias in real-time. In this paper, we implement and apply these computational metrics in the context of anchoring bias. We present the results of a formative study examining how the metrics can capture anchoring bias in real-time during a visual analytic task. We present lessons learned in the form of considerations for applying the metrics in a visual analytic tool …"
Alex Endert,https://scholar.google.com/citations?user=_ZIAy3cAAAAJ&hl=en,_ZIAy3cAAAAJ,"Associate Professor, Georgia Tech",7731,"human-computer interaction, information visualization, visual analytics",http://va.gatech.edu/endert,Facilitating conversational interaction in natural language interfaces for visualization,38,2022,https://scholar.google.com/citations?view_op=view_citation&hl=en&user=_ZIAy3cAAAAJ&pagesize=50&citation_for_view=_ZIAy3cAAAAJ:XtJa11BXPS4C,"Natural language (NL) toolkits enable visualization developers, who may not have a background in natural language processing (NLP), to create natural language interfaces (NLIs) for end-users to flexibly specify and interact with visualizations. However, these toolkits currently only support one-off utterances, with minimal capability to facilitate a multi-turn dialog between the user and the system. Developing NLIs with such conversational interaction capabilities remains a challenging task, requiring implementations of low-level NLP techniques to process a new query as an intent to follow-up on an older query. We extend an existing Python-based toolkit, NL4DV, that processes an NL query about a tabular dataset and returns an analytic specification containing data attributes, analytic tasks, and relevant visualizations, modeled as a JSON object. Specifically, NL4DV now enables developers to facilitate multiple …"
"Vijay Madisetti, Fellow IEEE",https://scholar.google.com/citations?user=_cAwG4gAAAAJ&hl=en,_cAwG4gAAAAJ,"Professor of Cybersecurity & Privacy, Georgia Tech",8556,"Cybersecurity, AI, Blockchain, DSP, Computers",http://www.ece.gatech.edu/~vkm,Blockchain platform for industrial internet of things,1062,2016,https://scholar.google.com/citations?view_op=view_citation&hl=en&user=_cAwG4gAAAAJ&pagesize=50&citation_for_view=_cAwG4gAAAAJ:4MWp96NkSFoC,"Internet of Things (IoT) are being adopted for industrial and manufacturing applications such as manufacturing automation, remote machine diagnostics, prognostic health management of industrial machines and supply chain management. Cloud-Based Manufacturing is a recent on-demand model of manufacturing that is leveraging IoT technologies. While Cloud-Based Manufacturing enables on-demand access to manufacturing resources, a trusted intermediary is required for transactions between the users who wish to avail manufacturing services. We present a decentralized, peer-to-peer platform called BPIIoT for Industrial Internet of Things based on the Block chain technology. With the use of Blockchain technology, the BPIIoT platform enables peers in a decentralized, trustless, peer-to-peer network to interact with each other without the need for a trusted intermediary."
"Vijay Madisetti, Fellow IEEE",https://scholar.google.com/citations?user=_cAwG4gAAAAJ&hl=en,_cAwG4gAAAAJ,"Professor of Cybersecurity & Privacy, Georgia Tech",8556,"Cybersecurity, AI, Blockchain, DSP, Computers",http://www.ece.gatech.edu/~vkm,Digital Signal Processing Handbook,989,2010,https://scholar.google.com/citations?view_op=view_citation&hl=en&user=_cAwG4gAAAAJ&pagesize=50&citation_for_view=_cAwG4gAAAAJ:XD-gHx7UXLsC,
"Vijay Madisetti, Fellow IEEE",https://scholar.google.com/citations?user=_cAwG4gAAAAJ&hl=en,_cAwG4gAAAAJ,"Professor of Cybersecurity & Privacy, Georgia Tech",8556,"Cybersecurity, AI, Blockchain, DSP, Computers",http://www.ece.gatech.edu/~vkm,Internet of Things - A Hands-On Approach,435,2014,https://scholar.google.com/citations?view_op=view_citation&hl=en&user=_cAwG4gAAAAJ&pagesize=50&citation_for_view=_cAwG4gAAAAJ:t7zJ5fGR-2UC,"Internet of Things (IoT) refers to physical and virtual objects that have unique identities and are connected to the internet to facilitate intelligent applications that make energy, logistics, industrial control, retail, agriculture and many other domains"" smarter"". Internet of Things is a new revolution of the Internet that is rapidly gathering momentum driven by the advancements in sensor networks, mobile devices, wireless communications, networking and cloud technologies. Experts forecast that by the year 2020 there will be a total of 50 billion devices/things connected to the internet. This book is written as a textbook on Internet of Things for educational programs at colleges and universities, and also for IoT vendors and service providers who may be interested in offering a broader perspective of Internet of Things to accompany their own customer and developer training programs. The typical reader is expected to have completed a couple of courses in programming using traditional high-level languages at the college-level, and is either a senior or a beginning graduate student in one of the science, technology, engineering or mathematics (STEM) fields. Like our companion book on Cloud Computing, we have tried to write a comprehensive book that transfers knowledge through an immersive"" hands on"" approach, where the reader is provided the necessary guidance and knowledge to develop working code for real-world IoT applications. Additional support is available at the book's website: www. internet-of-things-book. com Organization The book is organized into 3 main parts, comprising of a total of 11 chapters. Part I covers the building blocks of …"
"Vijay Madisetti, Fellow IEEE",https://scholar.google.com/citations?user=_cAwG4gAAAAJ&hl=en,_cAwG4gAAAAJ,"Professor of Cybersecurity & Privacy, Georgia Tech",8556,"Cybersecurity, AI, Blockchain, DSP, Computers",http://www.ece.gatech.edu/~vkm,A cloud-based approach for interoperable electronic health records (EHRs),322,2013,https://scholar.google.com/citations?view_op=view_citation&hl=en&user=_cAwG4gAAAAJ&pagesize=50&citation_for_view=_cAwG4gAAAAJ:Tiz5es2fbqcC,"We present a cloud-based approach for the design of interoperable electronic health record (EHR) systems. Cloud computing environments provide several benefits to all the stakeholders in the healthcare ecosystem (patients, providers, payers, etc.). Lack of data interoperability standards and solutions has been a major obstacle in the exchange of healthcare data between different stakeholders. We propose an EHR system - cloud health information systems technology architecture (CHISTAR) that achieves semantic interoperability through the use of a generic design methodology which uses a reference model that defines a general purpose set of data structures and an archetype model that defines the clinical data attributes. CHISTAR application components are designed using the cloud component model approach that comprises of loosely coupled components that communicate asynchronously. In this paper …"
"Vijay Madisetti, Fellow IEEE",https://scholar.google.com/citations?user=_cAwG4gAAAAJ&hl=en,_cAwG4gAAAAJ,"Professor of Cybersecurity & Privacy, Georgia Tech",8556,"Cybersecurity, AI, Blockchain, DSP, Computers",http://www.ece.gatech.edu/~vkm,Method and system for tuning blockchain scalability for fast and low-cost payment and transaction processing,231,2018,https://scholar.google.com/citations?view_op=view_citation&hl=en&user=_cAwG4gAAAAJ&pagesize=50&citation_for_view=_cAwG4gAAAAJ:q3CdL3IzO_QC,"ABSTRACT A method of synchronizing transactions between block chains comprising receiving first and second pluralities of transactions on a first private blockchain network and recording them to first and second private blocks on the first private blockchain network, respectively, generating a first merged block comprising the first private block and the second private block and recording the first merged block to a single block on a second blockchain network, recording each of the first and second private blocks and the first merged block to a first private smart contract linked to the first private blockchain network, performing a synchroniza tion process between the first private smart contract and a second smart contract linked to the second blockchain network, defining a second smart contract, and performing a checkpointing process between the first private smart con tract and the second smart contract. The first …"
"Vijay Madisetti, Fellow IEEE",https://scholar.google.com/citations?user=_cAwG4gAAAAJ&hl=en,_cAwG4gAAAAJ,"Professor of Cybersecurity & Privacy, Georgia Tech",8556,"Cybersecurity, AI, Blockchain, DSP, Computers",http://www.ece.gatech.edu/~vkm,Cyclostationary signal analysis,218,2017,https://scholar.google.com/citations?view_op=view_citation&hl=en&user=_cAwG4gAAAAJ&pagesize=50&citation_for_view=_cAwG4gAAAAJ:fFSKOagxvKUC,"Processes encountered in statistical signal processing, communications, and time series analysis applications are often assumed stationary. The plethora of available algorithms testifies to the need for processing and spectral analysis of stationary signals (see, eg,[42]). Due to the varying nature of physical phenomena and certain man-made operations, however, time-invariance and the related notion of stationarity are often violated in practice. Hence, study of time-varying systems and nonstationary processes is well motivated.Research in nonstationary signals and time-varying systems has led both to the development of adaptive algorithms and to several elegant tools, including short-time (or running) Fourier transforms, timefrequency representations such as the Wigner–Ville (a member of Cohen’s class of distributions), Loeve’s and Karhunen’s expansions (leading to the notion of evolutionary spectra), and time …"
"Vijay Madisetti, Fellow IEEE",https://scholar.google.com/citations?user=_cAwG4gAAAAJ&hl=en,_cAwG4gAAAAJ,"Professor of Cybersecurity & Privacy, Georgia Tech",8556,"Cybersecurity, AI, Blockchain, DSP, Computers",http://www.ece.gatech.edu/~vkm,VLSI digital signal processors,196,1995,https://scholar.google.com/citations?view_op=view_citation&hl=en&user=_cAwG4gAAAAJ&pagesize=50&citation_for_view=_cAwG4gAAAAJ:u-x6o8ySG0sC,"Devoted to real-time implementation and prototyping of DSP algorithms on both programmable and dedicated DSP's, this book offers a clear, cohesive, and quantitative systems-based approach to slale-of-lhe-ari research in VLSI digital signal processors. It is the first book to cover real-time implementation of DSP algorithms on both programmable and dedicated DSP's."
"Vijay Madisetti, Fellow IEEE",https://scholar.google.com/citations?user=_cAwG4gAAAAJ&hl=en,_cAwG4gAAAAJ,"Professor of Cybersecurity & Privacy, Georgia Tech",8556,"Cybersecurity, AI, Blockchain, DSP, Computers",http://www.ece.gatech.edu/~vkm,Tokens or crypto currency using smart contracts and blockchains,194,2019,https://scholar.google.com/citations?view_op=view_citation&hl=en&user=_cAwG4gAAAAJ&pagesize=50&citation_for_view=_cAwG4gAAAAJ:LO7wyVUgiFcC,"(57) ABSTRACT A method of exchanging value across a blockchain network comprising receiving first and second transaction smart contracts, recording the first transaction smart contract to the second transaction smart contract, and registering global variable names and defining values thereof. The method further comprises receiving a transaction notification and recording the transaction to the second transaction smart contract."
"Vijay Madisetti, Fellow IEEE",https://scholar.google.com/citations?user=_cAwG4gAAAAJ&hl=en,_cAwG4gAAAAJ,"Professor of Cybersecurity & Privacy, Georgia Tech",8556,"Cybersecurity, AI, Blockchain, DSP, Computers",http://www.ece.gatech.edu/~vkm,System on chip or system on package?,171,2002,https://scholar.google.com/citations?view_op=view_citation&hl=en&user=_cAwG4gAAAAJ&pagesize=50&citation_for_view=_cAwG4gAAAAJ:d1gkVwhDpl0C,"The authors propose a new system design paradigm, the system on package, which uses electronic product reengineering to meet time-to-market and performance requirements. The system on package promises a higher return on investment than the system on chip."
"Vijay Madisetti, Fellow IEEE",https://scholar.google.com/citations?user=_cAwG4gAAAAJ&hl=en,_cAwG4gAAAAJ,"Professor of Cybersecurity & Privacy, Georgia Tech",8556,"Cybersecurity, AI, Blockchain, DSP, Computers",http://www.ece.gatech.edu/~vkm,"Method and system for blockchain-based combined identity, ownership, integrity and custody management",165,2018,https://scholar.google.com/citations?view_op=view_citation&hl=en&user=_cAwG4gAAAAJ&pagesize=50&citation_for_view=_cAwG4gAAAAJ:86PQX7AUzd4C,"ABSTRACT A method of issuing blockchain-based digital certificates comprising receiving from a user hashed user identification information and object information, recording to a digital certificate smart contract deployed at a digital certificate smart contract address on a blockchain network the hashed user identification information and object information and a timestamp of when the hashed user identification informa tion and the object information were received, defined as a received timestamp, signing the digital certificate smart contract with an issuer signature, performing a user identity verification process to confirm a user identity, upon con firming the user identity, generating a combination certifi cate configured to be shared by the user to verify the user's ownership of an object associated with the object informa tion, and sending the combination certificate to the user."
"Vijay Madisetti, Fellow IEEE",https://scholar.google.com/citations?user=_cAwG4gAAAAJ&hl=en,_cAwG4gAAAAJ,"Professor of Cybersecurity & Privacy, Georgia Tech",8556,"Cybersecurity, AI, Blockchain, DSP, Computers",http://www.ece.gatech.edu/~vkm,Transaction Pools Using Smart Contracts and Blockchains,147,2019,https://scholar.google.com/citations?view_op=view_citation&hl=en&user=_cAwG4gAAAAJ&pagesize=50&citation_for_view=_cAwG4gAAAAJ:XvxMoLDsR5gC,"A method of exchanging value across a blockchain network including receiving lending offers from lenders, recording each lending offer to a lender smart contract on a blockchain network, and recording the lender smart contracts, defining a lending pool, to a lending pool smart contract on the blockchain network including lending pool conditions. The method may further include receiving a borrower request from a borrower including borrower conditions, recording the borrower request to a borrower smart contract on the blockchain network, determining if the borrower conditions fall within the lending pool conditions, and upon determin ing the borrower conditions fall within the lending pool conditions, recording the borrower smart contract to the lending pool smart contract."
"Vijay Madisetti, Fellow IEEE",https://scholar.google.com/citations?user=_cAwG4gAAAAJ&hl=en,_cAwG4gAAAAJ,"Professor of Cybersecurity & Privacy, Georgia Tech",8556,"Cybersecurity, AI, Blockchain, DSP, Computers",http://www.ece.gatech.edu/~vkm,Digital signal processing handbook,142,1997,https://scholar.google.com/citations?view_op=view_citation&hl=en&user=_cAwG4gAAAAJ&pagesize=50&citation_for_view=_cAwG4gAAAAJ:qjMakFHDy7sC,"From the Publisher: The field of digital signal processing (DSP) has spurreddevelopments from basic theory of discrete-time signals and processing tools to diverse applications in telecommunications, speech and acoustics, radar, and video. This volume provides an accessible reference, offering theoretical and practical information to the audience of DSP users. This immense compilation outlines both introductory and specialized aspects of information-bearing signals in digital form, creating a resource relevant to the expanding needs of the engineering community. It also explores the use of computers and special-purpose digital hardware in extracting information or transforming signals in advantageous ways. Impacted areas presented include: Telecommunications Computer engineering Acoustics Seismic data analysis DSP software and hardware Image and video processing Remote sensing Multimedia …"
"Vijay Madisetti, Fellow IEEE",https://scholar.google.com/citations?user=_cAwG4gAAAAJ&hl=en,_cAwG4gAAAAJ,"Professor of Cybersecurity & Privacy, Georgia Tech",8556,"Cybersecurity, AI, Blockchain, DSP, Computers",http://www.ece.gatech.edu/~vkm,Analyzing massive machine maintenance data in a computing cloud,132,2011,https://scholar.google.com/citations?view_op=view_citation&hl=en&user=_cAwG4gAAAAJ&pagesize=50&citation_for_view=_cAwG4gAAAAJ:HDshCWvjkbEC,"We present a novel framework, CloudView, for storage, processing and analysis of massive machine maintenance data, collected from a large number of sensors embedded in industrial machines, in a cloud computing environment. This paper describes the architecture, design, and implementation of CloudView, and how the proposed framework leverages the parallel computing capability of a computing cloud based on a large-scale distributed batch processing infrastructure that is built of commodity hardware. A case-based reasoning (CBR) approach is adopted for machine fault prediction, where the past cases of failure from a large number of machines are collected in a cloud. A case-base of past cases of failure is created using the global information obtained from a large number of machines. CloudView facilitates organization of sensor data and creation of case-base with global information. Case-base …"
"Vijay Madisetti, Fellow IEEE",https://scholar.google.com/citations?user=_cAwG4gAAAAJ&hl=en,_cAwG4gAAAAJ,"Professor of Cybersecurity & Privacy, Georgia Tech",8556,"Cybersecurity, AI, Blockchain, DSP, Computers",http://www.ece.gatech.edu/~vkm,The fast discrete Radon transform. I. Theory,132,1993,https://scholar.google.com/citations?view_op=view_citation&hl=en&user=_cAwG4gAAAAJ&pagesize=50&citation_for_view=_cAwG4gAAAAJ:2osOgNQ5qMEC,"An inversion scheme for reconstruction of images from projections based on the slope-intercept form of the discrete Radon transform is presented. A seminal algorithm for the forward and the inverse transforms proposed by G. Beylkin (1987) demonstrated poor dispersion characteristics for steep slopes and could not invert transforms based on nonlinear slope variations. By formulating the computation of a discrete computation of the continuous Radon transform formula, the authors explicitly derive fast generalized inversion methods that overcome the original shortcomings. The generalized forward (FRT) and inverse (IFRT) algorithms proposed are fast, eliminate interpolation calculations, and convert directly between a raster scan grid and a rectangular/polar grid in one step.<>"
"Vijay Madisetti, Fellow IEEE",https://scholar.google.com/citations?user=_cAwG4gAAAAJ&hl=en,_cAwG4gAAAAJ,"Professor of Cybersecurity & Privacy, Georgia Tech",8556,"Cybersecurity, AI, Blockchain, DSP, Computers",http://www.ece.gatech.edu/~vkm,Debugger operating system for embedded systems,96,2003,https://scholar.google.com/citations?view_op=view_citation&hl=en&user=_cAwG4gAAAAJ&pagesize=50&citation_for_view=_cAwG4gAAAAJ:UeHWp8X0CEIC,"Configuration of a debugger that Saves resources and debugs on a target System rather than from a host System. The target System Stores a table with global variables and addresses, and a module table with System-wide functions and addresses. In response to a trigger, a debugger module is loaded from the host System and linked to the target System by causing the debugger module to exchange information with the tables. The debugger module uses the table to find a variable address and Sets a pointer to the address. The debugger module provides the table with a local name and address of a variable local to the debugger module. The debugger module uses the module table to find an MT address of a function and sets a pointer to the MT address. The debugger module provides the module table with an MT address of a function local to the debugger module."
"Vijay Madisetti, Fellow IEEE",https://scholar.google.com/citations?user=_cAwG4gAAAAJ&hl=en,_cAwG4gAAAAJ,"Professor of Cybersecurity & Privacy, Georgia Tech",8556,"Cybersecurity, AI, Blockchain, DSP, Computers",http://www.ece.gatech.edu/~vkm,"Method and system for blockchain-based combined identity, ownership, integrity and custody management",94,2018,https://scholar.google.com/citations?view_op=view_citation&hl=en&user=_cAwG4gAAAAJ&pagesize=50&citation_for_view=_cAwG4gAAAAJ:PVjk1bu6vJQC,"ABSTRACT A method of issuing blockchain-based digital certificates comprising receiving from a user hashed user identification information and object information, recording to a digital certificate smart contract deployed at a digital certificate smart contract address on a blockchain network the hashed user identification information and object information and a timestamp of when the hashed user identification informa tion and the object information were received, defined as a received timestamp, signing the digital certificate smart contract with an issuer signature, performing a user identity verification process to confirm a user identity, upon con firming the user identity, generating a combination certifi cate configured to be shared by the user to verify the user's ownership of an object associated with the object informa tion, and sending the combination certificate to the user."
"Vijay Madisetti, Fellow IEEE",https://scholar.google.com/citations?user=_cAwG4gAAAAJ&hl=en,_cAwG4gAAAAJ,"Professor of Cybersecurity & Privacy, Georgia Tech",8556,"Cybersecurity, AI, Blockchain, DSP, Computers",http://www.ece.gatech.edu/~vkm,Blockchain applications: a hands-on approach,92,2017,https://scholar.google.com/citations?view_op=view_citation&hl=en&user=_cAwG4gAAAAJ&pagesize=50&citation_for_view=_cAwG4gAAAAJ:lmc2jWPfTJgC,"In the US, the services sector provides employment to about 100 million, while the manufacturing sector provides employment to about 20 million. These sectors are highly automated, and driven by sophisticated business processes forming an integral part of the digital economy. While the applications themselves may be distributed over the Internet in time and space, the core business, regulatory, and financial aspects of the digital economy are still centralized, with the need for centralized agencies (such as banks, customs authorities, and tax agencies) to authenticate and settle payments and transactions. These centralized services often are manual, difficult to automate, and represent a bottleneck to facilitating a frictionless digital economy. The next revolutionary step in the services and manufacturing economy of the future is the development of automated distributed applications that do not depend on these …"
"Vijay Madisetti, Fellow IEEE",https://scholar.google.com/citations?user=_cAwG4gAAAAJ&hl=en,_cAwG4gAAAAJ,"Professor of Cybersecurity & Privacy, Georgia Tech",8556,"Cybersecurity, AI, Blockchain, DSP, Computers",http://www.ece.gatech.edu/~vkm,Synthetic workload generation for cloud computing applications,92,2011,https://scholar.google.com/citations?view_op=view_citation&hl=en&user=_cAwG4gAAAAJ&pagesize=50&citation_for_view=_cAwG4gAAAAJ:R3hNpaxXUhUC,"We present techniques for characterization, modeling and generation of workloads for cloud computing applications. Methods for capturing the workloads of cloud computing applications in two different models-benchmark application and workload models are described. We give the design and implementation of a synthetic workload generator that accepts the benchmark and workload model specifications generated by the characterization and modeling of workloads of cloud computing applications. We propose the Georgia Tech Cloud Workload Specification Language (GT-CWSL) that provides a structured way for specification of application workloads. The GT-CWSL combines the specifications of benchmark and workload models to create workload specifications that are used by a synthetic workload generator to generate synthetic workloads for performance evaluation of cloud computing applications."
"Vijay Madisetti, Fellow IEEE",https://scholar.google.com/citations?user=_cAwG4gAAAAJ&hl=en,_cAwG4gAAAAJ,"Professor of Cybersecurity & Privacy, Georgia Tech",8556,"Cybersecurity, AI, Blockchain, DSP, Computers",http://www.ece.gatech.edu/~vkm,WOLF: A rollback algorithm for optimistic distributed simulation systems,92,1988,https://scholar.google.com/citations?view_op=view_citation&hl=en&user=_cAwG4gAAAAJ&pagesize=50&citation_for_view=_cAwG4gAAAAJ:9yKSN-GCB0IC,"Discrete event dynamical systems are used to model a number of engineering applications ranging from communication networks, distributed computing systems to manufacturing systems. A new analytical model is proposed for the analysis of asynchronous, optimistic distributed simulation of discrete event dynamical systems. The performance of traditional timewarp algorithms and that of a new rollback algorithm, Wolf, are examined in this framework and a comparison is attempted. A few preliminary implementations of Wolf on a distributed computing system confirm analytical results predicting a considerable reduction in error propagation, a decrease in the number of cancellations and an enhancement in the forward computation."
"Vijay Madisetti, Fellow IEEE",https://scholar.google.com/citations?user=_cAwG4gAAAAJ&hl=en,_cAwG4gAAAAJ,"Professor of Cybersecurity & Privacy, Georgia Tech",8556,"Cybersecurity, AI, Blockchain, DSP, Computers",http://www.ece.gatech.edu/~vkm,Methods and systems for operating secure digital management aware applications,91,2018,https://scholar.google.com/citations?view_op=view_citation&hl=en&user=_cAwG4gAAAAJ&pagesize=50&citation_for_view=_cAwG4gAAAAJ:S16KYo8Pm5AC,"(57) ABSTRACT A system and method for servicing secure data object management aware applications using a cloud-based host environment and a local secure container. The cloud-based host environment creates a controlled digital object from a master digital object, and activates a tether associated with the controlled digital object. The tether includes an access permission, and optionally an operation permission (e. g., view, delete, store, edit, and copy) and a command (e. g., timeout, destroy). The controlled digital object is stored to an isolated storage of the secure container. The tether contents control access and manipulation of the controlled digital object. Certain conditions (e. g., timeout period reached, anomalous data access pattern detected), cause the controlled digital object to be destroyed and/or the tether to be inactivated. In accordance with applicable law, the cloud based host environment utilizes …"
"Vijay Madisetti, Fellow IEEE",https://scholar.google.com/citations?user=_cAwG4gAAAAJ&hl=en,_cAwG4gAAAAJ,"Professor of Cybersecurity & Privacy, Georgia Tech",8556,"Cybersecurity, AI, Blockchain, DSP, Computers",http://www.ece.gatech.edu/~vkm,Method and system for identity and access management for blockchain interoperability,87,2022,https://scholar.google.com/citations?view_op=view_citation&hl=en&user=_cAwG4gAAAAJ&pagesize=50&citation_for_view=_cAwG4gAAAAJ:HbR8gkJAVGIC,"A method of generating wallets for discrete blockchain networks comprising receiving a primary and a first second ary seeds, generating an enhanced hierarchical deterministic (HD) wallet, comprising deriving an enhanced parent public key and an enhanced parent private key from the primary seed, generating a first toughened HD wallet, comprising deriving a first toughened parent public and private key pair from the first secondary seed, deriving a first toughened primary child public/private key pair from a function includ ing as inputs the first toughened parent public/private key pair, a first parent chain code, and the enhanced parent public key, and performing an identity registration and certification procedure for both the enhanced and the first toughened HD wallets. An identify of a user associated with each of the enhanced and the first toughened HD wallets is verifiable by (Continued)"
"Vijay Madisetti, Fellow IEEE",https://scholar.google.com/citations?user=_cAwG4gAAAAJ&hl=en,_cAwG4gAAAAJ,"Professor of Cybersecurity & Privacy, Georgia Tech",8556,"Cybersecurity, AI, Blockchain, DSP, Computers",http://www.ece.gatech.edu/~vkm,System and method for processing payments in fiat currency using blockchain and tethered tokens,74,2023,https://scholar.google.com/citations?view_op=view_citation&hl=en&user=_cAwG4gAAAAJ&pagesize=50&citation_for_view=_cAwG4gAAAAJ:9c2xU6iGI7YC,"A method of processing a payment including receiving a payment lookup request, identifying a user network account on a blockchain network, sending a payment authorization request to and receiving authorization from a user, transferring ownership of an in-network token responsive to the authorization, sending a debit request to a user financial account, receiving a debit response from the user financial account, sending a credit request to a receiver financial account, and receiving a credit response from the receiver financial account."
"Vijay Madisetti, Fellow IEEE",https://scholar.google.com/citations?user=_cAwG4gAAAAJ&hl=en,_cAwG4gAAAAJ,"Professor of Cybersecurity & Privacy, Georgia Tech",8556,"Cybersecurity, AI, Blockchain, DSP, Computers",http://www.ece.gatech.edu/~vkm,"Method and system for tuning blockchain scalability, decentralization, and security for fast and low-cost payment and transaction processing",74,2019,https://scholar.google.com/citations?view_op=view_citation&hl=en&user=_cAwG4gAAAAJ&pagesize=50&citation_for_view=_cAwG4gAAAAJ:_5tno0g5mFcC,"(54) METHOD AND SYSTEM FOR TUNING BLOCKCHAIN SCALABILITY, DECENTRALIZATION, AND SECURITY FOR FAST AND LOW-COST PAYMENT AND TRANSACTION PROCESSING"
"Vijay Madisetti, Fellow IEEE",https://scholar.google.com/citations?user=_cAwG4gAAAAJ&hl=en,_cAwG4gAAAAJ,"Professor of Cybersecurity & Privacy, Georgia Tech",8556,"Cybersecurity, AI, Blockchain, DSP, Computers",http://www.ece.gatech.edu/~vkm,"Method and system for tuning blockchain scalability, decentralization, and security for fast and low-cost payment and transaction processing",73,2019,https://scholar.google.com/citations?view_op=view_citation&hl=en&user=_cAwG4gAAAAJ&pagesize=50&citation_for_view=_cAwG4gAAAAJ:ClCfbGk0d_YC,"ABSTRACT A method for sharing data between blockchains in a multi chain network comprising accessing a first block on a first blockchain of a multi-chain network, generating a crypto graphic hash from the first block, defining a first anchor hash, recording the first anchor hash to a second block on a second blockchain of a multi-chain network, receiving a plurality of account addresses associated with the first and second blockchains and an account state for each account associated with the plurality of account addresses, a plurality of transactions, and a plurality of transaction receipts, gen erating a world state trie comprising a mapping between the first plurality of account addresses and the account states, a transactions trie comprising the plurality of transactions, and a transaction receipts trie comprising the plurality of trans actions receipts, and root hashes thereof, and recording the root hashes to each block of …"
"Vijay Madisetti, Fellow IEEE",https://scholar.google.com/citations?user=_cAwG4gAAAAJ&hl=en,_cAwG4gAAAAJ,"Professor of Cybersecurity & Privacy, Georgia Tech",8556,"Cybersecurity, AI, Blockchain, DSP, Computers",http://www.ece.gatech.edu/~vkm,Incorporating cost modeling in embedded-system design,70,2002,https://scholar.google.com/citations?view_op=view_citation&hl=en&user=_cAwG4gAAAAJ&pagesize=50&citation_for_view=_cAwG4gAAAAJ:zYLM7Y9cAGgC,"The emergence of multimedia and wireless applications as growth leaders has created an increased demand for embedded systems. Examples of such applications range from digital cellular telephones to high-performance avionics systems. Along with the increased market share of these products, however, has come an increase in system complexity and cost. For example, the complexity of embedded avionics systems has quickly grown from millions to billions of operations per second. These systems, formerly implemented in hardwired or uniprocessor architectures, now must consist of programmable-multiprocessor arrays to meet performance requirements. Time-to-market and life-cycle costs are key factors in the success of these products in the competitive electronics marketplace. These costs, therefore, should have a dominant influence on the design of embedded microelectronic systems. In addition, these …"
"Vijay Madisetti, Fellow IEEE",https://scholar.google.com/citations?user=_cAwG4gAAAAJ&hl=en,_cAwG4gAAAAJ,"Professor of Cybersecurity & Privacy, Georgia Tech",8556,"Cybersecurity, AI, Blockchain, DSP, Computers",http://www.ece.gatech.edu/~vkm,Big data science & analytics: A hands-on approach,68,2016,https://scholar.google.com/citations?view_op=view_citation&hl=en&user=_cAwG4gAAAAJ&pagesize=50&citation_for_view=_cAwG4gAAAAJ:vDijr-p_gm4C,"Data and information are fuel of this new age where powerful analytics algorithms burn this fuel to generate decisions that are expected to create a smarter and more efficient world for all of us to live in. This new area of technology has been defined as Big Data Science and Analytics, and the industrial and academic communities are realizing this as a competitive technology that can generate significant new wealth and opportunity. Big data is defined as collections of datasets whose volume, velocity or variety is so large that it is difficult to store, manage, process and analyze the data using traditional databases and data processing tools. Big data science and analytics deals with collection, storage, processing and analysis of massive-scale data. Industry surveys, by Gartner and e-Skills, for instance, predict that there will be over 2 million job openings for engineers and scientists trained in the area of data science …"
"Vijay Madisetti, Fellow IEEE",https://scholar.google.com/citations?user=_cAwG4gAAAAJ&hl=en,_cAwG4gAAAAJ,"Professor of Cybersecurity & Privacy, Georgia Tech",8556,"Cybersecurity, AI, Blockchain, DSP, Computers",http://www.ece.gatech.edu/~vkm,Smart contract optimization for multiparty service or product ordering system,64,2019,https://scholar.google.com/citations?view_op=view_citation&hl=en&user=_cAwG4gAAAAJ&pagesize=50&citation_for_view=_cAwG4gAAAAJ:umqufdRvDiIC,"A method of tracking orders through a blockchain network including receiving an indication of order placement, receiv ing a plurality of global variable registration requests from a plurality of linked smart contracts recorded to a first blockchain network responsive to an order placement at a global variable name system (GVNS), defining a global variable responsive to each global variable registration request, receiving a first status update related to the order from a first smart contract of the plurality of smart contracts, defining a first received status update, and updating a first global variable of the GVNS responsive to the first received status update, defining a first GVNS variable update. The first and second smart contracts include the first global variable and the value of the first global variable on each of the first and second smart contracts is updated responsive to the first GVNS variable update."
"Vijay Madisetti, Fellow IEEE",https://scholar.google.com/citations?user=_cAwG4gAAAAJ&hl=en,_cAwG4gAAAAJ,"Professor of Cybersecurity & Privacy, Georgia Tech",8556,"Cybersecurity, AI, Blockchain, DSP, Computers",http://www.ece.gatech.edu/~vkm,Method and System for Exchange of Value or Tokens Between Blockchain Networks,63,2019,https://scholar.google.com/citations?view_op=view_citation&hl=en&user=_cAwG4gAAAAJ&pagesize=50&citation_for_view=_cAwG4gAAAAJ:WJVC3Jt7v1AC,"A blockchain value transfer method including receiving a plurality of transaction requests, performing a balance check procedure on each transaction request to determining if the transaction value in first in-network tokens is greater than the present permitted transaction amount of the sending user account address, adding the transaction request to an aggre gate transaction record, determining a net transaction amount for each user account address for each transaction in the aggregate transaction record, with the transaction value for transactions including the user account address as the sending user account address as a debit and as the receiving user account address as a credit, and executing the net transaction amount for each user account address associated with the net transaction amount by transacting tokens to and from the user account addresses upon reaching an aggrega tion threshold."
"Vijay Madisetti, Fellow IEEE",https://scholar.google.com/citations?user=_cAwG4gAAAAJ&hl=en,_cAwG4gAAAAJ,"Professor of Cybersecurity & Privacy, Georgia Tech",8556,"Cybersecurity, AI, Blockchain, DSP, Computers",http://www.ece.gatech.edu/~vkm,The perceptual audio coder (PAC),63,1998,https://scholar.google.com/citations?view_op=view_citation&hl=en&user=_cAwG4gAAAAJ&pagesize=50&citation_for_view=_cAwG4gAAAAJ:nqdriD65xNoC,"PAC is a perceptual audio coder (PAC), that is flexible in format and bitrate, and provides high-quality audio compression over a variety of formats from 16 kb/s for a monophonic channel to 1024 kb/s for a 5.1 format with four or six auxiliary audio channels, and provisions for an ancillary (fixed rate) and auxiliary (variable rate) side data channel. In all of its forms it provides efficient compression of high-quality audio. For stereo audio signals, it provides near compact disk (CD) quality at about 56-64 kb/s, with transparent coding at bit rates approaching 128 kb/s. PAC has been tested both internally and externally by various organizations. In the 1993, ISO-MPEG-2 5-channel test, PAC demonstrated the best decoded audio signal quality available from any algorithm at 320 kb/s, far outperforming all algorithms, including the layer-II and layer-III backward compatible algorithms. PAC is the audio coder in most of the submissions to the US Digital Audio Radio (DAR) standardization project, at bit rates of 160 kb/s or 128 kb/s for two-channel audio compression. It has been adapted by various vendors for the delivery of high quality music over the Internet as well as ISDN links. Over the years PAC has evolved considerably. In this paper we present an overview of the PAC algorithm including some recently introduced features such as the use of a signal adaptive switched filterbank for efficient encoding of non-stationary signals."
"Vijay Madisetti, Fellow IEEE",https://scholar.google.com/citations?user=_cAwG4gAAAAJ&hl=en,_cAwG4gAAAAJ,"Professor of Cybersecurity & Privacy, Georgia Tech",8556,"Cybersecurity, AI, Blockchain, DSP, Computers",http://www.ece.gatech.edu/~vkm,Cloud Computing - A Hands-On Approach,62,2014,https://scholar.google.com/citations?view_op=view_citation&hl=en&user=_cAwG4gAAAAJ&pagesize=50&citation_for_view=_cAwG4gAAAAJ:z_wVstp3MssC,"About the Book Recent industry surveys expect the cloud computing services market to be in excess of $20 billion and cloud computing jobs to be in excess of 10 million worldwide in 2014 alone. In addition, since a majority of existing information technology (IT) jobs is focused on maintaining legacy in-house systems, the demand for these kinds of jobs is likely to drop rapidly if cloud computing continues to take hold of the industry. However, there are very few educational options available in the area of cloud computing beyond vendor-specific training by cloud providers themselves. Cloud computing courses have not found their way (yet) into mainstream college curricula. This book is written as a textbook on cloud computing for educational programs at colleges. It can also be used by cloud service providers who may be interested in offering a broader perspective of cloud computing to accompany their own customer and employee training programs. The typical reader is expected to have completed a couple of courses in programming using traditional high-level languages at the college-level, and is either a senior or a beginning graduate student in one of the science, technology, engineering or mathematics (STEM) fields. We have tried to write a comprehensive book that transfers knowledge through an immersive"" hands-on approach"", where the reader is provided the necessary guidance and knowledge to develop working code for real-world cloud applications. Additional support is available at the book's website: www. cloudcomputingbook. info Organization The book is organized into three main parts. Part I covers technologies that form the …"
"Vijay Madisetti, Fellow IEEE",https://scholar.google.com/citations?user=_cAwG4gAAAAJ&hl=en,_cAwG4gAAAAJ,"Professor of Cybersecurity & Privacy, Georgia Tech",8556,"Cybersecurity, AI, Blockchain, DSP, Computers",http://www.ece.gatech.edu/~vkm,Cloud Computing - A Hands-On Approach,62,2014,https://scholar.google.com/citations?view_op=view_citation&hl=en&user=_cAwG4gAAAAJ&pagesize=50&citation_for_view=_cAwG4gAAAAJ:VLnqNzywnoUC,"About the Book Recent industry surveys expect the cloud computing services market to be in excess of $20 billion and cloud computing jobs to be in excess of 10 million worldwide in 2014 alone. In addition, since a majority of existing information technology (IT) jobs is focused on maintaining legacy in-house systems, the demand for these kinds of jobs is likely to drop rapidly if cloud computing continues to take hold of the industry. However, there are very few educational options available in the area of cloud computing beyond vendor-specific training by cloud providers themselves. Cloud computing courses have not found their way (yet) into mainstream college curricula. This book is written as a textbook on cloud computing for educational programs at colleges. It can also be used by cloud service providers who may be interested in offering a broader perspective of cloud computing to accompany their own customer and employee training programs. The typical reader is expected to have completed a couple of courses in programming using traditional high-level languages at the college-level, and is either a senior or a beginning graduate student in one of the science, technology, engineering or mathematics (STEM) fields. We have tried to write a comprehensive book that transfers knowledge through an immersive"" hands-on approach"", where the reader is provided the necessary guidance and knowledge to develop working code for real-world cloud applications. Additional support is available at the book's website: www. cloudcomputingbook. info Organization The book is organized into three main parts. Part I covers technologies that form the …"
"Vijay Madisetti, Fellow IEEE",https://scholar.google.com/citations?user=_cAwG4gAAAAJ&hl=en,_cAwG4gAAAAJ,"Professor of Cybersecurity & Privacy, Georgia Tech",8556,"Cybersecurity, AI, Blockchain, DSP, Computers",http://www.ece.gatech.edu/~vkm,Cloud Computing A Hands-On Approach,62,,https://scholar.google.com/citations?view_op=view_citation&hl=en&user=_cAwG4gAAAAJ&pagesize=50&citation_for_view=_cAwG4gAAAAJ:ILKRHgRFtOwC,
"Vijay Madisetti, Fellow IEEE",https://scholar.google.com/citations?user=_cAwG4gAAAAJ&hl=en,_cAwG4gAAAAJ,"Professor of Cybersecurity & Privacy, Georgia Tech",8556,"Cybersecurity, AI, Blockchain, DSP, Computers",http://www.ece.gatech.edu/~vkm,The MIMDIX operating system for parallel simulation,54,1992,https://scholar.google.com/citations?view_op=view_citation&hl=en&user=_cAwG4gAAAAJ&pagesize=50&citation_for_view=_cAwG4gAAAAJ:IjCSPb-OGe4C,"The enormous computational requirement in the sim-ulation of event-driven dynamical systems is matched only by its widespread regime of application. Discrete event-driven simulation is routinely used in many aspects of science and engineering, management, opera-tions research, medicine and climate modeling, to name a few, as a means to study and understand complex physical phenomena when concrete analytical models are either unavailable, or are intractable. Numerical simulation has, with good reason, been considered one of the challenges to computing technologies of the future. With the rapid growth and development of av ariety of parallel computers, it was a natural outcome of a desire to improve performance that led to the devel-opment of efficient parallel simulators for event-driven systems [1].The MIMDIX Operating System 1.0 is a second gen-eration operating system for providing support for sim-ulations of both open and closed dynamical event-driven systems on parallel computers. It has built upon the research and experience of nearly a decade [3, 4, 7, 8, 11]. The beginnings of parallel simulators can be traced to"
"Vijay Madisetti, Fellow IEEE",https://scholar.google.com/citations?user=_cAwG4gAAAAJ&hl=en,_cAwG4gAAAAJ,"Professor of Cybersecurity & Privacy, Georgia Tech",8556,"Cybersecurity, AI, Blockchain, DSP, Computers",http://www.ece.gatech.edu/~vkm,"Next-generation applications on cellular networks: trends, challenges, and solutions",53,2012,https://scholar.google.com/citations?view_op=view_citation&hl=en&user=_cAwG4gAAAAJ&pagesize=50&citation_for_view=_cAwG4gAAAAJ:L8Ckcad2t8MC,"Applications over cellular networks now range from operator–consumer applications (e.g., mobile television, voice-over-ip, video conferencing), peer-to-peer applications (e.g., instant messaging), machine-to-machine applications (e.g., data telemetry and automotive applications), mobile web services (e.g., music and video streaming), and social networking applications. The current approach for developing mobile applications appears to focus on utilizing template-based application-development kits provided by platform developers (e.g., Google's Android, Apple's iOS, or Nokia's Symbian) to capture application designs and install them on the runtime platforms through use of code generators tied to particular versions of the platform. It is still unclear as to how an application developer (or network operator) conceptualizes the features of a mobile application in a platform-independent way, identifies its utility and …"
"Vijay Madisetti, Fellow IEEE",https://scholar.google.com/citations?user=_cAwG4gAAAAJ&hl=en,_cAwG4gAAAAJ,"Professor of Cybersecurity & Privacy, Georgia Tech",8556,"Cybersecurity, AI, Blockchain, DSP, Computers",http://www.ece.gatech.edu/~vkm,Whispered tuning: Data privacy preservation in fine-tuning llms through differential privacy,52,2024,https://scholar.google.com/citations?view_op=view_citation&hl=en&user=_cAwG4gAAAAJ&pagesize=50&citation_for_view=_cAwG4gAAAAJ:DyXnQzXoVgIC,
"Vijay Madisetti, Fellow IEEE",https://scholar.google.com/citations?user=_cAwG4gAAAAJ&hl=en,_cAwG4gAAAAJ,"Professor of Cybersecurity & Privacy, Georgia Tech",8556,"Cybersecurity, AI, Blockchain, DSP, Computers",http://www.ece.gatech.edu/~vkm,Bandwidth aggregation with SCTP,51,2003,https://scholar.google.com/citations?view_op=view_citation&hl=en&user=_cAwG4gAAAAJ&pagesize=50&citation_for_view=_cAwG4gAAAAJ:Y0pCki6q_DkC,"We present a number of modifications to the stream control transmission protocol (SCTP) recently adopted by IETF; they allow bandwidth aggregation over the multiple interfaces of a host. We show that it is possible to implement a number of algorithms for bandwidth aggregation, with only a small number of modifications to the basic SCTP. Our simulation results clearly depict the efficiency of our approach in terms of bandwidth utilization. Furthermore, we implement and evaluate a mechanism for identifying bottlenecks that are shared by flows from the same aggregate connection. Our purpose is to show that SCTP is a good candidate for building a practical protocol for bandwidth aggregation that is fair and supportive of TCP."
"Vijay Madisetti, Fellow IEEE",https://scholar.google.com/citations?user=_cAwG4gAAAAJ&hl=en,_cAwG4gAAAAJ,"Professor of Cybersecurity & Privacy, Georgia Tech",8556,"Cybersecurity, AI, Blockchain, DSP, Computers",http://www.ece.gatech.edu/~vkm,Verifying integrity and secure operations of cloud-based software services,45,2022,https://scholar.google.com/citations?view_op=view_citation&hl=en&user=_cAwG4gAAAAJ&pagesize=50&citation_for_view=_cAwG4gAAAAJ:BrOSOlqYqPUC,"H04L9/32—Cryptographic mechanisms or cryptographic arrangements for secret or secure communications; Network security protocols including means for verifying the identity or authority of a user of the system or for message authentication, eg authorization, entity authentication, data integrity or data verification, non-repudiation, key authentication or verification of credentialsH04L9/3236—Cryptographic mechanisms or cryptographic arrangements for secret or secure communications; Network security protocols including means for verifying the identity or authority of a user of the system or for message authentication, eg authorization, entity authentication, data integrity or data verification, non-repudiation, key authentication or verification of credentials using cryptographic hash functions"
"Vijay Madisetti, Fellow IEEE",https://scholar.google.com/citations?user=_cAwG4gAAAAJ&hl=en,_cAwG4gAAAAJ,"Professor of Cybersecurity & Privacy, Georgia Tech",8556,"Cybersecurity, AI, Blockchain, DSP, Computers",http://www.ece.gatech.edu/~vkm,Using a new protocol to enhance path reliability and realize load balancing in mobile ad hoc networks,45,2006,https://scholar.google.com/citations?view_op=view_citation&hl=en&user=_cAwG4gAAAAJ&pagesize=50&citation_for_view=_cAwG4gAAAAJ:Zph67rFs4hoC,"In this paper we introduce a novel end-to-end approach for achieving the dual goal of enhanced reliability under path failures, and multi-path load balancing in mobile ad hoc networks (MANETs). These goals are achieved by fully exploiting the presence of multiple paths in mobile ad hoc networks in order to jointly attack the problems of frequent route failures and load balancing. More specifically, we built a disjoint-path identification mechanism for maintaining multiple routes between two endpoints on top of the Stream Control Transmission Protocol (SCTP), and the Dynamic Source Routing (DSR) protocol. A number of additional modifications are incorporated to the SCTP protocol in order to allow its smooth operation. The proposed approach differs from previously related work since it consists of an entirely end-to-end scheme built on top of a transport layer protocol. We provide both analytical and simulation …"
"Vijay Madisetti, Fellow IEEE",https://scholar.google.com/citations?user=_cAwG4gAAAAJ&hl=en,_cAwG4gAAAAJ,"Professor of Cybersecurity & Privacy, Georgia Tech",8556,"Cybersecurity, AI, Blockchain, DSP, Computers",http://www.ece.gatech.edu/~vkm,Method and system for tuning blockchain scalability for fast and low-cost payment and transaction processing,43,2019,https://scholar.google.com/citations?view_op=view_citation&hl=en&user=_cAwG4gAAAAJ&pagesize=50&citation_for_view=_cAwG4gAAAAJ:6ZxmRoH8BuwC,FFBHFFJDDLITSX-UHFFFAOYSA-N benzyl N-[2-hydroxy-4-(3-oxomorpholin-4-yl) phenyl] carbamate Chemical compound OC1= C (NC (= O) OCC2= CC= CC= C2) C= CC (= C1) N1CCOCC1= O FFBHFFJDDLITSX-UHFFFAOYSA-N 0.000 description 4
"Vijay Madisetti, Fellow IEEE",https://scholar.google.com/citations?user=_cAwG4gAAAAJ&hl=en,_cAwG4gAAAAJ,"Professor of Cybersecurity & Privacy, Georgia Tech",8556,"Cybersecurity, AI, Blockchain, DSP, Computers",http://www.ece.gatech.edu/~vkm,Detection: Determining the number of sources,42,1999,https://scholar.google.com/citations?view_op=view_citation&hl=en&user=_cAwG4gAAAAJ&pagesize=50&citation_for_view=_cAwG4gAAAAJ:uVUOdF_882EC,"The processing of signals received by sensor arrays generally can be separated into two problems:(1) detecting the number of sources and (2) isolating and analyzing the signal produced by each source. We make this distinction because many of the algorithms for separating and processing array signals make the assumption that the number of sources is known a priori and may give misleading results if the wrong number of sources is used [3]. A good example are the errors produced by many high resolution bearing estimation algorithms (eg, MUSIC) when the wrong number of sources is assumed. Because, in general, it is easier to determine how many signals are present than to estimate the bearings of those signals, signal detection algorithms typically can correctly determine the number of signals present even when bearing estimation algorithms cannot resolve them. In fact, the capability of an array to resolve two closely spaced sources could be said to be limited by its ability to detect that there are actually two sources present. If we have a reliable method of determining the number of sources, not only can we correctly use high resolution bearing estimation algorithms, but we can also use this knowledge to utilize more effectively the information obtained from the bearing estimation algorithms. If the bearing estimation algorithm gives fewer source directions than we know there are sources, then we know that there is more than one source in at least one of those directions and have thus essentially increased the resolution of the algorithm. If analysis of the information provided by the bearing estimation algorithm indicates more source …"
"Vijay Madisetti, Fellow IEEE",https://scholar.google.com/citations?user=_cAwG4gAAAAJ&hl=en,_cAwG4gAAAAJ,"Professor of Cybersecurity & Privacy, Georgia Tech",8556,"Cybersecurity, AI, Blockchain, DSP, Computers",http://www.ece.gatech.edu/~vkm,Internet of things,41,2014,https://scholar.google.com/citations?view_op=view_citation&hl=en&user=_cAwG4gAAAAJ&pagesize=50&citation_for_view=_cAwG4gAAAAJ:kh2fBNsKQNwC,"Internet of Things (IoT) refers to physical and virtual objects that have unique identities and are connected to the internet to facilitate intelligent applications that make energy, logistics, industrial control, retail, agriculture and many other domains ""smarter"". Internet of Things is a new revolution of the Internet that is rapidly gathering momentum driven by the advancements in sensor networks, mobile devices, wireless communications, networking and cloud technologies. Experts forecast that by the year 2020 there will be a total of 50 billion devices/things connected to the internet. This book is written as a textbook on Internet of Things for educational programs at colleges and universities, and also for IoT vendors and service providers who may be interested in offering a broader perspective of Internet of Things to accompany their own customer and developer training programs. The typical reader is expected to have …"
"Vijay Madisetti, Fellow IEEE",https://scholar.google.com/citations?user=_cAwG4gAAAAJ&hl=en,_cAwG4gAAAAJ,"Professor of Cybersecurity & Privacy, Georgia Tech",8556,"Cybersecurity, AI, Blockchain, DSP, Computers",http://www.ece.gatech.edu/~vkm,Virtual prototyping of embedded microcontroller-based DSP systems,40,2002,https://scholar.google.com/citations?view_op=view_citation&hl=en&user=_cAwG4gAAAAJ&pagesize=50&citation_for_view=_cAwG4gAAAAJ:_FxGoFyzp5QC,"We propose a hardware-software codesign process based on a design methodology called virtual prototyping. With this process, we integrate VHDL models of hardware components with application, control and diagnostic software to rapidly prototype complex, multiboard, embedded microcontroller-based DSP systems. In the virtual prototyping of a demonstration avionics system, in collaboration with Lockheed Sanders, Hughes, and Motorola RASSP teams, we reduced hardware-software integration and system test times from the typical industry figure of 10-24 months to less than a month.<>"
"Vijay Madisetti, Fellow IEEE",https://scholar.google.com/citations?user=_cAwG4gAAAAJ&hl=en,_cAwG4gAAAAJ,"Professor of Cybersecurity & Privacy, Georgia Tech",8556,"Cybersecurity, AI, Blockchain, DSP, Computers",http://www.ece.gatech.edu/~vkm,Healthcare data integration and informatics in the cloud,39,2015,https://scholar.google.com/citations?view_op=view_citation&hl=en&user=_cAwG4gAAAAJ&pagesize=50&citation_for_view=_cAwG4gAAAAJ:yB1At4FlUx8C,"An information integration and informatics framework for healthcare applications leverages the parallel computing capability of a cloud-based, large-scale distributed batch-processing infrastructure built with commodity hardware. The result is new flexibility for developers of advanced healthcare applications."
"Vijay Madisetti, Fellow IEEE",https://scholar.google.com/citations?user=_cAwG4gAAAAJ&hl=en,_cAwG4gAAAAJ,"Professor of Cybersecurity & Privacy, Georgia Tech",8556,"Cybersecurity, AI, Blockchain, DSP, Computers",http://www.ece.gatech.edu/~vkm,Dynamic operating system,38,2003,https://scholar.google.com/citations?view_op=view_citation&hl=en&user=_cAwG4gAAAAJ&pagesize=50&citation_for_view=_cAwG4gAAAAJ:ULOm3_A8WrAC,"Linking of a new or updated module to an operating System without affecting other modules, and without reboot or recompilation. A core module includes a table of locations of application program interfaces of other modules. A Selected module is linked to the core module. Specifically, the module is initialized and provided with a pointer to the core module's table. The table is provided with an address of the APIs of the module. The other modules are unaffected by the linking because they are not provided with the address of the module. A reboot or recompilation of the operating System is unnecessary because the other modules are unaffected. Nevertheless, the other modules have access to the APIs of the module and to each others' APIs through the core module. The other modules include a pointer to the core17, 2001. module's table to access the"
"Vijay Madisetti, Fellow IEEE",https://scholar.google.com/citations?user=_cAwG4gAAAAJ&hl=en,_cAwG4gAAAAJ,"Professor of Cybersecurity & Privacy, Georgia Tech",8556,"Cybersecurity, AI, Blockchain, DSP, Computers",http://www.ece.gatech.edu/~vkm,Quick-Turnaround ASIC Design in VHDL: Core-Based Behavioral Synthesis,38,1996,https://scholar.google.com/citations?view_op=view_citation&hl=en&user=_cAwG4gAAAAJ&pagesize=50&citation_for_view=_cAwG4gAAAAJ:iyewoVqAXLQC,"Modern digital signal processing applications provide a large challenge to the system designer. Algorithms are becoming increasingly complex, and yet they must be realized with tight performance constraints. Nevertheless, these DSP algorithms are often built from many constituent canonical subtasks (eg, IIR and FIR filters, FFTs) that can be reused in other subtasks. Design is then a problem of composing these core entities into a cohesive whole to provide both the intended functionality and the required performance.In order to organize the design process, there have been two major approaches. The top-down approach starts with an abstract, concise, functional description which can be quickly generated. On the other hand, the bottom-up approach starts from a detailed low-level design where performance can be directly assessed, but where the requisite design and interface detail take a long time to generate …"
"Vijay Madisetti, Fellow IEEE",https://scholar.google.com/citations?user=_cAwG4gAAAAJ&hl=en,_cAwG4gAAAAJ,"Professor of Cybersecurity & Privacy, Georgia Tech",8556,"Cybersecurity, AI, Blockchain, DSP, Computers",http://www.ece.gatech.edu/~vkm,Reliable real-time applications on android os,37,2010,https://scholar.google.com/citations?view_op=view_citation&hl=en&user=_cAwG4gAAAAJ&pagesize=50&citation_for_view=_cAwG4gAAAAJ:blknAaTinKkC,"The Android operating system (OS) is widely used within several types of embedded & mobile platforms, including mobile phones and tablets, and the industry is exploring the ability of Android within other embedded platforms, ie, automotive or military, that require real-time guarantees and the ability to meet deadlines as a pre-requisite for reliable operation. In this paper, we present preliminary conclusions on Android’s real-time behavior based on experimental measurements performed on a commercially available Android platform."
"Vijay Madisetti, Fellow IEEE",https://scholar.google.com/citations?user=_cAwG4gAAAAJ&hl=en,_cAwG4gAAAAJ,"Professor of Cybersecurity & Privacy, Georgia Tech",8556,"Cybersecurity, AI, Blockchain, DSP, Computers",http://www.ece.gatech.edu/~vkm,"Rapid digital system prototyping: Current practice, future challenges",37,2002,https://scholar.google.com/citations?view_op=view_citation&hl=en&user=_cAwG4gAAAAJ&pagesize=50&citation_for_view=_cAwG4gAAAAJ:LkGwnXOMwfcC,"A top-down methodology that emphasizes modular, upgradable designs solves some problems with the current design process for application-specific signal processors. Virtual prototyping, model year architectures, and reuse-based design form the pillars of this new approach, which promises to raise industrial design productivity and competitiveness."
"Vijay Madisetti, Fellow IEEE",https://scholar.google.com/citations?user=_cAwG4gAAAAJ&hl=en,_cAwG4gAAAAJ,"Professor of Cybersecurity & Privacy, Georgia Tech",8556,"Cybersecurity, AI, Blockchain, DSP, Computers",http://www.ece.gatech.edu/~vkm,Streaming h. 264/avc video over the internet,36,2004,https://scholar.google.com/citations?view_op=view_citation&hl=en&user=_cAwG4gAAAAJ&pagesize=50&citation_for_view=_cAwG4gAAAAJ:ufrVoPGSRksC,"We propose a novel end-to-end architecture for streaming H.264/AVC (advanced video coding) unicast video over the Internet. The proposed video streaming architecture is based primarily on a new transport layer protocol, the stream control transmission protocol (SCTP). We show that the network-friendly specification of H.264/AVC and the novel technical characteristics of SCTP, when coupled together are able to provide a highly adaptive and flexible system for unicast video streaming. With simulation results we prove (1) that our system is capable of maintaining good perceptual quality under various loss conditions and (2) that the proposed system maintains TCP-friendliness."
"Vijay Madisetti, Fellow IEEE",https://scholar.google.com/citations?user=_cAwG4gAAAAJ&hl=en,_cAwG4gAAAAJ,"Professor of Cybersecurity & Privacy, Georgia Tech",8556,"Cybersecurity, AI, Blockchain, DSP, Computers",http://www.ece.gatech.edu/~vkm,Finite wordlength effects,35,2017,https://scholar.google.com/citations?view_op=view_citation&hl=en&user=_cAwG4gAAAAJ&pagesize=50&citation_for_view=_cAwG4gAAAAJ:foquWX3nUaYC,"Practical digital filters must be implemented with finite precision numbers and arithmetic. As a result, both the filter coefficients and the filter input and output signals are in discrete form. This leads to four types of finite wordlength effects.Discretization (quantization) of the filter coefficients has the effect of perturbing the location of the filter poles and zeros. As a result, the actual filter response differs slightly from the ideal response. This deterministic frequency response error is referred to as coefficient quantization error. The use of finite precision arithmetic makes it necessary to quantize filter calculations by rounding or truncation. Roundoff noise is that error in the filter output that results from rounding or truncating calculations within the filter. As the name implies, this error looks like low-level noise at the filter output."
"Vijay Madisetti, Fellow IEEE",https://scholar.google.com/citations?user=_cAwG4gAAAAJ&hl=en,_cAwG4gAAAAJ,"Professor of Cybersecurity & Privacy, Georgia Tech",8556,"Cybersecurity, AI, Blockchain, DSP, Computers",http://www.ece.gatech.edu/~vkm,SyD: A middleware testbed for collaborative applications over small heterogeneous devices and data stores,35,2004,https://scholar.google.com/citations?view_op=view_citation&hl=en&user=_cAwG4gAAAAJ&pagesize=50&citation_for_view=_cAwG4gAAAAJ:Tyk-4Ss8FVUC,"Developing a collaborative application running on a collection of heterogeneous, possibly mobile, devices, each potentially hosting data stores, using existing middleware technologies such as JXTA, BREW, compact .NET and J2ME requires too many ad-hoc techniques as well as cumbersome and time-consuming programming. Our System on Mobile Devices (SyD) middleware, on the other hand, has a modular architecture that makes such application development very systematic and streamlined. The architecture supports transactions over mobile data stores, with a range of remote group invocation options and embedded interdependencies among such data store objects. The architecture further provides a persistent uniform object view, group transaction with Quality of Service (QoS) specifications, and XML vocabulary for inter-device communication. This paper presents the basic SyD concepts and introduces …"
Zongchen Chen,https://scholar.google.com/citations?user=_pdhnmwAAAAJ&hl=en,_pdhnmwAAAAJ,Georgia Tech,958,"Randomized Algorithms, Discrete Probability, Machine Learning",https://sites.gatech.edu/zongchenchen/,Optimal Mixing of Glauber Dynamics: Entropy Factorization via High-Dimensional Expansion,170,2021,https://scholar.google.com/citations?view_op=view_citation&hl=en&user=_pdhnmwAAAAJ&pagesize=50&citation_for_view=_pdhnmwAAAAJ:ufrVoPGSRksC,"We prove an optimal mixing time bound for the single-site update Markov chain known as the Glauber dynamics or Gibbs sampling in a variety of settings. Our work presents an improved version of the spectral independence approach of Anari et al. (2020) and shows O(nlogn) mixing time on any n-vertex graph of bounded degree when the maximum eigenvalue of an associated influence matrix is bounded. As an application of our results, for the hard-core model on independent sets weighted by a fugacity λ, we establish O(nlogn) mixing time for the Glauber dynamics on any n-vertex graph of constant maximum degree Δ when λ<λc(Δ) where λc(Δ) is the critical point for the uniqueness/non-uniqueness phase transition on the Δ-regular tree. More generally, for any antiferromagnetic 2-spin system we prove O(nlogn) mixing time of the Glauber dynamics on any bounded degree graph in the corresponding tree …"
Zongchen Chen,https://scholar.google.com/citations?user=_pdhnmwAAAAJ&hl=en,_pdhnmwAAAAJ,Georgia Tech,958,"Randomized Algorithms, Discrete Probability, Machine Learning",https://sites.gatech.edu/zongchenchen/,Rapid mixing of Glauber dynamics up to uniqueness via contraction,117,2023,https://scholar.google.com/citations?view_op=view_citation&hl=en&user=_pdhnmwAAAAJ&pagesize=50&citation_for_view=_pdhnmwAAAAJ:j3f4tGmQtD8C,"For general antiferromagnetic 2-spin systems, including the hardcore model on weighted independent sets and the antiferromagnetic Ising model, there is an for the partition function on graphs of maximum degree when the infinite regular tree lies in the uniqueness region by Li, Lu, and Yin [Correlation Decay up to Uniqueness in Spin Systems, preprint, https://arxiv.org/abs/1111.7064, 2021]. Moreover, in the tree nonuniqueness region, Sly in [Computational transition at the uniqueness threshold, in Proceedings of the 51st Annual IEEE Symposium on Foundations of Computer Science, 2010, pp. 287–296] showed that there is no to estimate the partition function unless . The algorithmic results follow from the correlation decay approach due to Weitz [Counting independent sets up to the tree threshold, in Proceedings of the 38th Annual ACM Symposium on Theory of Computing, 2006, pp. 140–149] or the …"
Zongchen Chen,https://scholar.google.com/citations?user=_pdhnmwAAAAJ&hl=en,_pdhnmwAAAAJ,Georgia Tech,958,"Randomized Algorithms, Discrete Probability, Machine Learning",https://sites.gatech.edu/zongchenchen/,"On Mixing of Markov Chains: Coupling, Spectral Independence, and Entropy Factorization",110,2022,https://scholar.google.com/citations?view_op=view_citation&hl=en&user=_pdhnmwAAAAJ&pagesize=50&citation_for_view=_pdhnmwAAAAJ:YOwf2qJgpHMC,"For general spin systems, we prove that a contractive coupling for an arbitrary local Markov chain implies optimal bounds on the mixing time and the modified log-Sobolev constant for a large class of Markov chains including the Glauber dynamics, arbitrary heat-bath block dynamics, and the Swendsen-Wang dynamics. This reveals a novel connection between probabilistic techniques for bounding the convergence to stationarity and analytic tools for analyzing the decay of relative entropy. As a corollary of our general results, we obtain O(n log n) mixing time and Ω(1/n) modified log-Sobolev constant of the Glauber dynamics for sampling random q-colorings of an n-vertex graph with constant maximum degree Δ when q > (11/6–∊0)Δ for some fixed ∊0 > 0. We also obtain O(log n) mixing time and Ω(1) modified log-Sobolev constant of the Swendsen-Wang dynamics for the ferromagnetic Ising model on an n-vertex …"
Zongchen Chen,https://scholar.google.com/citations?user=_pdhnmwAAAAJ&hl=en,_pdhnmwAAAAJ,Georgia Tech,958,"Randomized Algorithms, Discrete Probability, Machine Learning",https://sites.gatech.edu/zongchenchen/,Optimal Convergence Rate of Hamiltonian Monte Carlo for Strongly Logconcave Distributions,91,2022,https://scholar.google.com/citations?view_op=view_citation&hl=en&user=_pdhnmwAAAAJ&pagesize=50&citation_for_view=_pdhnmwAAAAJ:QIV2ME_5wuYC,"We study Hamiltonian Monte Carlo (HMC) for sampling from a strongly logconcave density proportional to where is -strongly convex and -smooth (the condition number is ). We show that the relaxation time (inverse of the spectral gap) of ideal HMC is , improving on the previous best bound of ; we complement this with an example where the relaxation time is . When implemented using a nearly optimal ODE solver, HMC returns an -approximate point in -Wasserstein distance using gradient evaluations per step and total time."
Zongchen Chen,https://scholar.google.com/citations?user=_pdhnmwAAAAJ&hl=en,_pdhnmwAAAAJ,Georgia Tech,958,"Randomized Algorithms, Discrete Probability, Machine Learning",https://sites.gatech.edu/zongchenchen/,Rapid mixing for colorings via spectral independence,82,2021,https://scholar.google.com/citations?view_op=view_citation&hl=en&user=_pdhnmwAAAAJ&pagesize=50&citation_for_view=_pdhnmwAAAAJ:MXK_kJrjxJIC,"The spectral independence approach of Anari et al. (2020) utilized recent results on high-dimensional expanders of Alev and Lau (2020) and established rapid mixing of the Glauber dynamics for the hard-core model defined on weighted independent sets. We develop the spectral independence approach for colorings, and obtain new algorithmic results for the corresponding counting/sampling problems. Let α∗ ≈ 1.763 denote the solution to exp(1/x) = x and let α > α∗. We prove that, for any triangle-free graph G = (V, E) with maximum degree Δ, for all q ≥ αΔ + 1, the mixing time of the Glauber dynamics for q-colorings is polynomial in n = |V|, with the exponent of the polynomial independent of Δ and q. In comparison, previous approximate counting results for colorings held for a similar range of q (asymptotically in Δ) but with larger girth requirement or with a running time where the polynomial exponent depended …"
Zongchen Chen,https://scholar.google.com/citations?user=_pdhnmwAAAAJ&hl=en,_pdhnmwAAAAJ,Georgia Tech,958,"Randomized Algorithms, Discrete Probability, Machine Learning",https://sites.gatech.edu/zongchenchen/,Fast algorithms at low temperatures via Markov chains,58,2021,https://scholar.google.com/citations?view_op=view_citation&hl=en&user=_pdhnmwAAAAJ&pagesize=50&citation_for_view=_pdhnmwAAAAJ:qxL8FJ1GzNcC,"Efficient algorithms for approximate counting and sampling in spin systems typically apply in the so‐called high‐temperature regime, where the interaction between neighboring spins is “weak.” Instead, recent work of Jenssen, Keevash, and Perkins yields polynomial‐time algorithms in the low‐temperature regime on bounded‐degree (bipartite) expander graphs using polymer models and the cluster expansion. In order to speed up these algorithms (so the exponent in the run time does not depend on the degree bound) we present a Markov chain for polymer models and show that it is rapidly mixing under exponential decay of polymer weights. This yields, for example, an ‐time sampling algorithm for the low‐temperature ferromagnetic Potts model on bounded‐degree expander graphs. Combining our results for the hard‐core and Potts models with Markov chain comparison tools, we obtain polynomial mixing time …"
Zongchen Chen,https://scholar.google.com/citations?user=_pdhnmwAAAAJ&hl=en,_pdhnmwAAAAJ,Georgia Tech,958,"Randomized Algorithms, Discrete Probability, Machine Learning",https://sites.gatech.edu/zongchenchen/,Spectral Independence via Stability and Applications to Holant-Type Problems,48,2022,https://scholar.google.com/citations?view_op=view_citation&hl=en&user=_pdhnmwAAAAJ&pagesize=50&citation_for_view=_pdhnmwAAAAJ:_kc_bZDykSQC,"This paper formalizes connections between stability of polynomials and convergence rates of Markov Chain Monte Carlo (MCMC) algorithms. We prove that if a (multivariate) partition function is nonzero in a region around a real point 𝜆 then spectral independence holds at 𝜆. As a consequence, for Holant-type problems (eg, spin systems) on bounded-degree graphs, we obtain optimal 𝑂 (𝑛log 𝑛) mixing time bounds for the single-site update Markov chain known as the Glauber dynamics. Our result significantly improves the running time guarantees obtained via the polynomial interpolation method of Barvinok (2017), refined by Patel and Regts (2017).There are a variety of applications of our results. In this paper, we focus on Holant-type (ie, edge-coloring) problems, including weighted edge covers and weighted even subgraphs. For the weighted edge cover problem (and several natural generalizations) we obtain an 𝑂 (𝑛log 𝑛) sampling algorithm on bounded-degree graphs. The even subgraphs problem corresponds to the high-temperature expansion of the ferromagnetic Ising model. We obtain an 𝑂 (𝑛log 𝑛) sampling algorithm for the ferromagnetic Ising model with a nonzero external field on boundeddegree graphs, which improves upon the classical result of Jerrum and Sinclair (1993) for this class of graphs. We obtain further applications to antiferromagnetic two-spin models on line graphs, weighted graph homomorphisms, tensor networks, and more."
Zongchen Chen,https://scholar.google.com/citations?user=_pdhnmwAAAAJ&hl=en,_pdhnmwAAAAJ,Georgia Tech,958,"Randomized Algorithms, Discrete Probability, Machine Learning",https://sites.gatech.edu/zongchenchen/,Strong spatial mixing for colorings on trees and its algorithmic applications,33,2023,https://scholar.google.com/citations?view_op=view_citation&hl=en&user=_pdhnmwAAAAJ&pagesize=50&citation_for_view=_pdhnmwAAAAJ:dhFuZR0502QC,"Strong spatial mixing (SSM) is an important quantitative notion of correlation decay for Gibbs distributions arising in statistical physics, probability theory, and theoretical computer science. A longstanding conjecture is that the uniform distribution on proper q-colorings on a regular tree exhibits SSM whenever . Moreover, it is widely believed that as long as SSM holds on bounded-degree trees with q colors, one would obtain an efficient sampler for q-colorings on all bounded-degree graphs via simple Markov chain algorithms. It is surprising that such a basic question is still open, even on trees, but then again it also highlights how much we still have to learn about random colorings. In this paper, we show the following: (1)For any , SSM holds for random q-colorings on trees of maximum degree whenever . Thus we almost fully resolve the aforementioned conjecture. Our result substantially improves upon the previously …"
Zongchen Chen,https://scholar.google.com/citations?user=_pdhnmwAAAAJ&hl=en,_pdhnmwAAAAJ,Georgia Tech,958,"Randomized Algorithms, Discrete Probability, Machine Learning",https://sites.gatech.edu/zongchenchen/,Almost‐Linear Planted Cliques Elude the Metropolis Process,31,2025,https://scholar.google.com/citations?view_op=view_citation&hl=en&user=_pdhnmwAAAAJ&pagesize=50&citation_for_view=_pdhnmwAAAAJ:mVmsd5A6BfQC,"A seminal work of Jerrum (1992) showed that large cliques elude the Metropolis process. More specifically, Jerrum showed that the Metropolis algorithm cannot find a clique of size k=Θ(nα)$$ k=\Theta \left({n}^{\alpha}\right) $$ for α∈(0,1/2)$$ \alpha \in \left(0,1/2\right) $$, which is planted in the Erdős‐Rényi G(n,1/2)$$ G\left(n,1/2\right) $$, in polynomial‐time. Information theoretically, it is possible to find such planted cliques when k≥(2+ε)logn$$ k\ge \left(2+\varepsilon \right)\log n $$. Since the work of Jerrum, the computational problem of finding a planted clique in G(n,1/2)$$ G\left(n,1/2\right) $$ was studied extensively, and many polynomial‐time algorithms were shown to find the planted clique if it is of size k=Ω(n)$$ k=\Omega \left(\sqrt{n}\right) $$, while no polynomial‐time algorithm is known to work when k=o(n)$$ k=o\left(\sqrt{n}\right) $$. The planted clique problem for k=o(n)$$ k=o\left(\sqrt{n}\right) $$ is …"
Zongchen Chen,https://scholar.google.com/citations?user=_pdhnmwAAAAJ&hl=en,_pdhnmwAAAAJ,Georgia Tech,958,"Randomized Algorithms, Discrete Probability, Machine Learning",https://sites.gatech.edu/zongchenchen/,Lower Bounds for Testing Graphical Models: Colorings and Antiferromagnetic Ising Models.,26,2020,https://scholar.google.com/citations?view_op=view_citation&hl=en&user=_pdhnmwAAAAJ&pagesize=50&citation_for_view=_pdhnmwAAAAJ:5nxA0vEk-isC,"We study the identity testing problem in the context of spin systems or undirected graphical models, where it takes the following form: given the parameter specification of the model and a sampling oracle for the distribution of an unknown model , can we efficiently determine if the two models and are the same? We consider identity testing for both soft-constraint and hard-constraint systems. In particular, we prove hardness results in two prototypical cases, the Ising model and proper colorings, and explore whether identity testing is any easier than structure learning. For the ferromagnetic (attractive) Ising model, Daskalakis et al.(2018) presented a polynomial-time algorithm for identity testing. We prove hardness results in the antiferromagnetic (repulsive) setting in the same regime of parameters where structure learning is known to require a super-polynomial number of samples. Specifically, for -vertex graphs of maximum degree , we prove that if (where is the inverse temperature parameter), then there is no polynomial running time identity testing algorithm unless . In the hard-constraint setting, we present hardness results for identity testing for proper colorings. Our results are based on the presumed hardness of# BIS, the problem of (approximately) counting independent sets in bipartite graphs."
Zongchen Chen,https://scholar.google.com/citations?user=_pdhnmwAAAAJ&hl=en,_pdhnmwAAAAJ,Georgia Tech,958,"Randomized Algorithms, Discrete Probability, Machine Learning",https://sites.gatech.edu/zongchenchen/,From Algorithms to Connectivity and Back: Finding a Giant Component in Random k-SAT,20,2023,https://scholar.google.com/citations?view_op=view_citation&hl=en&user=_pdhnmwAAAAJ&pagesize=50&citation_for_view=_pdhnmwAAAAJ:Wp0gIr-vW9MC,"We take an algorithmic approach to studying the solution space geometry of relatively sparse random and bounded degree k-CNFs for large k. In the course of doing so, we establish that with high probability, a random k-CNF Φ with n variables and clause density α = m/n ≲ 2k/6 has a giant component of solutions that are connected in a graph where solutions are adjacent if they have Hamming distance Ok(log n) and that a similar result holds for bounded degree k-CNFs at similar densities. We are also able to deduce looseness results for random and bounded degree k-CNFs in a similar regime. Although our main motivation was understanding the geometry of the solution space, our methods have algorithmic implications. Towards that end, we construct an idealized block dynamics that samples solutions from a random k-CNF Φ with density α = m/n ≲ 2k/52. We show this Markov chain can with high probability be …"
Zongchen Chen,https://scholar.google.com/citations?user=_pdhnmwAAAAJ&hl=en,_pdhnmwAAAAJ,Georgia Tech,958,"Randomized Algorithms, Discrete Probability, Machine Learning",https://sites.gatech.edu/zongchenchen/,Sampling Colorings and Independent Sets of Random Regular Bipartite Graphs in the Non-Uniqueness Region,19,2022,https://scholar.google.com/citations?view_op=view_citation&hl=en&user=_pdhnmwAAAAJ&pagesize=50&citation_for_view=_pdhnmwAAAAJ:4TOpqqG69KYC,"We give an FPRAS for counting q-colorings for even on almost every Δ-regular bipartite graph. This improves significantly upon the previous best bound of by Jenssen, Keevash, and Perkins (SODA'19). Analogously, for the hard-core model on independentsets weighted by λ > 0, we present an FPRAS for estimating the partition function when , which improves upon previous results by an Ω(log Δ) factor. Our results for the colorings and hard-core models follow from a general result that applies to arbitrary spin systems. Our main contribution is to show how to elevate probabilistic/analytic bounds on the marginal probabilities for the typical structure of phases on random bipartite regular graphs into efficient algorithms, using the polymer method. We further show evidence that our results for colorings and independent sets are within a constant factor of best possible using current polymer-method approaches."
Zongchen Chen,https://scholar.google.com/citations?user=_pdhnmwAAAAJ&hl=en,_pdhnmwAAAAJ,Georgia Tech,958,"Randomized Algorithms, Discrete Probability, Machine Learning",https://sites.gatech.edu/zongchenchen/,Fast Sampling of b-Matchings and b-Edge Covers,18,2024,https://scholar.google.com/citations?view_op=view_citation&hl=en&user=_pdhnmwAAAAJ&pagesize=50&citation_for_view=_pdhnmwAAAAJ:7PzlFSSx8tAC,"For an integer b ≥ 1, a b-matching (resp. b-edge cover) of a graph G = (V, E) is a subset S ⊆ E of edges such that every vertex is incident with at most (resp. at least) b edges from S. We prove that for any b ≥ 1 the simple Glauber dynamics for sampling (weighted) b-matchings and b-edge covers mixes in O(n log n) time on all n-vertex bounded-degree graphs. This significantly improves upon previous results which have worse running time and only work for b-matchings with b ≤ 7 and for b-edge covers with b ≤ 2. More generally, we prove spectral independence for a broad class of binary symmetric Holant problems with log-concave signatures, including b-matchings, b-edge covers, and antiferromagnetic 2-spin edge models. We hence deduce optimal mixing time of the Glauber dynamics from spectral independence. The core of our proof is a recursive coupling inspired by [CZ23] which upper bounds the …"
Zongchen Chen,https://scholar.google.com/citations?user=_pdhnmwAAAAJ&hl=en,_pdhnmwAAAAJ,Georgia Tech,958,"Randomized Algorithms, Discrete Probability, Machine Learning",https://sites.gatech.edu/zongchenchen/,Rapid mixing at the uniqueness threshold,16,2025,https://scholar.google.com/citations?view_op=view_citation&hl=en&user=_pdhnmwAAAAJ&pagesize=50&citation_for_view=_pdhnmwAAAAJ:e5wmG9Sq2KIC,"Over the past decades, a fascinating computational phase transition has been identified in sampling from Gibbs distributions. Specifically, for the hardcore model on graphs with n vertices and maximum degree Δ, the computational complexity of sampling from the Gibbs distribution, defined over the independent sets of the graph with vertex-weight λ>0, undergoes a sharp transition at the critical threshold λc(Δ) := (Δ−1)Δ−1/(Δ−2)Δ, known as the tree-uniqueness threshold: In the uniqueness regime where λ<λc(Δ), a local Markov chain for sampling from the Gibbs distribution known as Glauber dynamics has an optimal mixing time of O(n logn). In the non-uniqueness regime where λ>λc(Δ), the Glauber dynamics exhibits exponential mixing time; furthermore, the sampling problem becomes intractable unless RP=NP. The computational complexity at the critical point λ = λc(Δ) remains poorly understood, as previous …"
Zongchen Chen,https://scholar.google.com/citations?user=_pdhnmwAAAAJ&hl=en,_pdhnmwAAAAJ,Georgia Tech,958,"Randomized Algorithms, Discrete Probability, Machine Learning",https://sites.gatech.edu/zongchenchen/,Swendsen‐Wang dynamics for general graphs in the tree uniqueness region,16,2020,https://scholar.google.com/citations?view_op=view_citation&hl=en&user=_pdhnmwAAAAJ&pagesize=50&citation_for_view=_pdhnmwAAAAJ:8k81kl-MbHgC,"The Swendsen‐Wang (SW) dynamics is a popular Markov chain for sampling from the Gibbs distribution for the ferromagnetic Ising model on a graph G = (V,E). The dynamics is conjectured to converge to equilibrium in O(|V|1/4) steps at any (inverse) temperature β, yet there are few results providing o(|V|) upper bounds. We prove fast convergence of the SW dynamics on general graphs in the tree uniqueness region. In particular, when β < βc(d) where βc(d) denotes the uniqueness/nonuniqueness threshold on infinite d‐regular trees, we prove that the relaxation time (i.e., the inverse spectral gap) of the SW dynamics is Θ(1) on any graph of maximum degree d ≥ 3. Our proof utilizes a monotone version of the SW dynamics which only updates isolated vertices. We establish that this variant of the SW dynamics has mixing time and relaxation time Θ(1) on any graph of maximum degree d for all β < βc(d). Our …"
Zongchen Chen,https://scholar.google.com/citations?user=_pdhnmwAAAAJ&hl=en,_pdhnmwAAAAJ,Georgia Tech,958,"Randomized Algorithms, Discrete Probability, Machine Learning",https://sites.gatech.edu/zongchenchen/,The Swendsen-Wang Dynamics on Trees,13,2021,https://scholar.google.com/citations?view_op=view_citation&hl=en&user=_pdhnmwAAAAJ&pagesize=50&citation_for_view=_pdhnmwAAAAJ:3fE2CSJIrl8C,"The Swendsen–Wang algorithm is a sophisticated, widely‐used Markov chain for sampling from the Gibbs distribution for the ferromagnetic Ising and Potts models. This chain has proved difficult to analyze, due in part to its global nature. We present optimal bounds on the convergence rate of the Swendsen–Wang algorithm for the complete d$$ d $$‐ary tree. Our bounds extend to the non‐uniqueness region and apply to all boundary conditions. We show that the spatial mixing conditions known as variance mixing and entropy mixing imply Ω(1)$$ \Omega (1) $$ spectral gap and O(logn)$$ O\left(\log n\right) $$ mixing time, respectively, for the Swendsen–Wang dynamics on the d$$ d $$‐ary tree. We also show that these bounds are asymptotically optimal. As a consequence, we establish Θ(logn)$$ \Theta \left(\log n\right) $$ mixing for the Swendsen–Wang dynamics for all boundary conditions throughout (and …"
Zongchen Chen,https://scholar.google.com/citations?user=_pdhnmwAAAAJ&hl=en,_pdhnmwAAAAJ,Georgia Tech,958,"Randomized Algorithms, Discrete Probability, Machine Learning",https://sites.gatech.edu/zongchenchen/,NEMO: novel and efficient multicast routing schemes for hybrid data center networks,12,2018,https://scholar.google.com/citations?view_op=view_citation&hl=en&user=_pdhnmwAAAAJ&pagesize=50&citation_for_view=_pdhnmwAAAAJ:UebtZRa9Y70C,"Multicast places an important role in group communication in data center networks (DCN’s). As the rapid development of DCN’s, researchers elegantly integrate wireless connections with wired DCN to form a new structure, Hybrid Data Center Network (HDCN), which can improve the performance of multicast significantly with wireless gains. In this paper, we present two novel and efficient multicast routing schemes (named NEMO-Group and NEMO-Cluster) for HDCN to achieve fast multicast tree construction and simple network traffic routing. We theoretically analyze the expected performance improvement of the two designs with different wireless transmission ranges. To the best of our knowledge, we are the first to discuss the sender-driven polynomial-time multicast routing schemes for HDCN, and to estimate the upper and lower bound of wireless gains. Moreover, our numerical results show that with the same …"
Zongchen Chen,https://scholar.google.com/citations?user=_pdhnmwAAAAJ&hl=en,_pdhnmwAAAAJ,Georgia Tech,958,"Randomized Algorithms, Discrete Probability, Machine Learning",https://sites.gatech.edu/zongchenchen/,"On the Low-Temperature MCMC threshold: the cases of sparse tensor PCA, sparse regression, and a geometric rule",10,2024,https://scholar.google.com/citations?view_op=view_citation&hl=en&user=_pdhnmwAAAAJ&pagesize=50&citation_for_view=_pdhnmwAAAAJ:hFOr9nPyWt4C,"Over the last years, there has been a significant amount of work studying the power of specific classes of computationally efficient estimators for multiple statistical parametric estimation tasks, including the estimators classes of low-degree polynomials, spectral methods, and others. Despite that, our understanding of the important class of MCMC methods remains quite poorly understood. For instance, for many models of interest, the performance of even zero-temperature (greedy-like) MCMC methods that simply maximize the posterior remains elusive. In this work, we provide an easy to check condition under which the low-temperature Metropolis chain maximizes the posterior in polynomial-time with high probability. The result is generally applicable, and in this work, we use it to derive positive MCMC results for two classical sparse estimation tasks: the sparse tensor PCA model and sparse regression. Interestingly, in both cases, we also leverage the Overlap Gap Property framework for inference (Gamarnik, Zadik AoS '22) to prove that our results are tight: no low-temperature local MCMC method can achieve better performance. In particular, our work identifies the ""low-temperature (local) MCMC threshold"" for both sparse models. Interestingly, in the sparse tensor PCA model our results indicate that low-temperature local MCMC methods significantly underperform compared to other studied time-efficient methods, such as the class of low-degree polynomials."
Zongchen Chen,https://scholar.google.com/citations?user=_pdhnmwAAAAJ&hl=en,_pdhnmwAAAAJ,Georgia Tech,958,"Randomized Algorithms, Discrete Probability, Machine Learning",https://sites.gatech.edu/zongchenchen/,FT-INDEX: A distributed indexing scheme for switch-centric cloud storage system,10,2015,https://scholar.google.com/citations?view_op=view_citation&hl=en&user=_pdhnmwAAAAJ&pagesize=50&citation_for_view=_pdhnmwAAAAJ:roLk4NBRz8UC,"Nowadays, cloud storage systems may contain tens of thousands of servers and large scale data sets, which significantly require efficient data management scheme and query processing mechanism. To fulfill these requirements in modern data centers, the infrastructure of cloud systems, we propose FT-Index, a secondary indexing scheme for cloud system with switch-centric topology. FT-Index has a two-layer design. The upper-layer index, called global index, is distributed across different hosts in the system, while the lower-layer index, named local index, is a B+-tree for local query. We further adopt the Interval tree to reorganize the global index and propose two versions of FT-Index with different publishing methods to lower the rate of false positives and reduce the cost of forwarding queries. We provide detailed theoretical analysis on the upper bound of false positives, physical hops per query, and the …"
Zongchen Chen,https://scholar.google.com/citations?user=_pdhnmwAAAAJ&hl=en,_pdhnmwAAAAJ,Georgia Tech,958,"Randomized Algorithms, Discrete Probability, Machine Learning",https://sites.gatech.edu/zongchenchen/,Complexity of high-dimensional identity testing with coordinate conditional sampling,9,2024,https://scholar.google.com/citations?view_op=view_citation&hl=en&user=_pdhnmwAAAAJ&pagesize=50&citation_for_view=_pdhnmwAAAAJ:_Qo2XoVZTnwC,"We study the identity testing problem for high-dimensional distributions. Given as input an explicit distribution , an , and access to sampling oracle (s) for a hidden distribution , the goal in identity testing is to distinguish whether the two distributions and are identical or are at least -far apart. When there is only access to full samples from the hidden distribution , it is known that exponentially many samples (in the dimension) may be needed for identity testing, and hence previous works have studied identity testing with additional access to various “conditional” sampling oracles. We consider a significantly weaker conditional sampling oracle, which we call the Coordinate Oracle, and provide a computational and statistical characterization of the identity testing problem in this new model. We prove that if an analytic property known as approximate tensorization of entropy holds for an -dimensional visible distribution , then there is an efficient identity testing algorithm for any hidden distribution using queries to the Coordinate Oracle. Approximate tensorization of entropy is a pertinent condition as recent works have established it for a large class of high-dimensional distributions. We also prove a computational phase transition: for a well-studied class of -dimensional distributions, specifically sparse antiferromagnetic Ising models over , we show that in the regime where approximate tensorization of entropy fails, there is no efficient identity testing algorithm unless RP= NP. We complement our results with a matching statistical lower bound for the sample complexity of identity testing in the $\coorora $ model."
Zongchen Chen,https://scholar.google.com/citations?user=_pdhnmwAAAAJ&hl=en,_pdhnmwAAAAJ,Georgia Tech,958,"Randomized Algorithms, Discrete Probability, Machine Learning",https://sites.gatech.edu/zongchenchen/,Rapid mixing on random regular graphs beyond uniqueness,8,2025,https://scholar.google.com/citations?view_op=view_citation&hl=en&user=_pdhnmwAAAAJ&pagesize=50&citation_for_view=_pdhnmwAAAAJ:r0BpntZqJG4C,"The hardcore model is a fundamental probabilistic model extensively studied in statistical physics, probability theory, and computer science. For graphs of maximum degree , a well-known computational phase transition occurs at the tree-uniqueness threshold , where the mixing behavior of the Glauber dynamics (a simple Markov chain) undergoes a sharp transition. It is conjectured that random regular graphs exhibit different mixing behavior, with the slowdown occurring far beyond the uniqueness threshold. We confirm this conjecture by showing that, for the hardcore model on random -regular graphs, the Glauber dynamics mixes rapidly with high probability when , which is significantly beyond the uniqueness threshold . Our result establishes a sharp distinction between the hardcore model on worst-case and beyond-worst-case instances, showing that the worst-case and average-case complexities of sampling and counting are fundamentally different. This result of rapid mixing on random instances follows from a new criterion we establish for rapid mixing of Glauber dynamics for any distribution supported on a downward closed set family. Our criterion is simple, general, and easy to check. In addition to proving new mixing conditions for the hardcore model, we also establish improved mixing time bounds for sampling uniform matchings or matchings on graphs, the random cluster model on matroids with , and the determinantal point process. Our proof of this new criterion for rapid mixing combines and generalizes several recent tools in a novel way, including a trickle down theorem for field …"
Zongchen Chen,https://scholar.google.com/citations?user=_pdhnmwAAAAJ&hl=en,_pdhnmwAAAAJ,Georgia Tech,958,"Randomized Algorithms, Discrete Probability, Machine Learning",https://sites.gatech.edu/zongchenchen/,"Entropy contractions in Markov chains: Half-step, full-step and continuous-time",7,2025,https://scholar.google.com/citations?view_op=view_citation&hl=en&user=_pdhnmwAAAAJ&pagesize=50&citation_for_view=_pdhnmwAAAAJ:TQgYirikUcIC,"We provide C++ code that verifies Proof of Lemma 4.6, Case 2, Item (a)."
Zongchen Chen,https://scholar.google.com/citations?user=_pdhnmwAAAAJ&hl=en,_pdhnmwAAAAJ,Georgia Tech,958,"Randomized Algorithms, Discrete Probability, Machine Learning",https://sites.gatech.edu/zongchenchen/,Structure Learning of H-Colorings,7,2020,https://scholar.google.com/citations?view_op=view_citation&hl=en&user=_pdhnmwAAAAJ&pagesize=50&citation_for_view=_pdhnmwAAAAJ:LkGwnXOMwfcC,"We study the structure learning problem for $ H $-colorings, an important class of Markov random fields that capture key combinatorial structures on graphs, including proper colorings and independent sets, as well as spin systems from statistical physics. The learning problem is as follows: for a fixed (and known) constraint graph $ H $ with $ q $ colors and an unknown graph $ G=(V, E) $ with $ n $ vertices, given uniformly random $ H $-colorings of $ G $, how many samples are required to learn the edges of the unknown graph $ G $? We give a characterization of $ H $ for which the problem is identifiable for every $ G $, ie, we can learn $ G $ with an infinite number of samples. We also show that there are identifiable constraint graphs for which one cannot hope to learn every graph $ G $ efficiently. We focus particular attention on the case of proper vertex $ q $-colorings of graphs of maximum degree $ d $ where intriguing connections to statistical physics phase transitions appear. We prove that in the tree uniqueness region (ie, when $ q> d $) the problem is identifiable and we can learn $ G $ in $\mathsf {poly}(d, q)\times O (n^ 2\log {n}) $ time. In contrast for soft-constraint systems, such as the Ising model, the best possible running time is exponential in $ d $. In the tree non-uniqueness region (ie, when $ q≤ d $) we prove that the problem is not identifiable and thus $ G $ cannot be learned. Moreover, when $ q"
Zongchen Chen,https://scholar.google.com/citations?user=_pdhnmwAAAAJ&hl=en,_pdhnmwAAAAJ,Georgia Tech,958,"Randomized Algorithms, Discrete Probability, Machine Learning",https://sites.gatech.edu/zongchenchen/,Hardness of Identity Testing for Restricted Boltzmann Machines and Potts models,6,2020,https://scholar.google.com/citations?view_op=view_citation&hl=en&user=_pdhnmwAAAAJ&pagesize=50&citation_for_view=_pdhnmwAAAAJ:Zph67rFs4hoC,"We study the identity testing problem for restricted Boltzmann machines (RBMs), and more generally, for undirected graphical models. In this problem, given sample access to the Gibbs distribution corresponding to an unknown or hidden model and given an explicit model , the goal is to distinguish if either or if the models are (statistically) far apart. We establish the computational hardness of identity testing for RBMs (ie, mixed Ising models on bipartite graphs), even when there are no latent variables or an external field. Specifically, we show that unless , there is no polynomial-time identity testing algorithm for RBMs when , where is the maximum degree of the visible graph and is the largest edge weight (in absolute value); when there is an efficient identity testing algorithm that utilizes the structure learning algorithm of Klivans and Meka (2017). We prove similar lower bounds for purely ferromagnetic RBMs with inconsistent external fields and for the ferromagnetic Potts model. To prove our results, we introduce a novel methodology to reduce the corresponding approximate counting problem to testing utilizing the phase transition exhibited by these models."
Zongchen Chen,https://scholar.google.com/citations?user=_pdhnmwAAAAJ&hl=en,_pdhnmwAAAAJ,Georgia Tech,958,"Randomized Algorithms, Discrete Probability, Machine Learning",https://sites.gatech.edu/zongchenchen/,Fast Sampling of Satisfying Assignments from Random -SAT with Applications to Connectivity,5,2024,https://scholar.google.com/citations?view_op=view_citation&hl=en&user=_pdhnmwAAAAJ&pagesize=50&citation_for_view=_pdhnmwAAAAJ:mB3voiENLucC,"We give a nearly linear-time algorithm to approximately sample satisfying assignments in the random -SAT model when the density of the formula scales exponentially with . The best previously known sampling algorithm for the random -SAT model applies when the density of the formula is less than and runs in time [Galanis et al., SIAM J. Comput., 50 (2021), pp. 1701–1738]. Here is the number of variables and is the number of clauses. Our algorithm achieves a significantly faster running time of and samples satisfying assignments up to density . The main challenge in our setting is the presence of many variables with unbounded degree, which causes significant correlations within the formula and impedes the application of relevant Markov chain methods from the bounded-degree setting [Feng et al., J. ACM, 68 (2021) 40; Jain, Pham, and Vuong, On the Sampling Lovász Local Lemma for Atomic …"
Zongchen Chen,https://scholar.google.com/citations?user=_pdhnmwAAAAJ&hl=en,_pdhnmwAAAAJ,Georgia Tech,958,"Randomized Algorithms, Discrete Probability, Machine Learning",https://sites.gatech.edu/zongchenchen/,Combinatorial approach for factorization of variance and entropy in spin systems,4,2024,https://scholar.google.com/citations?view_op=view_citation&hl=en&user=_pdhnmwAAAAJ&pagesize=50&citation_for_view=_pdhnmwAAAAJ:ZeXyd9-uunAC,"We present a simple combinatorial framework for establishing approximate tensorization of variance and entropy in the setting of spin systems (a.k.a. undirected graphical models) based on balanced separators of the underlying graph. Such approximate tensorization results immediately imply as corollaries many important structural properties of the associated Gibbs distribution, in particular rapid mixing of the Glauber dynamics for sampling. We prove approximate tensorization by recursively establishing block factorization of variance and entropy with a small balanced separator of the graph. Our approach goes beyond the classical canonical path method for variance and the recent spectral independence approach, and allows us to obtain new rapid mixing results. As applications of our approach, we show that: 1. On graphs of treewidth t, the mixing time of the Glauber dynamics is nO(t), which recovers the recent …"
Zongchen Chen,https://scholar.google.com/citations?user=_pdhnmwAAAAJ&hl=en,_pdhnmwAAAAJ,Georgia Tech,958,"Randomized Algorithms, Discrete Probability, Machine Learning",https://sites.gatech.edu/zongchenchen/,Counting Random 𝑘-SAT near the Satisfiability Threshold,3,2025,https://scholar.google.com/citations?view_op=view_citation&hl=en&user=_pdhnmwAAAAJ&pagesize=50&citation_for_view=_pdhnmwAAAAJ:R3hNpaxXUhUC,"We present efficient counting and sampling algorithms for random k-SAT when the clause density satisfies α ≤ 2k/poly(k).In particular, the exponential term 2k matches the satisfiability threshold Θ(2k) for the existence of a solution and the (conjectured) algorithmic threshold 2k (lnk) / k for efficiently finding a solution. Previously, the best-known counting and sampling algorithms required far more restricted densities α≲ 2k/3 [He, Wu, Yang, SODA ’23]. Notably, our result goes beyond the lower bound d≳ 2k/2 for worst-case k-SAT with bounded-degree d [Bezáková et al, SICOMP ’19], showing that for counting and sampling, the average-case random k-SAT model is computationally much easier than the worst-case model. At the heart of our approach is a new refined analysis of the recent novel coupling procedure by [Wang, Yin, FOCS ’24], utilizing the structural properties of random constraint satisfaction problems …"
Zongchen Chen,https://scholar.google.com/citations?user=_pdhnmwAAAAJ&hl=en,_pdhnmwAAAAJ,Georgia Tech,958,"Randomized Algorithms, Discrete Probability, Machine Learning",https://sites.gatech.edu/zongchenchen/,Improved mixing of critical hardcore model,3,2025,https://scholar.google.com/citations?view_op=view_citation&hl=en&user=_pdhnmwAAAAJ&pagesize=50&citation_for_view=_pdhnmwAAAAJ:iH-uZ7U-co4C,"The hardcore model is one of the most classic and widely studied examples of undirected graphical models. Given a graph , the hardcore model describes a Gibbs distribution of -weighted independent sets of . In the last two decades, a beautiful computational phase transition has been established at a precise threshold where denotes the maximum degree, where the task of sampling independent sets transfers from polynomial-time solvable to computationally intractable. We study the critical hardcore model where and show that the Glauber dynamics, a simple yet popular Markov chain algorithm, mixes in time on any -vertex graph of maximum degree , significantly improving the previous upper bound by the recent work arXiv:2411.03413. The core property we establish in this work is that the critical hardcore model is -spectrally independent, improving the trivial bound of and matching the critical behavior of the Ising model. Our proof approach utilizes an online decision-making framework to study a site percolation model on the infinite -ary tree, which can be interesting by itself."
Zongchen Chen,https://scholar.google.com/citations?user=_pdhnmwAAAAJ&hl=en,_pdhnmwAAAAJ,Georgia Tech,958,"Randomized Algorithms, Discrete Probability, Machine Learning",https://sites.gatech.edu/zongchenchen/,Factorizations of relative entropy using stochastic localization,2,2025,https://scholar.google.com/citations?view_op=view_citation&hl=en&user=_pdhnmwAAAAJ&pagesize=50&citation_for_view=_pdhnmwAAAAJ:4JMBOYKVnBMC,"We derive entropy factorization estimates for spin systems using the stochastic localization approach proposed by Eldan and Chen-Eldan, which, in this context, is equivalent to the renormalization group approach developed independently by Bauerschmidt, Bodineau, and Dagallier. The method provides approximate Shearer-type inequalities for the corresponding Gibbs measure at sufficiently high temperature, without restrictions on the degree of the underlying graph. For Ising systems, these are shown to hold up to the critical tree-uniqueness threshold, including polynomial bounds at the critical point, with optimal constants for the Curie-Weiss model at criticality. In turn, these estimates imply tight mixing time bounds for arbitrary block dynamics or Gibbs samplers, improving over existing results. Moreover, we establish new tensorization statements for the Shearer inequality asserting that if a system consists of weakly interacting but otherwise arbitrary components, each of which satisfies an approximate Shearer inequality, then the whole system also satisfies such an estimate."
Zongchen Chen,https://scholar.google.com/citations?user=_pdhnmwAAAAJ&hl=en,_pdhnmwAAAAJ,Georgia Tech,958,"Randomized Algorithms, Discrete Probability, Machine Learning",https://sites.gatech.edu/zongchenchen/,Spectral Independence and Local-to-Global Techniques for Optimal Mixing of Markov Chains,2,2023,https://scholar.google.com/citations?view_op=view_citation&hl=en&user=_pdhnmwAAAAJ&pagesize=50&citation_for_view=_pdhnmwAAAAJ:bEWYMUwI8FkC,"This monograph is an exposition on an exciting new technique known as spectral independence, which has been instrumental in analyzing the convergence rate of Markov Chain Monte Carlo (MCMC) algorithms. For a high-dimensional distribution defined on labelings of the vertices of an n-vertex graph, the spectral independence condition, introduced by Anari, Liu, and Oveis Gharan (2020), is a bound on the maximum eigenvalue of the nxn influence matrix whose entries capture the influence between pairs of vertices (closely related to the covariance between the variables). In the first part of the monograph, we present results showing that spectral independence (and related techniques) imply fast mixing of simple Markov chains such as the Gibbs sampler. These proofs utilize local-to-global theorems which we will detail in this work. We focus on two applications: the hard-core model on independent sets of a …"
Zongchen Chen,https://scholar.google.com/citations?user=_pdhnmwAAAAJ&hl=en,_pdhnmwAAAAJ,Georgia Tech,958,"Randomized Algorithms, Discrete Probability, Machine Learning",https://sites.gatech.edu/zongchenchen/,Time lower bounds for the metropolis process and simulated annealing,1,2023,https://scholar.google.com/citations?view_op=view_citation&hl=en&user=_pdhnmwAAAAJ&pagesize=50&citation_for_view=_pdhnmwAAAAJ:RHpTSmoSYBkC,"The Metropolis process (MP) and Simulated Annealing (SA) are stochastic local search heuristics that are often used in solving combinatorial optimization problems. Despite significant interest, there are very few theoretical results regarding the quality of approximation obtained by MP and SA (with polynomially many iterations) for NP-hard optimization problems. We provide rigorous lower bounds for MP and SA with respect to the classical maximum independent set problem when the algorithms are initialized from the empty set. We establish the existence of a family of graphs for which both MP and SA fail to find approximate solutions in polynomial time. More specifically, we show that for any there are -vertex graphs for which the probability SA (when limited to polynomially many iterations) will approximate the optimal solution within ratio is exponentially small. Our lower bounds extend to graphs of constant average degree , illustrating the failure of MP to achieve an approximation ratio of in polynomial time. In some cases, our impossibility results also go beyond Simulated Annealing and apply even when the temperature is chosen adaptively. Finally, we prove time lower bounds when the inputs to these algorithms are bipartite graphs, and even trees, which are known to admit polynomial-time algorithms for the independent set problem."
Zongchen Chen,https://scholar.google.com/citations?user=_pdhnmwAAAAJ&hl=en,_pdhnmwAAAAJ,Georgia Tech,958,"Randomized Algorithms, Discrete Probability, Machine Learning",https://sites.gatech.edu/zongchenchen/,Influence Maximization in Ising Models,1,2023,https://scholar.google.com/citations?view_op=view_citation&hl=en&user=_pdhnmwAAAAJ&pagesize=50&citation_for_view=_pdhnmwAAAAJ:hC7cP41nSMkC,"Given a complex high-dimensional distribution over , what is the best way to increase the expected number of 's by controlling the values of only a small number of variables? Such a problem is known as influence maximization and has been widely studied in social networks, biology, and computer science. In this paper, we consider influence maximization on the Ising model which is a prototypical example of undirected graphical models and has wide applications in many real-world problems. We establish a sharp computational phase transition for influence maximization on sparse Ising models under a bounded budget: In the high-temperature regime, we give a linear-time algorithm for finding a small subset of variables and their values which achieve nearly optimal influence; In the low-temperature regime, we show that the influence maximization problem cannot be solved in polynomial time under commonly-believed complexity assumption. The critical temperature coincides with the tree uniqueness/non-uniqueness threshold for Ising models which is also a critical point for other computational problems including approximate sampling and counting."
Zongchen Chen,https://scholar.google.com/citations?user=_pdhnmwAAAAJ&hl=en,_pdhnmwAAAAJ,Georgia Tech,958,"Randomized Algorithms, Discrete Probability, Machine Learning",https://sites.gatech.edu/zongchenchen/,Subquadratic Counting via Perfect Marginal Sampling,0,2026,https://scholar.google.com/citations?view_op=view_citation&hl=en&user=_pdhnmwAAAAJ&pagesize=50&citation_for_view=_pdhnmwAAAAJ:TFP_iSt0sucC,"We study the computational complexity of approximately computing the partition function of a spin system. Techniques based on standard counting-to-sampling reductions yield -time algorithms, where is the size of the input graph. We present new counting algorithms that break the quadratic-time barrier in a wide range of settings. For example, for the hardcore model of -weighted independent sets in graphs of maximum degree , we obtain a -time approximate counting algorithm, for some constant , when the fugacity , improving over the previous regime of by Anand, Feng, Freifeld, Guo, and Wang (2025). Our results apply broadly to many other spin systems, such as the Ising model, hypergraph independent sets, and vertex colorings. Interestingly, our work reveals a deep connection between counting and marginal sampling. For two-spin systems such as the hardcore and Ising models, we show that the existence of perfect marginal samplers directly yields subquadratic counting algorithms in a fashion. For general spin systems, we show that almost all existing perfect marginal samplers can be adapted to produce a sufficiently low-variance marginal estimator in sublinear time, leading to subquadratic counting algorithms."
Zongchen Chen,https://scholar.google.com/citations?user=_pdhnmwAAAAJ&hl=en,_pdhnmwAAAAJ,Georgia Tech,958,"Randomized Algorithms, Discrete Probability, Machine Learning",https://sites.gatech.edu/zongchenchen/,On symmetric BIBDs with the same 3-concurrence,0,2017,https://scholar.google.com/citations?view_op=view_citation&hl=en&user=_pdhnmwAAAAJ&pagesize=50&citation_for_view=_pdhnmwAAAAJ:0EnyYjriUFMC,"In a symmetric balanced incomplete block design (SBIBD), every pair of points appears times among all blocks. In this paper, we study the 3-concurrence of an SBIBD, i.e., the number of times that each triple of points appears. We try to find two distinct SBIBDs whose 3-concurrences are exactly the same. Existence of such a pair would give a non-trivial tight relative 3-design on two shells in the binary Hamming association scheme H(n, 2). We prove that such pairs of designs do not exist when or the block size is at least . We also give criteria to check the existence of such pairs when the designs are given. For , our computational results show the non-existence of such pairs with only two cases left unknown: (45,12,3) and (71,15,3)."
